palabra,frecuencia
de,24459038
que,19102844
la,15403031
no,13845008
a,12810585
el,12100878
y,11309024
en,11051605
es,8013166
un,7265404
lo,6908748
por,6016577
los,5687850
una,5193925
se,5080634
con,4509652
qué,4351664
me,4302080
para,3894252
las,3687944
del,3505097
te,3154427
su,3109129
pero,2819996
si,2676145
está,2627414
mi,2589564
al,2500543
sí,2459145
como,2404116
bien,2176247
más,2165223
eso,2144243
yo,2083618
le,1845414
aquí,1691911
tu,1665803
todo,1544237
ha,1452267
ya,1389442
o,1386256
esto,1379826
muy,1294788
esta,1290741
ahora,1213835
así,1205977
cuando,1188601
hay,1179228
este,1144392
algo,1125191
estoy,1122710
vamos,1072351
él,1070567
ser,1052612
bueno,1039956
nos,1021380
sus,1011957
fue,1005240
tengo,986784
era,985658
nada,960184
tiene,954339
sé,946793
tú,946172
cómo,935449
vez,930765
estás,929301
sólo,912140
ella,911291
son,903809
hacer,890471
he,879341
porque,870759
todos,844860
puedo,825278
quiero,822885
gracias,803297
puede,792545
dos,784866
sin,773153
soy,772069
sobre,767724
ese,752181
estaba,730266
también,715468
tiempo,687892
tan,686387
entonces,685644
creo,683937
tienes,682238
casa,672896
usted,668917
esa,668819
voy,662485
sabes,647130
eres,641438
verdad,629489
hasta,626256
solo,622353
nunca,616936
años,611574
hace,609859
va,604495
hola,603263
mucho,599601
quién,596225
mejor,577793
vida,577140
decir,568965
mí,562903
dónde,560489
ni,555431
están,551731
favor,549447
señor,542633
hombre,540236
oh,536659
siempre,535920
ver,529254
uno,529067
quieres,524005
siento,521986
había,512587
dios,509312
has,507560
antes,506316
día,506052
desde,502267
tenemos,498611
poco,489944
cosas,484381
ti,483867
otra,482966
mismo,478580
han,478219
hecho,474909
alguien,470767
puedes,470464
ahí,456119
dijo,451371
estar,448651
entre,448607
noche,446359
trabajo,441225
ir,439955
después,433246
mis,429362
sea,421711
acuerdo,418814
otro,412548
parece,410169
donde,409601
ellos,408528
estamos,402058
mundo,399953
gente,399821
nosotros,398706
padre,396287
estado,392772
nadie,389461
tal,389345
les,380802
parte,377788
sido,376857
momento,376691
podría,369129
menos,367335
mira,366113
quiere,365883
fuera,365550
gran,364639
lugar,358565
hablar,357328
tener,350961
tenía,350059
tres,349324
nuevo,347157
pasa,339032
vas,336124
cada,334232
claro,331173
dinero,330904
madre,325343
mañana,324759
sr.,321637
tipo,318946
hoy,318874
días,318147
luego,316333
allí,313986
mujer,311563
nuestro,310353
tanto,308198
cosa,305321
sabe,305253
todas,302663
haciendo,298899
hijo,298154
dice,297048
seguro,296087
podemos,294383
debe,292452
espera,289591
vale,288283
será,287967
estas,285915
toda,283994
haber,283752
tus,283696
amigo,277532
nuestra,273824
buena,272089
aún,269890
quien,269688
estos,267930
nombre,264690
tienen,264360
veces,262197
mamá,258225
mal,255988
buen,255558
durante,252007
papá,251063
quería,249429
dije,249282
unos,249272
pasado,249247
forma,247915
gusta,246115
hizo,245925
caso,245252
contra,240888
tarde,240846
necesito,240791
oye,239741
alguna,238669
hemos,236016
cuenta,235082
visto,234626
conmigo,233733
mientras,233013
otros,231669
realmente,231221
hora,230432
problema,230258
crees,229737
año,229700
razón,229371
primera,228538
cierto,227632
saber,227254
dicho,225969
hacerlo,225440
mierda,224926
pues,223512
idea,222982
mío,220959
e,220351
aunque,220211
familia,215124
hacia,215122
amor,214016
esos,212421
pueden,212072
importa,211642
todavía,208416
personas,207355
policía,207069
casi,206579
contigo,206465
cualquier,206307
demasiado,205046
ven,203236
serio,202946
algún,199354
ve,198486
nueva,197917
eh,196607
lado,196477
manera,195856
cabeza,195520
hombres,194191
historia,193715
dentro,190519
sería,188040
salir,188038
debería,186785
van,186422
ciudad,185759
ustedes,184390
muchas,183573
poder,182146
algunos,181159
amigos,181053
chica,179295
mayor,177873
sabía,175312
chicos,174510
hermano,174414
esas,174267
primer,174056
país,173107
vaya,172489
agua,172356
misma,171495
veo,171364
haces,170177
camino,169922
persona,169741
iba,169636
realidad,168677
fin,168510
importante,167574
primero,167530
digo,166604
horas,166262
semana,165909
puerta,165036
somos,164983
pensé,164934
bajo,164484
muerte,164398
problemas,163433
punto,163199
ah,163190
pasó,162454
quizá,162117
buenas,161279
supuesto,161065
cuatro,160375
da,159390
mano,159322
niños,159305
volver,157907
además,157835
señora,157598
cariño,157329
ayuda,157073
ojos,156143
cinco,155815
pasar,155741
general,155361
pronto,155069
debo,154548
minutos,153924
sino,153281
gobierno,153247
manos,152657
presidente,152440
muerto,152117
muchos,151773
chico,150641
guerra,150278
hice,150151
incluso,149589
medio,149551
cuál,149002
hablando,147959
adiós,147325
siquiera,147214
genial,146594
fueron,146401
ello,145509
rápido,145063
equipo,144798
dejar,144278
significa,144035
jefe,143984
millones,143875
suerte,143636
otras,143352
ayer,143323
cuerpo,142880
llegar,142773
mujeres,141630
posible,141531
según,141086
nuestros,140807
quizás,140555
tierra,140549
único,140434
hija,140247
ninguna,140049
final,139803
cara,139709
niño,139669
supongo,138657
juntos,138569
algunas,138298
entiendo,138296
número,138168
ningún,138155
deja,138097
ves,137917
tío,137775
cerca,137185
corazón,137016
miedo,136673
buenos,135945
eran,135785
haya,135257
hubiera,135227
feliz,134886
unas,134608
espero,134308
igual,134222
viene,134025
meses,133712
sigue,133344
dar,133102
podía,132930
última,132602
difícil,132094
os,131791
venir,131556
vi,131170
viejo,130961
bastante,129919
tomar,129675
gustaría,129585
cuánto,129281
encontrar,129194
adelante,129092
justo,127679
sentido,127245
esposa,126847
segundo,126392
grande,125939
allá,125797
clase,125560
cual,124597
ante,124416
juego,123963
tenido,123709
pensar,122575
pueda,122548
hey,122545
doctor,122517
grupo,122028
cuidado,121613
suficiente,121520
sangre,120642
pequeño,120593
dijiste,120417
trata,119650
haré,119359
último,119291
frente,118840
grandes,118548
venga,118329
llama,117751
noches,117749
toma,117736
necesita,117516
debes,117004
arriba,116339
vuelta,116050
coche,115283
tampoco,114609
trabajar,114099
cuándo,113793
fuerte,113054
seguridad,112861
mas,111983
entrar,111610
vivir,111446
escucha,111246
déjame,111119
pueblo,110890
hijos,110015
joven,109943
cuanto,109716
hago,109515
escuela,109447
tras,109409
cree,109380
cambio,108920
luz,108503
oportunidad,108478
fui,107891
sistema,107860
embargo,107758
teléfono,107525
dices,107034
seis,106876
alto,106802
habla,106620
fiesta,106187
loco,105913
atrás,105663
debemos,105402
pregunta,105358
hacen,105315
seguir,104984
quieren,104978
dio,104868
paso,104786
falta,104348
fácil,104304
ido,104001
padres,103930
vino,103897
hiciste,103778
estaban,103610
situación,103446
abajo,103283
única,102884
siendo,102733
modo,102519
información,102513
dólares,102258
esté,102017
hermana,101162
tuvo,100620
dado,100541
música,100209
paz,100159
culpa,100086
queda,99750
real,99733
auto,99696
palabra,99679
deberías,99624
sola,99591
derecho,99103
lista,99093
partido,98783
orden,98419
exactamente,98103
nacional,97832
listo,97811
comida,97638
necesitamos,97624
habría,97608
libro,97501
capitán,97498
diciendo,97488
comer,97387
sabemos,96930
lejos,96430
pasando,96380
morir,96325
haga,96236
puesto,96203
calle,96005
dicen,95693
estabas,95588
par,95417
vete,95198
política,95063
malo,94881
habitación,94593
probablemente,94355
estuvo,94320
éste,94130
plan,93919
especial,93698
palabras,93575
pequeña,93405
ok,92530
creer,92453
relación,92441
chicas,92341
ley,91988
bebé,91942
pensando,91862
conozco,91817
simplemente,91798
acerca,91649
diez,91543
esperar,91507
través,91507
tuve,91480
centro,91320
largo,91148
buscando,90780
cama,90769
nuestras,90475
recuerdo,89726
rey,89710
españa,89245
voz,88556
dame,88513
demás,88434
sra.,88400
saben,88320
mil,88198
lleva,87354
tenga,86947
necesitas,86587
conseguir,86568
amo,86373
propia,86122
dime,85896
propio,85823
sitio,85812
resto,85118
oficina,85097
libre,85061
segura,85025
peor,84837
estará,84648
poner,84462
fuerza,84398
marido,84318
arma,83893
puta,83640
oído,83399
llevar,83244
podrías,83204
ejemplo,83157
mucha,82823
control,82698
esperando,82683
atención,82391
don,82202
fuego,82127
llamado,81962
madrid,81548
viaje,81501
dormir,81384
cuarto,81311
dr.,81308
siguiente,81191
matar,81188
habían,81143
hagas,81124
ambos,81094
habrá,80772
perdido,80772
prueba,80706
futuro,80546
campo,80389
deben,80305
hospital,80139
di,79843
ellas,79527
vivo,79235
piensa,79176
semanas,78903
edad,78894
ayudar,78887
venido,78846
murió,78814
película,78746
san,78454
maldita,78300
preocupes,77900
estados,77690
niña,77659
vista,77413
junto,77315
correcto,77124
llamar,76992
basta,76950
john,76877
aire,76848
encima,76632
cielo,76625
iré,76578
buscar,76470
programa,76383
personal,76349
café,76267
detrás,75904
público,75548
minuto,75529
director,75524
llegó,75408
demonios,75100
pienso,74926
verte,74715
acaba,74616
boca,74341
diga,74285
anoche,74140
vuelve,73971
dirección,73937
llamada,73881
ud.,73708
servicio,73676
ésta,73379
idiota,73201
jugar,73018
mala,73012
social,72800
médico,72630
mes,72606
obra,72583
asunto,72466
perder,72268
dejó,72262
armas,71938
duro,71929
querido,71689
preguntas,71395
queremos,71159
perdón,71136
deberíamos,70848
pie,70846
mayoría,70801
unidos,70669
segunda,70555
empezar,70454
mía,70219
digas,70106
hacemos,70083
perro,69856
señorita,69817
ropa,69754
hacía,69106
papel,68964
sueño,68900
oficial,68865
extraño,68852
negro,68761
jamás,68529
hará,68452
afuera,68391
sol,68390
media,68290
diablos,68187
necesario,67901
noticias,67796
increíble,67735
josé,67679
principio,67631
respuesta,67604
llegado,67586
universidad,67567
maldito,67565
juan,67487
vemos,67350
haría,67342
compañía,67020
cambiar,67004
dolor,66968
mesa,66967
mensaje,66962
nivel,66938
pudo,66937
s,66762
decisión,66696
línea,66679
diferente,66656
aquel,66537
libertad,66531
alrededor,66406
vio,66090
mitad,66022
i,65961
espacio,65958
respecto,65919
pena,65890
trabajando,65886
agente,65861
the,65847
sexo,65844
sociedad,65709
salud,65646
investigación,65466
suena,65457
proceso,65410
aqui,65334
encontrado,65323
tratando,65310
usar,65091
trato,64971
querida,64873
siete,64652
blanco,64565
supone,64481
raro,64457
consejo,64414
diré,64158
zona,64152
jack,64138
últimos,64105
error,64030
mejores,63952
hubo,63942
perfecto,63930
tema,63844
reunión,63826
piensas,63798
york,63796
sucede,63457
podríamos,63447
carta,63370
secreto,63056
siente,62736
gusto,62509
decía,62440
irme,62112
ganar,62044
base,62000
odio,61995
decirle,61976
ocurre,61874
sean,61871
maría,61851
suelo,61812
hotel,61623
silencio,61571
daño,61519
amiga,61474
pobre,61416
partir,61245
asesino,61144
entiendes,61096
encuentra,61074
quieras,60870
fondo,60767
pensaba,60669
existe,60653
srta.,60636
darle,60442
dan,60427
baño,60266
carrera,60210
conoces,60204
acción,60170
duda,59966
vuelto,59500
partes,59392
interior,59177
tendrá,59087
imposible,59076
pagar,59043
mente,58989
divertido,58846
sala,58646
acabo,58517
negocio,58419
apenas,58409
ocho,58342
próxima,58325
ejército,58190
mar,58171
estaré,58121
cita,57980
pelo,57970
abogado,57897
diferentes,57850
conoce,57779
recuerda,57585
asesinato,57535
recuerdas,57496
vive,57478
ay,57381
energía,57238
banco,57221
arte,57176
empresa,57159
foto,57106
normal,57082
seas,56992
casos,56953
novia,56941
totalmente,56910
países,56865
izquierda,56861
conocer,56739
proyecto,56723
estaría,56635
cámara,56568
causa,56562
estábamos,56560
cállate,56478
capaz,56466
pesar,56418
iglesia,56401
parecía,56375
pruebas,56363
derecha,56311
siglo,56291
mantener,56275
ministro,56243
uh,56143
sentir,55919
salvo,55865
baja,55840
quienes,55826
dejado,55336
hicieron,55234
caja,55185
profesor,55145
estuve,55083
cargo,54985
opinión,54936
club,54719
verlo,54712
decirte,54567
encontré,54470
desarrollo,54450
haz,54450
aquella,54411
accidente,54225
quiera,54110
carlos,54089
terminado,53975
mercado,53915
sam,53909
próximo,53862
total,53811
sal,53801
varios,53621
pase,53551
cualquiera,53493
david,53464
oro,53311
encuentro,53276
valor,53140
cena,53130
deseo,53126
funciona,53066
comprar,53019
posición,53003
estudio,52883
movimiento,52793
finalmente,52747
mire,52727
nuevos,52724
salió,52694
hambre,52662
completamente,52573
encanta,52538
formas,52506
norte,52492
aun,52225
adónde,52217
dile,52136
lamento,51955
experiencia,51912
debido,51896
loca,51853
tuyo,51744
m,51720
llega,51719
vosotros,51673
alta,51423
fuiste,51383
tipos,51295
contacto,51255
alma,51181
tranquilo,51168
dijeron,51125
color,50895
justicia,50882
placer,50874
disculpe,50856
mató,50823
radio,50587
busca,50569
muertos,50556
pone,50497
imagen,50448
especie,50342
pudiera,50340
ex,50298
llamo,50269
puso,50269
entra,50268
montón,50264
cárcel,50253
tienda,50212
corte,50170
carne,50158
éxito,50141
conocido,50139
muchacho,50034
viste,50008
peligro,49913
principal,49850
delante,49847
interesante,49824
sale,49753
pude,49743
común,49701
hablas,49687
creí,49603
barco,49422
sientes,49414
pies,49391
tenías,49330
bonito,49168
traje,49132
sur,49109
ataque,49022
entendido,49010
quisiera,49009
michael,48991
podrían,48930
maestro,48862
jóvenes,48791
posibilidad,48715
escuchar,48714
terminar,48616
diferencia,48606
escena,48540
humano,48517
caballeros,48483
departamento,48446
datos,48355
defensa,48319
evitar,48318
negocios,48194
simple,48192
eras,47998
objetivo,47978
cabo,47857
verdadero,47746
abuela,47717
prensa,47716
novio,47629
canción,47622
llamó,47557
haremos,47539
rato,47511
gustan,47460
juicio,47442
estúpido,47397
tonto,47396
puntos,47395
relaciones,47299
cine,47268
aquellos,47213
tenían,47201
asi,47021
río,47018
joe,46817
uso,46786
condiciones,46687
muchachos,46644
especialmente,46591
destino,46568
frank,46559
serie,46534
juez,46505
george,46503
quédate,46480
nuevas,46471
fuerzas,46468
entender,46448
fotos,46386
contrario,46378
avión,46337
hermosa,46280
matrimonio,46199
ninguno,46196
serán,46117
televisión,46067
cocina,46022
edificio,45999
tiempos,45969
mismos,45938
dulce,45937
frío,45919
vieja,45898
sorpresa,45846
boda,45837
libros,45749
marcha,45689
prisa,45685
intento,45681
piso,45664
charlie,45577
interés,45508
precio,45490
luis,45446
acabó,45438
c,45392
salida,45378
acá,45353
terrible,45165
primeros,45047
tom,45033
humanos,44973
época,44962
llevo,44932
luna,44909
cuestión,44896
resulta,44850
volvió,44816
presencia,44766
entrada,44764
cumpleaños,44704
informe,44643
central,44599
efecto,44514
encontramos,44474
europa,44467
esperaba,44452
culo,44420
muerta,44410
mirando,44310
miembros,44308
llevó,44299
tren,44180
decirme,44179
abre,44162
necesidad,44151
muestra,44072
caballo,44032
diría,44026
naturaleza,43924
triste,43823
presente,43774
intentando,43756
jesús,43709
tía,43702
teniente,43673
reina,43630
honor,43605
resultados,43598
cantidad,43578
español,43471
apoyo,43419
regalo,43403
tengas,43398
méxico,43302
misión,43280
carajo,43273
horrible,43238
lucha,43146
paciente,43003
crimen,42966
tendrás,42905
estés,42900
broma,42893
podido,42890
anda,42855
santa,42849
espere,42737
vestido,42730
vienen,42724
militar,42720
navidad,42715
cerebro,42651
drogas,42649
sacar,42574
ciento,42572
tendría,42473
metros,42430
permiso,42406
amable,42364
menor,42338
resultado,42227
das,42212
varias,42193
detective,42163
víctima,42110
mike,42068
debía,42007
basura,41920
señal,41910
abuelo,41903
ocurrió,41886
segundos,41874
temo,41839
esposo,41766
mirar,41758
estilo,41724
nave,41667
internacional,41642
vámonos,41592
respeto,41559
maldición,41520
siéntate,41511
pensado,41426
medios,41311
io,41291
locura,41264
juro,41257
prisión,41250
encontró,41202
viendo,41186
servicios,41053
parís,41040
anterior,41035
momentos,40956
escribir,40871
prometo,40861
pidió,40855
antonio,40828
vidas,40808
miles,40806
bar,40762
querías,40682
trabaja,40659
ventana,40577
permite,40553
político,40533
memoria,40515
animales,40462
enfermedad,40400
quedó,40360
pocos,40336
ten,40319
américa,40275
infierno,40258
piel,40254
doble,40140
caliente,40079
comunidad,40054
cambiado,40052
saberlo,40017
flores,39993
tendremos,39981
gracioso,39973
contar,39907
larga,39863
vayas,39835
guardia,39820
creía,39775
visita,39773
regresar,39772
debajo,39744
podrá,39718
natural,39716
enseguida,39710
teatro,39692
tratar,39683
oír,39621
mundial,39616
riesgo,39607
leer,39583
inteligente,39552
parecer,39535
nueve,39530
espalda,39528
estuviera,39511
operación,39496
coronel,39459
compañero,39443
tuya,39439
doy,39424
verano,39383
maravilloso,39329
derechos,39328
ideas,39298
esperanza,39296
adentro,39265
sucedió,39256
vine,39244
hechos,39207
baile,39176
francia,39150
creen,39149
blanca,39141
golpe,39121
educación,39106
empezó,39067
tendré,39060
hermanos,39056
pedir,39028
santo,38944
dale,38932
llamas,38899
beber,38861
viva,38802
peter,38760
agradable,38693
hicimos,38617
julio,38610
domingo,38593
disculpa,38585
isla,38568
azul,38458
pregunto,38421
excelente,38405
completo,38401
paul,38358
victoria,38283
obras,38219
hablado,38193
medida,38171
hazlo,38133
alegro,38121
deje,38101
regreso,38057
trae,38050
nota,38031
lleno,38004
importantes,37941
temprano,37889
superior,37885
hogar,37860
miren,37822
planeta,37814
veras,37715
actual,37694
producción,37688
solamente,37686
cultura,37640
unidad,37608
motivo,37561
capital,37556
hermoso,37537
estación,37439
banda,37376
comisión,37368
dando,37363
modos,37296
cerveza,37224
salvar,37216
bolsa,37209
espíritu,37197
confianza,37142
necesitan,37108
hablo,37063
presión,37027
tomó,37008
cliente,36869
abrir,36866
cuántos,36855
sueños,36818
irse,36800
rojo,36792
enfermo,36777
londres,36761
calor,36747
crisis,36735
estrella,36729
ojo,36599
escrito,36581
pareja,36558
diario,36553
lindo,36540
órdenes,36518
peso,36473
importancia,36416
red,36400
hablamos,36384
acto,36368
ése,36324
d,36242
cartas,36241
max,36232
acaso,36211
grupos,36200
peligroso,36177
vuelva,36122
asuntos,36029
nombres,35947
verás,35880
listos,35879
solía,35807
brazos,35800
teniendo,35790
pista,35784
área,35755
sargento,35732
linda,35701
empieza,35677
actividad,35675
james,35666
organización,35649
calma,35639
pequeños,35607
pesetas,35601
excepto,35573
b,35539
suyo,35532
té,35517
ganas,35469
pelea,35468
cenar,35428
capacidad,35420
popular,35368
enorme,35350
teníamos,35272
propósito,35260
bonita,35252
puedas,35242
lee,35241
cuello,35216
brazo,35160
sabías,35156
mirada,35146
daré,35142
obtener,35136
porqué,35120
llave,35092
población,35078
copa,35003
ayudarte,34974
recordar,34810
quise,34787
modelo,34746
rico,34740
reglas,34728
aprender,34717
responsable,34685
calidad,34640
fe,34633
local,34631
quedar,34569
española,34513
leche,34506
empresas,34453
inglés,34424
quedan,34410
piernas,34402
joder,34391
profesional,34365
sector,34334
comandante,34328
costa,34307
pública,34235
noticia,34183
harás,34178
parar,34143
ben,34134
pan,34096
alguno,34029
distancia,33999
humana,33968
lugares,33912
recursos,33878
estudios,33863
definitivamente,33854
fiscal,33845
corre,33811
podamos,33781
soldados,33756
veremos,33747
necesitaba,33740
veré,33728
zapatos,33689
equivocado,33677
veamos,33636
acciones,33571
familiar,33520
perra,33483
comenzó,33482
planes,33477
dieron,33462
razones,33428
parecen,33408
casas,33396
opción,33352
carácter,33329
inmediatamente,33292
caer,33217
máquina,33168
cuentas,33122
figura,33083
líder,33036
intentar,33032
elección,33027
vienes,33026
batalla,33009
aspecto,32989
voluntad,32931
trasero,32896
colegio,32894
henry,32894
llaman,32892
tocar,32852
vuelo,32844
ocupado,32813
apuesto,32799
verme,32788
tratamiento,32764
depende,32763
decirlo,32726
llena,32712
diablo,32684
dejé,32658
fútbol,32650
viernes,32619
ganado,32604
civil,32600
jugando,32570
enemigo,32313
francisco,32287
verde,32210
luces,32196
grave,32190
irnos,32174
campaña,32160
correr,32147
culpable,32100
entiende,32085
fecha,32079
mediante,32079
sociales,32046
tribunal,32020
pedido,32004
bomba,31994
volveré,31970
cuales,31966
darme,31909
artículo,31899
absolutamente,31886
mary,31878
análisis,31872
sepa,31866
absoluto,31863
vos,31832
velocidad,31829
conversación,31822
duele,31802
bailar,31771
pasada,31755
seré,31745
tanta,31742
tuviera,31723
usa,31721
verla,31709
iremos,31686
directamente,31621
escúchame,31610
tomado,31609
decidido,31595
clases,31534
llevaba,31531
películas,31530
acceso,31490
teoría,31470
terminó,31465
responsabilidad,31443
barcelona,31428
ciencia,31392
puertas,31344
tí,31308
sentimientos,31306
economía,31295
congreso,31292
comunicación,31281
habéis,31231
preocupa,31224
tuvimos,31220
intenta,31203
políticos,31194
preparado,31168
menudo,31164
vea,31151
hacerle,31082
objeto,31070
calles,31068
estrellas,31030
unión,30989
bill,30988
harry,30970
cierta,30967
fuente,30960
repente,30948
tarjeta,30937
pacientes,30932
confiar,30918
acabado,30872
conocimiento,30815
pistola,30809
mayores,30726
oí,30711
señores,30699
acabar,30678
sirve,30657
suya,30627
solución,30624
abierto,30595
hagan,30570
sonido,30526
vayan,30501
instituto,30499
premio,30487
mentira,30482
clientes,30462
precisamente,30441
tercera,30437
sigo,30412
cielos,30403
salido,30403
probar,30388
nena,30386
viento,30367
darte,30345
vistazo,30338
pedro,30323
ojalá,30318
vacaciones,30308
dejes,30305
sigues,30287
llegue,30271
propiedad,30257
crear,30247
hacerte,30235
molesta,30199
matado,30195
majestad,30175
viejos,30166
hubiese,30164
intención,30143
cambios,30127
bosque,30121
lengua,30120
parque,30116
apartamento,30055
traer,30041
material,30022
ama,29998
alcalde,29992
hayas,29987
elecciones,29986
existen,29901
rosa,29874
llevas,29870
irá,29813
brillante,29812
interesa,29801
verdadera,29800
código,29783
ruido,29783
propios,29776
t,29776
compañeros,29774
violencia,29758
u,29719
cierra,29715
animal,29625
seguramente,29624
recibir,29572
ambiente,29514
curso,29501
ministerio,29495
conjunto,29491
secretario,29489
alegra,29474
vuelvo,29427
you,29420
tantos,29409
francés,29406
tomando,29397
estén,29396
estarás,29377
toca,29332
dientes,29324
aparece,29266
inmediato,29262
espectáculo,29240
esfuerzo,29227
sentía,29134
bob,29128
fuimos,29120
actitud,29115
testigo,29081
papa,29078
tome,29074
miguel,29070
traído,29044
conciencia,29043
laboratorio,29032
perdió,29019
perdona,29015
jimmy,28967
función,28966
escapar,28964
oferta,28955
millón,28951
deberían,28931
contrato,28898
rostro,28874
conocí,28850
irte,28846
productos,28824
alex,28799
pared,28796
estáis,28773
subir,28743
piedra,28735
quedarse,28732
quedarme,28724
etc,28692
bienvenido,28691
kilómetros,28668
árbol,28666
tercer,28661
siguen,28642
perros,28633
obviamente,28625
ia,28591
jim,28554
plaza,28551
cayó,28550
olvidado,28536
haberlo,28511
marca,28496
puedan,28490
detalles,28471
carga,28468
exacto,28456
belleza,28434
policías,28301
dejo,28283
visión,28279
príncipe,28269
n,28252
ambas,28244
trabajadores,28242
tony,28199
tantas,28197
medicina,28195
despierta,28177
sábado,28177
ocasión,28172
protección,28144
administración,28135
fuentes,28130
estaremos,28129
vender,28112
temporada,28090
cuya,28059
aceptar,28058
inocente,28052
lunes,28014
universo,27976
reloj,27890
sentado,27886
juegos,27880
quedado,27862
llamaré,27849
pareces,27822
grado,27792
abierta,27781
pido,27776
sensación,27766
turno,27748
cuyo,27743
existencia,27734
querer,27718
escenario,27683
refiero,27665
escuché,27633
salga,27631
puente,27620
playa,27604
silla,27569
daniel,27533
caballero,27496
restaurante,27483
origen,27479
comienza,27477
quiso,27473
puerto,27460
vuestra,27412
discurso,27407
médicos,27405
búsqueda,27400
periódico,27374
dedos,27369
danny,27363
soldado,27356
víctimas,27341
agentes,27331
empleo,27323
miembro,27319
serás,27313
perdí,27273
usando,27272
clara,27263
posibilidades,27249
recibido,27249
hacerme,27207
imbécil,27178
pantalones,27156
nick,27154
dejaré,27139
tamaño,27137
pago,27068
bromeando,27062
steve,27048
efectos,27041
sexual,26994
llevado,26976
económica,26960
particular,26955
beso,26948
título,26925
gonzález,26920
casado,26909
privado,26901
negra,26872
mando,26845
actividades,26843
iban,26827
fantástico,26819
bajar,26818
práctica,26816
tranquila,26787
tengan,26783
gana,26769
luchar,26762
ayudarme,26752
dama,26743
cien,26723
pérdida,26709
antiguo,26694
autoridades,26651
llevan,26625
gato,26602
exterior,26589
evidencia,26572
elementos,26554
directo,26508
medidas,26500
actuar,26485
cuántas,26446
washington,26427
caminar,26412
recién,26397
quiénes,26391
ridículo,26372
embarazada,26367
declaración,26358
historias,26350
cansado,26343
ésa,26328
partidos,26327
damas,26317
construcción,26301
dura,26297
habías,26295
comienzo,26262
corriendo,26250
sentí,26249
déjalo,26238
héroe,26233
jardín,26233
muere,26231
sarah,26229
nervioso,26211
desea,26195
conseguido,26179
preocupado,26162
autor,26155
richard,26149
pintura,26145
p,26135
inglaterra,26105
república,26092
asiento,26070
cuadro,26067
extraña,26055
come,26022
china,26017
últimas,26017
llorar,25999
garcía,25990
perfectamente,25965
tarea,25959
manuel,25951
dispuesto,25949
conocía,25939
preguntar,25926
gay,25925
paseo,25904
imágenes,25892
realizar,25891
taxi,25882
habló,25870
robert,25868
humor,25814
estudiantes,25783
llaves,25781
debió,25775
hayan,25760
malas,25760
saliendo,25736
roma,25729
entró,25715
carretera,25705
fuese,25704
amenaza,25703
trampa,25703
huevos,25696
camión,25695
leyes,25670
suficientemente,25658
preguntó,25646
oficiales,25644
vuestro,25637
veinte,25615
fbi,25605
prefiero,25599
oscuro,25592
encontraron,25544
trabajos,25537
volverá,25537
veía,25534
resolver,25497
herido,25488
llegamos,25471
palacio,25469
hielo,25466
jane,25458
emergencia,25438
estupendo,25424
llamadas,25415
venta,25398
máximo,25365
tiro,25365
gustaba,25359
vía,25308
descanso,25293
ocurrido,25293
botella,25273
tecnología,25232
entrevista,25224
johnny,25193
trago,25192
ángel,25187
internet,25084
explicar,25080
pequeñas,25078
producto,25077
um,25063
mayo,25046
expresión,25018
cantar,25010
marco,24999
texto,24999
nariz,24976
averiguar,24936
sujeto,24931
volar,24884
ritmo,24878
condición,24875
esperen,24871
anillo,24860
caballos,24857
bienvenida,24856
felices,24847
pocas,24794
perfecta,24792
barrio,24790
encuentran,24790
cruz,24784
daba,24749
pecho,24692
pasará,24676
cuesta,24662
estarán,24610
región,24594
revolución,24541
desastre,24531
oiga,24514
tommy,24495
firma,24466
planta,24456
familias,24438
dejas,24436
cuerpos,24367
solos,24359
cerrar,24336
echar,24315
cabello,24306
original,24304
pierna,24296
roja,24280
vendrá,24275
coger,24238
termina,24237
vergüenza,24228
alcohol,24226
estructura,24226
materia,24216
ayúdame,24205
estuviste,24188
ray,24185
claramente,24184
principios,24180
polvo,24156
nación,24153
altura,24145
hiciera,24124
oeste,24124
continuar,24116
yendo,24104
intereses,24097
billy,24080
felicidad,24073
vecinos,24072
valores,24031
formación,24027
locos,24026
convertido,24003
cuento,24003
llame,23980
alemania,23939
equipos,23930
aparte,23908
españoles,23896
papeles,23896
huellas,23894
mismas,23877
crédito,23857
dueño,23854
plata,23849
hacerse,23846
refieres,23842
pensó,23840
oscuridad,23834
tratado,23834
robo,23822
elegir,23821
encantaría,23812
encantado,23808
seguros,23802
cuchillo,23799
nosotras,23783
junta,23778
comenzar,23769
roto,23767
coño,23744
presenta,23743
verá,23719
artista,23702
jurado,23702
salón,23681
militares,23679
viviendo,23671
temas,23662
olvidar,23659
colega,23645
industria,23634
recuerdos,23633
ibas,23630
quede,23612
mark,23610
sospechoso,23604
cálmate,23598
llevaré,23584
pasos,23583
primeras,23577
plazo,23571
gas,23553
bebe,23548
secretos,23541
vayamos,23518
sube,23517
desaparecido,23510
técnica,23506
vengan,23499
envió,23486
arreglar,23469
hagamos,23462
tuvieron,23456
principales,23446
fuertes,23441
cumplir,23440
antigua,23439
mantiene,23426
terreno,23409
inspector,23392
corriente,23382
propias,23382
clave,23370
pide,23360
vengo,23346
dará,23343
habido,23309
revista,23283
lograr,23246
romper,23212
compromiso,23211
corto,23187
dé,23172
pareció,23170
gloria,23166
comité,23161
pedí,23157
continúa,23131
registro,23130
puse,23121
políticas,23104
merece,23077
profundo,23054
comercial,23017
cerrado,22989
proteger,22972
crecimiento,22967
inteligencia,22939
aquello,22923
magia,22913
económico,22896
madera,22886
tendrán,22883
herida,22870
conducir,22866
lluvia,22856
detente,22851
cadena,22848
llegaron,22842
and,22816
sois,22815
princesa,22807
sistemas,22803
hable,22748
cambia,22725
lenguaje,22705
gracia,22694
show,22693
dedo,22687
trajo,22667
líneas,22660
normalmente,22640
eddie,22639
sabido,22612
recuperar,22582
completa,22564
octubre,22535
autobús,22533
aumento,22516
números,22506
tuviste,22480
disco,22472
pensamiento,22454
circunstancias,22442
correo,22417
programas,22400
período,22399
bala,22368
negros,22368
vacío,22364
diciembre,22362
propuesta,22354
descubrir,22328
montaña,22318
chris,22310
llegué,22293
enferma,22287
junio,22283
reino,22269
pobres,22252
legal,22248
siga,22246
aeropuerto,22244
física,22224
cáncer,22219
escuche,22215
alemán,22206
papi,22205
refiere,22202
alegría,22170
ángeles,22168
construir,22164
hablaba,22139
olor,22134
señoría,22128
orgulloso,22121
versión,22114
cuidar,22111
abril,22104
paga,22057
dejarlo,22056
mírame,22055
tonterías,22055
ejercicio,22046
monstruo,22043
creación,22042
malos,22039
federal,22037
llamaba,22015
enero,22002
quedarte,21980
tardes,21979
supe,21976
despacio,21970
competencia,21963
superficie,21933
débil,21918
rápidamente,21905
seres,21902
labios,21891
enviado,21890
rayos,21866
déjeme,21862
debí,21853
lleve,21822
will,21817
decisiones,21815
considera,21812
cerdo,21809
comportamiento,21806
perdone,21794
borracho,21778
identidad,21774
argentina,21767
martin,21752
estúpida,21743
recibió,21739
asesinado,21736
participación,21735
bella,21729
tenéis,21728
enamorado,21726
preocupe,21721
entero,21716
pelear,21650
sombrero,21640
doce,21638
personaje,21635
digamos,21605
últimamente,21591
haberte,21559
contó,21557
página,21543
escribió,21490
contento,21480
in,21475
moral,21465
parecido,21441
tv,21422
asociación,21411
probable,21408
deber,21407
éramos,21405
tráfico,21402
pertenece,21396
oigan,21335
sonrisa,21331
estan,21324
tales,21312
pollo,21300
ocasiones,21299
ponga,21278
consecuencia,21276
espada,21273
ryan,21263
consiguió,21249
trataba,21247
audiencia,21211
charles,21185
cargos,21168
régimen,21164
decidió,21153
venía,21135
necesitar,21119
inútil,21112
errores,21110
examen,21108
fantasma,21093
fernando,21090
produce,21085
podrás,21083
leo,21075
entrenador,21059
términos,21056
limpio,21043
comercio,21037
dormido,21025
adn,21017
conocerte,21012
almuerzo,21007
corta,21007
distintos,21005
estudiar,21002
septiembre,20998
g,20980
queso,20968
regresa,20968
movimientos,20959
harán,20955
italia,20941
canal,20938
cadáver,20932
techo,20904
uds.,20900
consigue,20877
escuchado,20862
castillo,20860
pieza,20858
gobernador,20844
territorio,20834
especiales,20832
esquina,20823
etapa,20807
martes,20791
ciudadanos,20777
treinta,20771
autoridad,20744
dejaste,20742
hablé,20737
acabas,20715
democracia,20714
cinta,20709
documentos,20706
robar,20689
poniendo,20684
podremos,20677
olvídalo,20674
árboles,20670
responder,20645
cuba,20628
video,20622
metido,20616
viven,20605
enviar,20599
enemigos,20590
frecuencia,20586
capítulo,20566
demanda,20557
votos,20556
fría,20540
bobby,20527
jueves,20517
testigos,20500
agradezco,20470
aceite,20465
lástima,20454
piensan,20453
ayude,20438
pablo,20427
lados,20403
acuerdas,20357
tono,20334
demonio,20332
talento,20301
novela,20296
explica,20286
concepto,20275
niñas,20264
gratis,20243
jake,20243
cámaras,20241
ei,20235
azúcar,20223
privada,20222
agencia,20213
compra,20209
primo,20204
mata,20199
conferencia,20189
amante,20186
imagino,20181
tierras,20181
creemos,20179
museo,20176
cientos,20169
americano,20166
niveles,20151
sombra,20148
desayuno,20138
fortuna,20123
actuación,20098
fondos,20094
famoso,20091
diste,20090
impresionante,20082
sienta,20063
tomé,20053
marzo,20047
amistad,20036
podré,20034
bienvenidos,20022
contenido,20021
querían,20000
convierte,19997
amy,19974
intentado,19972
moda,19958
impresión,19957
sepas,19937
vieron,19934
camisa,19926
prácticamente,19913
distintas,19912
perdiendo,19901
l,19894
hubieras,19860
operaciones,19859
ciudades,19858
entrega,19857
recoger,19838
saca,19820
puto,19816
apareció,19803
droga,19794
éstos,19792
of,19790
date,19785
notas,19782
transporte,19779
descansar,19774
cultural,19773
cae,19772
cura,19770
actor,19759
confía,19755
presentar,19746
consecuencias,19737
dra.,19714
jugadores,19695
controlar,19694
preciosa,19681
manejar,19679
agujero,19664
india,19662
despacho,19659
desapareció,19647
llevará,19634
to,19625
hablan,19624
campamento,19606
escuchando,19606
firme,19604
noviembre,19592
toque,19581
dejan,19573
fueran,19573
sr,19573
pon,19567
querría,19567
funcionar,19564
respuestas,19539
pasé,19508
ii,19497
aspectos,19485
actualmente,19471
invitado,19468
mensajes,19466
siguientes,19459
genio,19455
aventura,19451
adam,19429
conde,19381
enfermera,19379
espejo,19371
conocemos,19368
convirtió,19366
llamé,19358
mostrar,19349
zonas,19333
humanidad,19324
motor,19322
valiente,19320
características,19313
detener,19308
pasan,19298
podían,19296
compartir,19293
discutir,19292
reales,19291
plato,19287
útil,19287
r,19265
deuda,19259
seguido,19227
sección,19211
thomas,19209
ahi,19204
mueve,19204
utilizar,19200
servir,19198
huele,19195
ventaja,19167
tonta,19153
siguiendo,19142
ponte,19124
jugador,19122
aguas,19120
kevin,19119
chile,19113
gordo,19109
entera,19089
criminal,19061
creerlo,19059
gira,19054
dejando,19050
voto,19049
quedo,19047
conexión,19041
cuáles,19041
felipe,19027
contado,19012
limpiar,19009
crea,19002
leído,18987
dudas,18965
león,18963
familiares,18948
amas,18937
lago,18934
canciones,18933
llamando,18928
instante,18911
conocen,18900
gustó,18896
finales,18890
brian,18880
precios,18878
vaso,18860
efectivo,18845
colores,18826
pastel,18818
llámame,18798
mintiendo,18759
eric,18744
combate,18715
cero,18713
mr,18696
reacción,18692
huesos,18691
invierno,18690
agosto,18687
imaginar,18687
marina,18670
juntas,18668
mapa,18659
intentó,18643
alcanzar,18633
aparentemente,18618
poderes,18618
cola,18600
dígame,18597
mínimo,18595
venganza,18595
europea,18592
falso,18569
libres,18530
igualmente,18521
profesionales,18518
sesión,18515
consumo,18513
ganó,18511
rock,18510
plantas,18508
necesidades,18506
división,18490
exposición,18490
descubierto,18480
nieve,18476
ofrece,18462
extra,18444
volviendo,18444
anna,18442
frontera,18438
estudiante,18410
escritor,18408
j,18405
elegido,18396
robado,18394
preguntaba,18385
tomas,18378
disparo,18369
sobrevivir,18361
invitados,18360
taza,18353
habíamos,18345
influencia,18345
andar,18318
jorge,18305
campos,18295
llevaron,18285
pongo,18281
alimentos,18271
podrán,18256
arena,18249
locales,18241
mejorar,18232
pensamos,18232
walter,18229
coge,18224
créeme,18223
amigas,18221
cambió,18220
tormenta,18219
cansada,18212
guapo,18212
oposición,18201
virus,18195
páginas,18194
dioses,18172
complicado,18164
suele,18154
vimos,18152
objetos,18147
íbamos,18130
pasaba,18120
caído,18074
chocolate,18074
guapa,18067
laura,18054
tradición,18053
objetivos,18052
disparar,18041
dejen,18039
personajes,18038
william,18032
bastardo,18017
aquellas,18016
fiestas,17988
olvidé,17985
puestos,17970
pescado,17969
ciertas,17961
estómago,17960
asustado,17951
cortar,17948
pidiendo,17946
ladrón,17938
santiago,17921
llegada,17909
kate,17888
levántate,17883
blancos,17852
oyes,17851
maravillosa,17849
piezas,17842
llegan,17833
intentarlo,17830
durmiendo,17829
responde,17829
pierde,17809
matarme,17801
representa,17801
mataron,17798
new,17793
doctora,17783
vivos,17783
llevamos,17779
comprendo,17776
cerrada,17768
fase,17767
permitir,17765
vueltas,17758
mami,17756
técnico,17755
paredes,17750
término,17739
fueras,17730
dejaron,17726
piloto,17726
extranjero,17716
pese,17714
vehículo,17713
disculpas,17711
presentación,17707
socio,17702
deprisa,17701
tumba,17695
vivía,17687
tesoro,17682
encontraste,17680
recientemente,17678
cuantos,17666
paquete,17659
nuevamente,17658
explicación,17656
empezando,17623
tambien,17622
levanta,17608
suave,17607
temperatura,17598
móvil,17597
distinto,17585
hecha,17584
mama,17577
jerry,17576
pasión,17576
bebida,17558
haberme,17550
rara,17546
pura,17536
anteriormente,17531
fotografía,17517
frase,17517
solas,17489
rápida,17485
estrategia,17481
maneras,17455
casarse,17444
documento,17435
mio,17433
proyectos,17431
nacido,17426
personalmente,17423
motivos,17421
normas,17418
andy,17415
intenté,17414
seria,17411
psoe,17400
centros,17386
constitución,17385
desgracia,17374
coches,17367
conducta,17352
tomo,17338
pelota,17325
california,17323
generales,17315
capaces,17313
bolsillo,17311
nació,17307
quince,17296
bordo,17292
destruir,17286
concierto,17283
virgen,17280
generación,17279
pones,17274
pregunté,17267
hubieran,17257
pedazo,17255
scott,17253
maté,17252
periodista,17238
rica,17228
correcta,17211
lisa,17169
sucio,17165
muchacha,17155
caída,17145
resistencia,17141
ponen,17136
tengamos,17130
conflicto,17127
martín,17121
límite,17116
abogados,17103
seguimos,17099
decidir,17097
obstante,17093
personalidad,17093
archivos,17092
alcance,17090
impuestos,17066
unidades,17052
anteriores,17039
sheriff,17032
harías,17029
entrenamiento,17028
alemanes,17025
bote,17020
olvides,17018
miércoles,17009
plano,16998
requiere,16994
libras,16976
cirugía,16971
sexy,16967
regla,16958
hablemos,16951
liga,16944
lópez,16943
escribe,16942
rachel,16936
trabajaba,16931
kim,16926
sentimiento,16916
empleados,16913
hables,16901
fábrica,16885
torre,16874
encuentras,16870
preocupada,16862
vuelvas,16862
electoral,16856
doña,16854
instituciones,16849
limpia,16839
ponerse,16822
acusado,16804
señoras,16792
fué,16789
breve,16786
bravo,16785
favorito,16777
vigilancia,16773
evolución,16771
consigo,16765
abandonar,16761
viajar,16758
inversión,16753
detenido,16739
dirá,16727
campeón,16724
ejecutivo,16721
dia,16711
suponía,16708
explosión,16702
enfermedades,16699
fácilmente,16690
delito,16686
fines,16685
actos,16682
procedimiento,16677
publicidad,16670
socialista,16653
mentiras,16648
truco,16638
diversión,16637
larry,16637
seguía,16628
adecuado,16615
ricos,16614
continuación,16606
patio,16599
ana,16596
franco,16596
ruta,16594
selección,16593
comisario,16581
señaló,16577
opciones,16568
personales,16567
interesado,16565
masa,16556
candidato,16551
milagro,16538
sacó,16537
iguales,16534
hojas,16527
punta,16526
pantalla,16522
pudiste,16520
tropas,16515
precioso,16511
uniforme,16510
alumnos,16504
des,16504
pete,16504
periódicos,16501
verle,16501
científico,16497
establecer,16496
partida,16483
curiosidad,16481
esperamos,16481
reforma,16478
carro,16476
crítica,16468
rodríguez,16463
referencia,16445
torno,16445
termine,16442
chicago,16439
sencillo,16434
mental,16430
lección,16421
wow,16416
distrito,16410
volví,16407
heridas,16395
promesa,16393
gastos,16386
límites,16380
febrero,16378
quieto,16370
siglos,16365
ciertamente,16356
toques,16335
preocupación,16329
deseos,16317
huir,16313
secundaria,16313
escuchen,16302
soportar,16298
demostrar,16291
idiotas,16286
cincuenta,16285
diseño,16274
sectores,16271
ira,16257
computadora,16256
llego,16255
cristo,16237
funciones,16232
tensión,16229
señales,16214
nacimiento,16212
suficientes,16209
vivido,16200
compras,16186
saldrá,16183
helado,16180
alianza,16174
alberto,16171
kelly,16160
reyes,16135
rafael,16125
muchísimo,16120
mataste,16119
funeral,16118
juventud,16117
camioneta,16116
jeff,16104
científicos,16091
salsa,16082
emily,16078
senador,16070
pueblos,16057
celular,16055
dirige,16051
conductor,16049
jason,16048
juega,16046
llegará,16039
grandioso,16035
aplicación,16029
irás,16029
primavera,16026
guste,16023
v,16017
decirles,16014
nerviosa,16009
llorando,16006
clínica,15987
den,15981
respirar,15979
gesto,15974
difíciles,15964
altos,15952
diferencias,15946
fenómeno,15921
básicamente,15907
restos,15904
poquito,15899
siéntese,15899
supo,15882
comprender,15878
molesto,15871
guardias,15867
dejamos,15847
sir,15847
orgullo,15830
viniste,15825
haberse,15824
llegando,15819
bola,15816
presupuesto,15816
copia,15808
empecé,15808
desierto,15807
carter,15806
ciertos,15796
posibles,15769
tirar,15755
empezamos,15751
obvio,15748
biblioteca,15738
cierre,15737
ocupada,15723
disparó,15716
matt,15709
cabrón,15678
judicial,15678
duerme,15677
próximos,15669
traducción,15658
javier,15657
permanecer,15653
identificación,15649
valle,15648
aires,15646
caminando,15636
americanos,15627
convertirse,15627
paciencia,15626
poca,15625
acaban,15624
it,15610
quedará,15596
relájate,15594
dudo,15588
acabamos,15584
explicó,15573
humo,15573
organismo,15558
nacionales,15543
abrió,15540
caza,15540
ausencia,15536
podías,15535
esperan,15534
declaraciones,15522
equivocada,15521
muriendo,15520
mono,15518
tomaré,15518
jodido,15504
diversos,15499
daría,15489
logrado,15480
bolso,15472
indios,15471
pp,15466
miel,15452
consciente,15448
escucho,15445
puesta,15443
archivo,15442
tenia,15441
meter,15423
discusión,15418
meta,15413
salen,15400
casada,15398
japón,15398
ayuntamiento,15392
dificultades,15390
cabezas,15388
trató,15376
rodillas,15371
detalle,15369
físico,15367
granja,15367
concurso,15361
debate,15361
alan,15339
lágrimas,15337
evidente,15336
clima,15330
asimismo,15329
llevando,15321
pasillo,15315
puro,15310
artistas,15308
hermanas,15305
autos,15303
chaqueta,15298
similar,15298
técnicas,15298
alternativa,15294
rompió,15282
éstas,15279
enrique,15271
literatura,15266
extremo,15263
smith,15263
felicitaciones,15262
método,15260
whisky,15248
presentó,15245
trabajado,15244
x,15235
preparar,15233
industrial,15222
golpes,15214
mario,15206
musical,15206
dave,15205
logró,15203
deberá,15187
fumar,15187
abrigo,15182
sabéis,15173
robó,15165
escaleras,15162
montañas,15150
h,15134
hierro,15131
intervención,15116
preciso,15111
menores,15110
anuncio,15101
asistente,15089
comprobar,15087
alerta,15082
lectura,15081
imaginación,15074
malditos,15070
naturalmente,15067
misterio,15064
felicidades,15061
situaciones,15061
licencia,15057
perdida,15056
encargo,15049
sorprende,15045
permanente,15029
tira,15027
castigo,15022
voces,15022
serlo,15016
edición,15005
metro,14993
recibe,14991
parada,14984
usado,14982
reciente,14981
bienes,14979
factores,14978
considerar,14969
olvida,14968
directa,14966
grados,14966
suicidio,14966
busco,14959
cuerda,14958
hacían,14958
resultó,14958
emma,14940
ruego,14933
clark,14932
guarda,14932
piedras,14924
carl,14920
conseguí,14914
antiguos,14913
registros,14907
públicas,14899
diego,14895
charla,14885
quedas,14869
pérez,14842
murieron,14838
cristal,14834
salvaje,14834
brasil,14830
pasamos,14822
curioso,14816
aburrido,14807
comido,14807
ed,14795
supiera,14787
suceder,14781
roca,14773
siguió,14772
preguntarle,14771
mover,14769
significado,14769
grace,14763
rusia,14752
julia,14751
compré,14747
flor,14744
pensamientos,14736
ilegal,14734
aprendido,14722
podéis,14720
reconocimiento,14717
visitar,14715
reserva,14713
indica,14691
diversas,14690
aproximadamente,14687
aviso,14683
estuvieron,14683
fresco,14678
religión,14677
revisar,14659
coincidencia,14647
perdóname,14645
dejarme,14642
once,14641
sara,14634
incendio,14631
ja,14629
templo,14620
aseguro,14619
ayudarle,14616
roger,14609
miami,14608
parado,14606
cuarenta,14603
episodio,14602
caras,14584
muevas,14579
quedé,14576
desearía,14575
salgan,14573
materiales,14570
suma,14570
bancos,14561
costumbre,14559
guía,14553
lento,14550
corresponde,14546
impacto,14542
alarma,14540
vean,14533
francesa,14517
encuentre,14511
lobo,14500
beneficios,14494
annie,14482
afirmó,14470
sufrir,14467
amaba,14463
cabe,14459
pesadilla,14457
quedamos,14448
sucedido,14448
dicha,14447
pedirle,14444
km,14441
cajas,14438
parlamento,14434
imperio,14428
cuantas,14425
honesto,14413
ey,14412
simon,14411
fundamental,14404
poderoso,14401
esperas,14396
claire,14393
participar,14382
formar,14377
celebrar,14368
estemos,14350
escalera,14342
encontraremos,14331
saltar,14329
ánimo,14329
internacionales,14327
piense,14326
ee,14322
muévete,14322
aseguró,14316
especies,14314
triunfo,14308
disposición,14299
ideal,14288
constante,14282
oigo,14280
gestión,14278
públicos,14278
trabajas,14273
deporte,14270
poeta,14270
preparados,14264
vivimos,14264
marcas,14261
miró,14260
quedaba,14254
sacado,14242
desaparecer,14235
sopa,14230
homicidio,14225
poesía,14221
divorcio,14218
círculo,14215
falsa,14209
ramón,14209
moneda,14206
atrapado,14204
cubierta,14202
escala,14200
gritos,14198
confío,14189
vais,14183
festival,14181
apuesta,14180
saco,14177
andando,14165
serían,14164
considerado,14163
cobarde,14156
darse,14153
representantes,14153
lord,14148
piscina,14147
italiano,14138
fernández,14136
patrón,14131
afirma,14113
kyle,14109
decírselo,14099
informes,14099
sabor,14091
comiendo,14089
procesos,14082
dijera,14076
millas,14072
salí,14072
lentamente,14069
células,14056
volumen,14056
casualidad,14055
f,14052
vives,14049
ceremonia,14041
sentencia,14036
contenta,14031
periodistas,14025
armario,14015
gary,14009
firmar,13993
pondré,13975
hablaremos,13973
institución,13973
posiblemente,13969
llevarte,13967
creado,13966
huevo,13959
naturales,13955
naciones,13951
urgente,13949
viajes,13946
generalmente,13938
ted,13933
asesinos,13929
kilos,13927
positivo,13915
investigaciones,13911
lío,13911
huelga,13908
hablaré,13906
representación,13891
chino,13882
arroz,13881
bruja,13880
mezcla,13871
margen,13869
iría,13867
habitual,13862
ciego,13859
vecino,13858
balas,13857
vinieron,13845
caminos,13841
garganta,13836
matarlo,13835
sánchez,13835
graves,13830
médica,13812
enojado,13811
adultos,13805
encontrarlo,13796
muestras,13792
cruel,13789
reconocer,13788
funcionarios,13787
regalos,13787
criatura,13772
pecado,13770
ganador,13760
susan,13760
piano,13758
municipal,13754
ronda,13753
colombia,13750
mataré,13748
salimos,13742
rueda,13741
síntomas,13740
jean,13739
fiebre,13731
gustas,13728
década,13726
gigante,13721
perspectiva,13721
compró,13719
jackson,13718
carmen,13712
áreas,13705
escritorio,13702
salvador,13701
cercano,13698
fila,13697
míos,13691
crecer,13690
habitantes,13685
importaría,13678
alice,13675
responsables,13666
estuvimos,13645
despues,13631
miras,13629
terapia,13620
progreso,13596
pretende,13591
emperador,13590
pusieron,13572
sintió,13566
respira,13565
dulces,13560
llamamos,13559
isabel,13553
aparecer,13552
bandera,13551
artículos,13550
sabrá,13546
incluye,13539
realizado,13539
residencia,13526
borde,13522
rose,13520
preguntarte,13519
letra,13517
luke,13517
pesos,13516
tíos,13513
informó,13507
rumbo,13506
pájaro,13504
petición,13497
lucy,13485
actualidad,13480
estadounidense,13474
oscar,13474
instrucciones,13472
colección,13471
celda,13469
pez,13469
irán,13465
ambulancia,13456
preguntando,13453
sofá,13450
elegante,13446
rescate,13446
villa,13446
park,13442
gritar,13441
funcionó,13428
ingresos,13423
encontraba,13417
eduardo,13415
máxima,13413
plena,13402
ordenador,13390
aviones,13384
excusa,13370
fracaso,13355
extranjeros,13350
evento,13336
jones,13312
profunda,13303
cheque,13299
beneficio,13298
tradicional,13289
encantador,13287
cómodo,13277
conduce,13275
empezado,13273
jornada,13273
ponerme,13268
sótano,13263
dosis,13260
elemento,13255
ofrecer,13253
diálogo,13248
hombro,13248
queréis,13242
cometido,13235
autores,13229
pasta,13225
phil,13222
oso,13220
regresó,13220
uu,13214
actores,13206
rastro,13205
iniciativa,13198
superar,13195
matando,13189
muñeca,13187
okay,13186
caro,13185
ventanas,13185
recibí,13184
desconocido,13178
mostró,13172
sabían,13167
histórico,13166
dejarte,13165
martínez,13161
matarte,13161
pizza,13158
entrado,13150
lucas,13148
reuniones,13147
sigan,13147
espaldas,13146
infantil,13146
labor,13133
filosofía,13128
complejo,13121
judíos,13120
odia,13120
josh,13114
amar,13112
conseguiste,13111
temporal,13111
casar,13103
pudieron,13096
buscan,13091
disfrutar,13089
decidí,13088
temor,13072
escuchas,13066
volvamos,13064
letras,13060
representante,13059
preguntado,13047
necesaria,13032
leyendo,13020
lady,13019
despierto,13016
disculpen,13015
guardar,13010
recuperación,13005
habilidad,13003
trabajan,12996
eva,12991
mentiroso,12991
aparecen,12986
asesinatos,12985
carreras,12983
pasaron,12983
academia,12981
morgan,12973
platos,12971
incluyendo,12970
pleno,12963
espacial,12961
leí,12959
actriz,12958
mires,12958
perfil,12958
enamorada,12952
sitios,12943
estando,12939
pene,12939
taylor,12932
desafío,12931
presidencia,12930
césar,12928
elena,12928
pánico,12928
soledad,12922
arresto,12920
levantar,12920
provincia,12920
ayudó,12917
habitaciones,12913
conocida,12911
equilibrio,12911
escándalo,12910
inicio,12903
salto,12895
experto,12892
crema,12890
hijas,12889
aparato,12884
jenny,12881
vendría,12880
raza,12879
quedaré,12875
infancia,12861
tim,12849
ensayo,12846
parezca,12842
teresa,12842
refugio,12833
daños,12832
ocurrir,12831
bestia,12826
louis,12826
medianoche,12824
solar,12813
principalmente,12812
señala,12806
gustado,12797
peces,12795
distribución,12784
ventas,12782
definitiva,12779
obligado,12776
ataques,12764
petróleo,12757
asqueroso,12756
asamblea,12738
seremos,12729
aléjate,12728
asustada,12725
emoción,12717
regrese,12717
mentir,12694
corona,12688
descubrió,12686
ruedas,12686
tomamos,12685
incidente,12679
lógica,12675
independiente,12674
echa,12671
toro,12666
fundación,12654
veneno,12647
bebés,12625
quieran,12623
quita,12618
tele,12614
declaró,12608
consiste,12604
global,12601
antecedentes,12600
esfuerzos,12599
llamarme,12597
independencia,12595
echo,12594
visitas,12594
despedida,12585
limpieza,12584
franceses,12577
océano,12564
tribu,12559
feo,12558
cruzar,12556
arthur,12549
pienses,12543
darles,12542
pagado,12541
embajador,12540
izquierdo,12540
negativo,12528
vernos,12521
karen,12520
coma,12517
individuo,12517
entradas,12515
métodos,12513
tendencia,12504
madres,12494
preparada,12486
renunciar,12477
interna,12473
excepción,12472
admitir,12470
cocinar,12470
ducha,12469
vuelven,12466
metal,12462
recompensa,12461
amanecer,12459
cigarrillo,12456
estatal,12453
comprado,12449
ayudará,12448
dímelo,12447
modelos,12447
sede,12438
sentimos,12437
doc,12436
usan,12436
mirad,12428
armada,12425
bombas,12425
suelta,12396
tareas,12394
llegas,12385
causas,12384
rumores,12374
cable,12370
despertar,12368
sexuales,12361
disponible,12359
permiten,12359
cia,12350
hollywood,12348
encargado,12344
casarme,12342
ruso,12337
europeo,12336
sacerdote,12336
pongas,12329
compañera,12323
civiles,12309
seamos,12306
reconoce,12298
profundamente,12295
preocuparse,12292
llevarlo,12290
miss,12287
unido,12284
adecuada,12274
violación,12264
artes,12262
concentración,12260
aliento,12255
aparición,12255
maestra,12255
lujo,12244
patria,12244
excelencia,12243
oíste,12243
altas,12236
dilo,12230
hierba,12228
santos,12227
envía,12224
prima,12223
viniendo,12220
sentirse,12210
extraños,12201
joey,12200
horno,12195
presentado,12193
permitido,12190
potencia,12190
socorro,12190
destrucción,12189
bases,12181
abandonado,12172
ayudarnos,12171
nuclear,12168
fred,12164
medias,12163
gerente,12162
asegurar,12155
bebiendo,12148
colegas,12148
previsto,12143
verdaderamente,12143
socios,12142
dirigentes,12138
angel,12132
investigar,12126
estarías,12124
inferior,12122
cartera,12121
cuida,12119
fantasmas,12110
convencido,12109
disparos,12100
metió,12098
presento,12093
funcionamiento,12079
respondió,12074
potencial,12073
sientas,12072
utiliza,12072
damos,12069
gasolina,12068
cubrir,12067
oportunidades,12062
producir,12056
vuelves,12056
chuck,12051
muera,12051
máquinas,12048
aniversario,12044
sucediendo,12044
defender,12042
profesores,12038
ciencias,12037
hazme,12036
enseñó,12035
enfrente,12015
orgullosa,12012
áfrica,12012
mina,12011
semejante,12010
americana,11990
prometido,11990
traigo,11987
cuadros,11986
dolores,11973
enfadado,11972
hank,11972
madame,11970
muro,11968
sentarse,11967
emociones,11961
asco,11956
preferiría,11947
encantada,11942
reputación,11939
conoció,11937
suelen,11937
pedazos,11935
dormitorio,11934
verlos,11934
suéltame,11928
flota,11920
jefa,11917
volveremos,11915
julie,11905
sales,11905
encantadora,11903
constituye,11902
canta,11900
asalto,11889
botón,11876
escuchaste,11876
ron,11876
peores,11874
organizaciones,11867
vuestros,11863
creas,11859
enseñar,11856
luchando,11853
crímenes,11849
contiene,11848
federación,11844
pagan,11842
alfonso,11841
risa,11841
vd.,11840
amado,11839
ayudando,11833
escapó,11827
presentes,11826
noble,11825
género,11819
sufrido,11816
lárgate,11815
posiciones,11808
queríamos,11806
secreta,11803
casados,11798
viejas,11798
categoría,11794
expertos,11792
leyenda,11791
mortal,11791
atacar,11783
juzgado,11777
cantante,11774
múltiples,11773
hoja,11768
sentada,11767
gritando,11765
zorra,11765
moderna,11759
maggie,11752
tabla,11751
efe,11745
perdimos,11742
darnos,11740
llamaste,11736
faltan,11724
inicial,11721
tercero,11720
paro,11719
literalmente,11711
terroristas,11704
escuelas,11703
manda,11702
diputados,11701
gravedad,11701
periodo,11701
reducir,11701
alteza,11699
mediodía,11695
tragedia,11686
únicamente,11674
aguanta,11670
do,11665
montar,11664
policial,11663
combustible,11658
paraíso,11655
desagradable,11652
gómez,11652
asistencia,11649
conclusión,11645
pájaros,11644
habrían,11638
tomen,11633
empleado,11629
remedio,11629
comunidades,11612
entregar,11607
vehículos,11604
hitler,11603
metas,11599
acepta,11598
enfermos,11592
quitar,11592
abra,11588
intentaba,11588
custodia,11587
salvó,11586
solitario,11581
bajas,11579
barra,11578
instalaciones,11576
guión,11571
brown,11570
clásico,11570
funcionando,11570
howard,11564
alegre,11562
rusos,11560
jo,11559
salgamos,11558
golpeó,11552
digan,11551
oficialmente,11551
llevarme,11548
bolas,11545
podíamos,11538
vasco,11537
sensible,11536
secretaria,11533
atractivo,11532
comentarios,11532
habilidades,11530
jackie,11530
vídeo,11530
marcos,11529
eliminar,11527
súper,11517
liberación,11514
perú,11514
entorno,11508
favorita,11507
venezuela,11503
placa,11498
torres,11498
mato,11495
hacienda,11492
riesgos,11492
ámbito,11490
volando,11488
ejecución,11486
déjenme,11479
perdiste,11477
vicepresidente,11473
terror,11472
tontería,11470
conviene,11465
superiores,11463
johnson,11461
produjo,11458
afecta,11449
eléctrica,11443
hueso,11440
emocionante,11436
vengas,11433
pacto,11429
apellido,11427
comunista,11421
elizabeth,11419
maravilla,11408
posee,11403
jueces,11398
símbolo,11398
hombros,11393
conversaciones,11388
bicicleta,11387
gabriel,11387
pesado,11380
terrorista,11379
testimonio,11379
florida,11369
usó,11365
salgo,11362
apertura,11358
salieron,11357
esposas,11351
fórmula,11349
alas,11347
cumplido,11347
traté,11345
muero,11339
adorable,11338
conocimos,11336
invitación,11334
buscamos,11332
seguida,11331
ocurra,11327
golf,11325
harto,11321
largas,11316
seco,11316
mate,11312
económicos,11301
esperado,11301
monte,11298
ciclo,11295
sienten,11293
condenado,11292
víctor,11291
signos,11286
expediente,11284
ésto,11283
dígale,11282
factor,11279
prisioneros,11279
maleta,11272
cubierto,11268
king,11264
barcos,11262
miro,11261
sorprendente,11261
dispara,11257
depósito,11231
preparación,11228
multitud,11226
ponerte,11223
patrick,11222
haberle,11221
alquiler,11214
helen,11212
depresión,11211
instrumento,11210
cuán,11209
sorprendido,11201
texas,11201
hagámoslo,11198
fotografías,11193
pensaste,11192
tarjetas,11190
feria,11189
ayudante,11185
vegas,11175
adivina,11172
ladrones,11172
ciudadano,11171
miraba,11171
botas,11168
comisaría,11163
tetas,11161
contesta,11159
gris,11156
técnicos,11156
secuestro,11155
manzana,11147
oídos,11146
anunció,11145
atender,11141
olvido,11141
edificios,11140
heridos,11139
alicia,11136
diles,11134
nervios,11131
vaca,11130
asegura,11124
corrupción,11123
occidental,11122
pulso,11118
forman,11108
decide,11102
donna,11098
nubes,11089
barry,11088
vuelvan,11083
determinar,11082
distinta,11076
decían,11068
vacía,11068
figuras,11058
ríe,11054
amén,11053
capa,11043
aprecio,11042
criminales,11042
canto,11040
encontraré,11040
palo,11032
echado,11026
razonable,11026
dejará,11023
facultad,11013
israel,11011
jefes,11008
recuerde,11006
dejaba,11005
adolescente,10991
denuncia,10991
abiertos,10986
andrew,10980
columna,10978
ricardo,10973
guerrero,10972
sierra,10969
llegaste,10968
acepto,10967
colaboración,10967
encanto,10967
ofreció,10961
ayudas,10947
propiedades,10944
decirnos,10941
detuvo,10936
sed,10934
salvado,10932
amanda,10930
desgraciado,10907
estadio,10907
ayudarlo,10905
líderes,10905
electricidad,10902
pondrá,10900
quedaron,10899
romántico,10899
dignidad,10897
interno,10893
empezaron,10890
discúlpeme,10888
científica,10887
tripulación,10883
desnudo,10881
cifras,10878
biblia,10877
quítate,10876
absoluta,10875
cuyos,10875
profesión,10868
corazones,10865
hmm,10863
veas,10863
condado,10862
reír,10862
muévanse,10860
buscaba,10856
observar,10856
muestran,10853
moto,10852
oxígeno,10851
acabe,10849
rick,10843
decírtelo,10840
cementerio,10838
wilson,10836
dólar,10835
joyas,10834
laboral,10833
ma,10832
intelectual,10824
aumentar,10821
dean,10821
mantén,10819
sombras,10814
nadar,10808
británico,10807
ministros,10805
traeré,10798
añadió,10797
sacrificio,10795
asombroso,10781
city,10778
indicó,10773
salía,10773
magnífico,10771
fama,10765
serpiente,10763
tocado,10756
absurdo,10755
auténtico,10752
caos,10752
encantan,10751
lily,10747
citas,10743
entrando,10743
regional,10742
fantasía,10741
castro,10740
descripción,10739
diagnóstico,10731
espacios,10730
pastillas,10726
comunes,10725
torneo,10720
consejos,10719
plástico,10719
demuestra,10715
escribí,10712
moscú,10712
roberto,10711
buscas,10710
universal,10707
escolar,10705
esperanzas,10705
aprendí,10703
oscura,10694
verdes,10694
adonde,10693
pata,10693
delicioso,10688
demasiada,10688
atrapar,10680
cooperación,10679
sabia,10678
hablarle,10677
recorrido,10676
terry,10676
guau,10674
judío,10674
olvide,10669
química,10664
raíces,10658
observa,10651
asegurarme,10650
experiencias,10641
andrés,10638
únicos,10638
abby,10635
jaime,10634
cuarta,10633
calla,10629
azules,10622
centavos,10621
resolución,10616
reto,10613
prometí,10606
atmósfera,10599
instrumentos,10597
mac,10596
interpretación,10593
intentas,10592
almacén,10591
pare,10590
asegúrate,10583
rayo,10576
rojas,10574
mencionar,10572
costado,10570
compañías,10566
debiste,10562
apesta,10560
incremento,10560
contando,10558
escribiendo,10554
volvemos,10549
deportes,10544
órganos,10543
jamie,10534
asumir,10533
cuestiones,10531
escondido,10531
robin,10529
telefónica,10529
berlín,10527
listas,10521
avenida,10518
titular,10518
galletas,10510
comerciales,10509
pasajeros,10508
prepara,10495
taller,10487
normales,10477
mírate,10474
stan,10473
dirás,10472
fiel,10470
extraordinario,10463
esencial,10458
olvidó,10456
golpear,10450
ud,10450
entienden,10449
st,10443
cinturón,10441
condena,10437
desarrollar,10434
piedad,10432
acero,10431
revés,10419
sincero,10418
dieta,10417
intenciones,10416
idioma,10410
pasaría,10403
sufrimiento,10401
adivinar,10400
gafas,10399
ayudarla,10394
signo,10387
actúa,10382
amarillo,10379
arrestado,10375
recepción,10371
marie,10366
esperemos,10365
pasara,10364
norteamericano,10362
tenerlo,10361
contactos,10360
verán,10360
raíz,10359
portavoz,10358
vende,10350
prisionero,10346
guitarra,10344
collar,10340
on,10339
derrota,10331
contexto,10329
maestros,10329
pistas,10326
oficio,10321
grano,10320
web,10318
convertir,10317
ordenó,10309
oyó,10306
económicas,10298
pagó,10298
implica,10295
decimos,10291
rocas,10288
ilusión,10285
sevilla,10285
debilidad,10281
espía,10277
moderno,10275
empresarios,10271
dominio,10268
socialistas,10267
trozo,10266
actuando,10264
cerebral,10256
agenda,10251
trate,10251
riqueza,10250
lealtad,10242
norma,10239
pinta,10239
herramientas,10235
greg,10233
sinceramente,10233
enseñanza,10232
cortes,10228
costo,10228
honestamente,10226
campeonato,10225
oreja,10216
viuda,10213
suyos,10208
parejas,10207
cifra,10205
valencia,10205
madrugada,10203
famosa,10201
paliza,10200
tina,10200
arco,10199
colonia,10199
identificar,10199
avance,10195
acuerdos,10189
posterior,10189
entidad,10187
consulta,10185
bebidas,10184
sonar,10184
mexicano,10176
almas,10170
sabíamos,10168
comunicaciones,10165
abrazo,10164
exteriores,10163
gatos,10162
buscado,10152
pozo,10152
sabría,10151
prohibido,10148
desnuda,10146
concepción,10142
bruce,10136
lanza,10135
terminamos,10135
saludos,10134
negociaciones,10133
oliver,10133
sueldo,10132
posteriormente,10128
producido,10128
grito,10127
respiración,10126
verse,10124
obligación,10122
helicóptero,10120
cogido,10117
pendiente,10115
pudieras,10108
intercambio,10104
peligrosa,10101
celoso,10096
manifestó,10094
inversiones,10089
contestar,10083
barato,10080
vías,10080
fuga,10076
oriente,10076
maíz,10068
risas,10067
postura,10066
realiza,10066
actuales,10063
toman,10061
preparando,10058
adulto,10056
mm,10056
boston,10046
tomará,10041
ocultar,10033
diera,10031
drama,10027
canadá,10026
sally,10026
ingeniero,10022
naranja,10022
ó,10022
chiste,10021
comenzaron,10017
diana,10005
reducción,10003
europeos,10002
ascensor,10000
pausa,9995
obtuvo,9994
evaluación,9993
tontos,9993
adios,9992
dada,9991
promedio,9984
solicitud,9983
tendrías,9983
firmado,9980
ricky,9980
diputado,9976
enormes,9973
manejo,9972
importar,9971
utilizado,9969
caridad,9961
encontrará,9961
concreto,9958
recurso,9956
cambiando,9953
tasa,9953
posesión,9952
quinto,9944
rata,9943
dispararon,9939
ross,9938
cadáveres,9935
llamaron,9932
roy,9929
sobrino,9929
disciplina,9928
vuestras,9928
transmisión,9925
camina,9923
sucia,9923
lewis,9917
vital,9917
escape,9914
pico,9908
regiones,9907
penal,9904
sindicato,9902
fatal,9901
tiendas,9898
tyler,9897
apariencia,9896
túnel,9895
amplio,9890
entendí,9890
giro,9890
medicamentos,9887
seguirá,9887
probado,9886
albert,9883
anne,9882
retiro,9880
vestidos,9878
gordon,9876
cuartel,9875
intentaré,9874
barba,9872
deba,9872
aceptado,9867
cuentan,9866
candidatos,9863
investigando,9863
confusión,9860
billetes,9857
desaparición,9856
virginia,9856
preocuparte,9855
traidor,9851
moverse,9845
pintor,9845
aguantar,9844
esclavos,9839
mantenimiento,9838
conocimientos,9815
chef,9814
dispuesta,9811
s.,9809
vincent,9806
impulso,9802
pastor,9801
afortunado,9800
decente,9797
jesse,9791
discos,9789
danza,9781
rubia,9780
gorda,9776
claridad,9768
aldea,9766
pesca,9765
bolsas,9763
duque,9763
determinado,9750
betty,9744
cuéntame,9741
llames,9739
divertida,9738
considerando,9736
abran,9734
creó,9734
tabaco,9734
combinación,9732
pasen,9728
mandó,9725
dylan,9720
diarios,9718
bello,9717
parker,9712
joan,9709
indio,9708
sesenta,9708
jordan,9699
pudimos,9695
definición,9691
recibo,9688
teléfonos,9684
comprende,9683
grabación,9683
encerrado,9680
ocupa,9680
dejaría,9673
hablarte,9670
pasas,9670
senado,9670
populares,9666
despedido,9665
dispositivo,9665
jugo,9664
heroína,9659
máscara,9658
tristeza,9658
trabajamos,9656
rango,9650
sabiendo,9649
comando,9645
largos,9643
orejas,9641
asusta,9637
presentan,9636
dias,9630
sano,9628
negociar,9626
davis,9624
delitos,9618
islas,9617
falla,9614
negociación,9611
mancha,9608
marty,9605
huh,9604
muebles,9604
realizó,9604
horario,9598
cantando,9597
gimnasio,9595
cuídate,9594
creyó,9592
disparado,9592
querrá,9592
héroes,9588
cataluña,9585
mete,9584
pobreza,9575
lanzamiento,9574
molly,9574
marta,9569
celebración,9561
similares,9560
rosas,9558
estuvieras,9556
acababa,9555
adoro,9554
paisaje,9554
deseas,9550
descubrimiento,9549
individuos,9545
cartel,9542
uñas,9541
resuelto,9540
imagina,9539
inconsciente,9538
profesora,9537
eta,9535
tratan,9535
informado,9533
aprobación,9532
trabajó,9532
supremo,9531
embajada,9530
lanzar,9530
charlotte,9529
tocando,9524
experimento,9523
coraje,9519
monedas,9519
levantó,9515
dibujo,9511
casarte,9509
déjala,9508
miller,9507
profundidad,9507
producen,9506
gol,9505
prácticas,9505
repito,9504
establece,9501
blancas,9494
docena,9493
iniciar,9492
constantemente,9491
porcentaje,9489
pensarlo,9488
votar,9487
circo,9483
alcanza,9482
anual,9480
niega,9472
forense,9469
sirven,9469
revistas,9468
comentario,9466
conveniente,9466
amplia,9464
consejero,9462
escuchó,9457
organismos,9453
utilizando,9453
vendido,9449
mueva,9448
traición,9448
protesta,9446
dimensión,9444
inocentes,9441
terminé,9441
cabaña,9439
criaturas,9437
mantequilla,9437
retrato,9437
involucrado,9433
naves,9433
amenazas,9431
lógico,9423
confesión,9422
crítico,9419
funcione,9419
trajiste,9418
my,9417
espiritual,9415
demostrado,9405
propietario,9403
cojones,9399
infección,9399
armado,9398
conseguimos,9398
patatas,9397
fig,9393
impuesto,9393
díaz,9389
acusación,9388
arreglado,9384
ratas,9383
ingreso,9381
nina,9379
necesariamente,9377
sugiero,9374
volvería,9374
sida,9373
tirado,9372
deme,9369
histórica,9366
ayudado,9364
cigarrillos,9364
planeado,9364
enfrentar,9363
mmm,9362
argumento,9356
traiga,9356
mejora,9355
arreglo,9352
emocional,9351
sagrado,9351
miserable,9343
euros,9339
otoño,9332
galería,9330
ópera,9329
street,9328
encontrarla,9327
mandar,9326
mercados,9323
salta,9317
volverás,9316
criterios,9311
jay,9310
mantuvo,9309
morirá,9309
estable,9296
iii,9294
big,9291
conocidos,9289
poderosa,9284
sufrió,9282
subtítulos,9281
nathan,9277
mueren,9276
desaparece,9272
integración,9269
añadir,9265
poema,9263
camiseta,9262
dirigir,9261
pusiste,9259
mencionó,9258
diamantes,9254
tubo,9254
katie,9250
selva,9245
gobiernos,9240
dificultad,9238
observación,9237
apuestas,9236
directora,9236
críticas,9232
garaje,9230
extrañas,9229
onda,9224
sospecha,9224
escenas,9223
permitió,9223
entusiasmo,9220
gané,9215
grasa,9211
etcétera,9210
anciano,9209
as,9203
parezco,9191
devolver,9187
rompe,9186
apropiado,9185
tocó,9185
relacionado,9177
sufre,9177
atreves,9171
pelotas,9170
embarazo,9167
dragón,9165
estadounidenses,9164
convencer,9163
funcionan,9163
postre,9162
pudieran,9162
casco,9161
frankie,9153
intensidad,9151
exige,9148
ácido,9145
acontecimientos,9144
hablaste,9144
luce,9141
toneladas,9141
cooper,9140
matemáticas,9134
conté,9127
comenzado,9121
rutina,9120
dejarla,9117
super,9116
despejado,9115
oficinas,9115
criterio,9114
decreto,9111
importe,9110
dejemos,9109
amantes,9108
décadas,9106
títulos,9101
apetece,9100
mantenga,9100
man,9099
prestado,9099
exceso,9092
ponía,9092
llevarla,9091
organizado,9077
abandonó,9076
monsieur,9072
sacaste,9072
colocar,9055
corredor,9055
nací,9054
ríos,9051
dispuestos,9042
fraude,9037
necesite,9037
refería,9037
vivienda,9037
azar,9033
promoción,9033
bromas,9023
jeremy,9015
hallar,9014
muertes,9014
particularmente,9014
presa,9008
justin,8998
entré,8997
investigadores,8997
quedarnos,8997
doug,8996
chloe,8995
dedicado,8995
bajos,8992
autorización,8987
vecindario,8987
advertencia,8973
cima,8968
realización,8966
conocerlo,8964
importaba,8960
patas,8956
cole,8945
adolescentes,8944
comunicado,8942
pediste,8942
tejido,8942
margaret,8941
líquido,8939
consideran,8938
aves,8934
satisfacción,8931
empecemos,8927
repetir,8927
carol,8922
retraso,8922
russell,8920
llamarte,8914
orquesta,8914
intentamos,8911
tio,8902
billete,8901
ponerle,8901
agregó,8898
mereces,8895
próximas,8894
esperaré,8891
hígado,8891
enfadada,8890
recordó,8889
habrán,8887
núcleo,8887
grita,8881
aérea,8877
clinton,8876
índice,8874
cometer,8870
bodas,8863
ruiz,8863
dick,8855
vela,8851
constitucional,8840
coro,8840
campesinos,8836
ee.uu.,8835
cuentos,8829
payaso,8827
raúl,8825
fruta,8822
turismo,8822
gilipollas,8815
empiezo,8813
nieto,8812
béisbol,8810
fingir,8810
establecido,8803
revisión,8803
inmunidad,8802
mecanismo,8800
cocaína,8798
impedir,8798
organizar,8796
vera,8793
estupidez,8792
negó,8791
querrás,8791
trasera,8789
continua,8781
hayamos,8780
rechazo,8780
textos,8779
prometió,8770
tranquilos,8769
existir,8759
egoísta,8755
típico,8752
williams,8752
váyanse,8740
jersey,8738
quinta,8738
prefiere,8736
equipaje,8731
duros,8728
individual,8728
financiero,8727
numerosos,8727
causar,8726
dijimos,8726
monstruos,8726
internos,8725
papas,8725
conejo,8722
jessica,8722
sepan,8716
matará,8713
ubicación,8711
tomaron,8708
explotar,8707
opiniones,8706
evitarlo,8704
activa,8703
rebecca,8702
bienestar,8701
terrorismo,8701
mantienen,8699
echó,8698
parecían,8694
planos,8685
enojada,8682
composición,8680
salario,8678
viera,8677
haberla,8674
putas,8673
premios,8671
latina,8665
quedes,8664
virtud,8664
pasaporte,8663
acento,8662
agricultura,8662
apúrate,8656
dr,8656
batería,8654
prostituta,8652
informar,8650
sonríe,8650
ensalada,8647
tendríamos,8641
productor,8638
costó,8637
colina,8635
patrulla,8634
funcionario,8632
estructuras,8628
hacerla,8625
habia,8624
vencer,8624
activo,8621
propuestas,8617
váyase,8616
esencia,8615
ala,8613
cómoda,8606
perdidos,8606
democrática,8605
descubrí,8601
inició,8599
camarada,8597
señoritas,8597
ooh,8593
dejara,8583
parto,8582
todd,8581
cueva,8578
tomaste,8578
unidas,8573
almorzar,8569
extremadamente,8569
habrías,8569
dirigido,8565
perdedor,8565
acceder,8560
dibujos,8558
consideración,8556
poli,8556
buscarlo,8548
ingredientes,8547
extensión,8545
sociedades,8545
culturales,8542
viniera,8541
volvieron,8541
aclarar,8539
fallo,8539
instalación,8536
femenina,8535
maria,8530
mercedes,8526
civilización,8525
bandas,8518
holmes,8518
huella,8516
construido,8512
llevé,8505
francamente,8503
lana,8503
instinto,8500
estrés,8495
intente,8490
empiece,8489
cumple,8488
maletas,8487
camarero,8482
alemana,8480
podria,8480
suceda,8479
practicar,8477
legales,8472
traes,8472
ian,8471
lector,8470
incómodo,8469
rival,8469
recoge,8468
basado,8464
estudiando,8456
presos,8454
kenny,8452
asesinada,8444
demasiados,8444
niñera,8443
rabia,8442
continente,8433
copas,8433
quedando,8433
logro,8429
empiezan,8428
vivió,8428
hilo,8427
callejón,8425
garantía,8424
misa,8421
comedia,8417
deudas,8416
grant,8416
señalar,8412
bendiga,8408
analizar,8406
responsabilidades,8405
causado,8404
catherine,8400
arreglarlo,8399
incapaz,8399
matan,8399
notable,8398
comedor,8397
guatemala,8393
llenar,8393
morales,8393
argentino,8391
correspondiente,8390
tarta,8390
visual,8390
corbata,8389
crece,8389
seca,8384
darán,8383
llamarlo,8383
edward,8382
herencia,8376
auxilio,8375
cerró,8375
asistir,8372
jesucristo,8372
harvey,8365
sentarme,8364
femenino,8362
joseph,8360
pagaré,8358
ingleses,8354
obispo,8354
queridos,8347
solidaridad,8346
juzgar,8344
demasiadas,8341
vendrán,8341
gasto,8338
angeles,8336
alimento,8335
guantes,8335
deberán,8330
cuyas,8328
mago,8328
tuvieras,8327
subió,8326
permita,8318
utilización,8313
enterado,8312
vidrio,8312
prioridad,8304
regular,8301
plataforma,8294
alivio,8292
hannah,8292
bailando,8291
marcus,8287
martha,8286
desafortunadamente,8284
aumenta,8283
ayudaré,8282
blake,8280
destruido,8280
nancy,8280
enhorabuena,8279
deportivo,8278
sebastián,8276
vicente,8274
coartada,8271
católica,8266
west,8264
stephen,8263
entren,8254
formal,8253
trono,8251
cumbre,8250
engañar,8250
llegaba,8250
maquillaje,8249
steven,8248
velas,8245
sentidos,8244
bomberos,8238
opinas,8238
hipótesis,8232
presidencial,8232
pecados,8231
reconozco,8231
volvía,8231
von,8231
fea,8229
miré,8228
medalla,8224
rincón,8224
sentados,8222
wayne,8221
oculta,8220
sindicatos,8218
fascinante,8216
cañón,8212
préstamo,8210
publicado,8210
escritura,8208
suiza,8208
peleas,8202
reservas,8201
necesarios,8200
renta,8200
reconoció,8196
tigre,8194
ganamos,8188
acostumbrado,8187
rota,8187
lima,8186
rumor,8186
cuartos,8183
whoa,8183
envié,8181
tranquilidad,8181
dejame,8176
mágico,8174
fortaleza,8171
satisfecho,8169
randy,8168
pedirte,8167
creciente,8166
ponerlo,8166
sophie,8166
rojos,8165
sujetos,8165
cortés,8162
horror,8158
botellas,8156
alcanzado,8155
bosques,8154
tanque,8154
editorial,8153
invisible,8152
encontrarse,8151
victor,8150
músculos,8147
accidentes,8143
disfruta,8141
intenso,8140
balón,8139
crecido,8139
tesis,8135
encontrarás,8134
minas,8134
queja,8133
soltero,8133
agradecido,8132
alimentación,8130
previamente,8130
universidades,8130
liberal,8129
negras,8127
ventajas,8126
olivia,8124
toby,8124
recibiendo,8123
recientes,8121
tratas,8118
espectacular,8117
gil,8116
descansa,8115
generaciones,8114
verdaderos,8113
ford,8098
renuncia,8098
negativa,8096
tenis,8093
derek,8089
federales,8089
copias,8088
granada,8085
sabiduría,8083
serías,8083
testamento,8081
cercana,8079
doctores,8077
cuero,8076
miseria,8076
háblame,8072
receta,8072
lata,8071
mia,8068
irene,8065
cadenas,8064
aznar,8060
rehenes,8056
contratos,8055
técnicamente,8055
gano,8054
apaga,8053
añade,8053
ios,8053
vendedor,8053
dirigente,8047
vendiendo,8047
entran,8045
permanece,8045
notado,8042
jugada,8039
chinos,8038
rusa,8037
atractiva,8034
duración,8033
lou,8032
caray,8027
atacó,8025
detención,8025
brad,8023
marte,8022
mínima,8022
fíjate,8017
presidenta,8017
robot,8017
lavar,8015
aprovechar,8011
delgado,8011
votación,8009
that,8005
sospechosos,8002
cabina,8001
debían,8001
detiene,7999
simples,7999
automóvil,7998
bloque,7995
comentó,7994
fianza,7993
arruinar,7991
celos,7991
volviste,7991
acercó,7988
sabrás,7987
síndrome,7986
young,7985
funcionará,7984
inevitable,7979
vinimos,7976
violento,7971
fechas,7970
casey,7969
dirigida,7964
faltaba,7964
avanzar,7959
gabinete,7959
robaron,7954
trajes,7954
fresca,7953
almirante,7952
ansiedad,7947
servirá,7947
alejado,7945
comprensión,7945
casó,7939
mostraré,7937
pierdes,7937
totalidad,7935
radiación,7933
interrumpir,7930
protagonista,7927
salvajes,7924
maten,7923
inmediata,7917
protocolo,7916
limón,7915
hermosas,7914
mantenido,7914
gallina,7911
xix,7909
pongan,7903
juguetes,7893
positiva,7890
cortado,7886
ganando,7886
separados,7886
guerras,7883
escoger,7882
pregunte,7878
certeza,7873
manifestación,7872
nate,7869
digno,7865
llamados,7862
ann,7858
brillantes,7856
mataría,7855
constituyen,7851
cayendo,7850
rubio,7849
exámenes,7847
auténtica,7846
quédese,7844
cambian,7841
procedimientos,7841
hugo,7838
cargar,7837
invitó,7830
jugado,7830
circuito,7827
redacción,7821
romance,7820
llévame,7819
imaginé,7812
justa,7811
apoyar,7810
comunistas,7810
marshall,7809
cantidades,7808
hacernos,7808
apunta,7807
golpeado,7807
interesantes,7807
japonés,7807
eventos,7806
supervivencia,7805
sonidos,7803
daremos,7802
vince,7802
existía,7801
componentes,7800
nicaragua,7800
conclusiones,7799
is,7799
macho,7799
discúlpame,7798
transformación,7797
camiones,7795
michelle,7793
conseguiré,7792
insistió,7792
democrático,7790
estacionamiento,7789
homenaje,7788
jaula,7787
ancianos,7785
estarían,7784
pensión,7782
confundido,7781
dimos,7780
tomás,7780
satélite,7779
beth,7777
ponemos,7775
conceptos,7774
disculparme,7774
tiró,7773
alfombra,7770
pares,7770
contaba,7765
logra,7765
jacob,7762
miran,7758
armadas,7754
ficción,7752
corea,7751
contestó,7749
rollo,7748
específico,7747
tela,7747
trabajador,7745
so,7740
lois,7738
tuyos,7736
toros,7734
planeando,7733
consuelo,7732
elaboración,7727
apartado,7725
creciendo,7724
zoe,7723
angela,7722
débiles,7718
estaríamos,7718
jess,7718
reconocido,7716
australia,7715
acusaciones,7714
mencionado,7708
engaño,7706
efectivamente,7704
guay,7700
manifestaciones,7699
confirmar,7698
norteamericana,7697
asientos,7696
transición,7696
primaria,7694
corrientes,7691
policia,7690
pinturas,7689
dormida,7686
novedad,7686
ascenso,7685
cogió,7681
ruptura,7678
eeuu,7671
relato,7671
servido,7671
expresar,7670
sencilla,7669
seguí,7666
justamente,7662
deberes,7661
muelle,7661
nacer,7660
pechos,7659
ave,7657
jonathan,7657
circulación,7650
llenos,7648
radical,7646
aceptó,7643
motores,7634
religiosa,7634
propone,7631
baje,7629
champán,7627
conforme,7626
llevarse,7626
algun,7622
bajando,7621
pedimos,7616
duelo,7614
sugiere,7614
estancia,7611
cerdos,7610
cobrar,7610
pacífico,7609
separación,7609
productores,7602
estúpidos,7599
masas,7598
baila,7595
pintar,7595
sensibilidad,7593
cráneo,7592
francis,7590
extraordinaria,7588
rodeado,7587
sigamos,7587
resumen,7585
cazador,7584
conocerla,7583
pregúntale,7582
agresión,7581
ética,7581
ropas,7580
tortura,7580
ganancias,7579
mantente,7576
díselo,7572
tómalo,7572
evidentemente,7570
keith,7570
seguiré,7570
secuencia,7565
apostar,7563
llora,7563
bretaña,7562
porquería,7562
regresado,7561
tomes,7561
joaquín,7560
destinado,7559
brandon,7558
gustar,7558
reverendo,7558
rasgos,7557
hospitales,7556
direcciones,7554
preso,7554
contarle,7551
órgano,7551
conflictos,7550
rehabilitación,7550
aplicar,7546
clásica,7543
escapado,7542
coca,7540
historial,7540
desorden,7539
fusión,7539
lesiones,7538
provocar,7538
soluciones,7538
ethan,7533
caramba,7528
pérdidas,7527
ellen,7525
trucos,7525
choque,7524
fiscalía,7524
porno,7523
asesina,7521
formado,7520
aliados,7516
correctamente,7514
colectivo,7513
fundamentales,7512
especialista,7508
mickey,7507
nelson,7507
armados,7506
ignacio,7506
orientación,7503
reporte,7502
shawn,7502
angustia,7501
lidiar,7501
alli,7498
escrita,7498
manual,7497
ruth,7496
cazar,7494
eficaz,7493
spencer,7493
interesada,7491
moreno,7491
piden,7491
dennis,7489
estabilidad,7489
frases,7488
numerosas,7488
compasión,7487
sacarlo,7487
subiendo,7484
variedad,7483
expectativas,7481
peleando,7481
hechas,7479
ángulo,7478
españolas,7477
ratón,7476
atentado,7472
parientes,7471
cobertura,7470
retirada,7470
sabio,7470
patrimonio,7466
envío,7463
acompañado,7462
teddy,7462
costumbres,7461
empresario,7458
reunir,7458
brujas,7457
desesperado,7455
sello,7454
cristiano,7453
norman,7452
vietnam,7452
lleguen,7450
entramos,7447
pluma,7446
encontrarme,7444
carbón,7443
antiguas,7441
informa,7439
patético,7434
claras,7424
mecanismos,7424
contaré,7419
escritores,7418
financiera,7418
canales,7415
usarlo,7415
frutas,7414
sue,7412
deseaba,7409
refuerzos,7409
vestida,7409
gota,7407
estaciones,7405
molestar,7405
abuso,7404
arquitectura,7403
encargaré,7403
norteamericanos,7398
prometiste,7398
seda,7398
exclusivamente,7396
barro,7392
entidades,7392
espíritus,7391
hong,7391
seriamente,7385
white,7382
walker,7380
detenerlo,7377
mexicana,7376
paris,7376
redes,7375
castilla,7374
éi,7374
pescar,7371
terribles,7371
registrado,7367
desarrollado,7363
enviaré,7363
bajó,7361
perdieron,7361
menú,7360
entenderlo,7359
mantenerse,7359
obliga,7356
huyendo,7355
entregó,7353
promesas,7352
vientre,7350
besos,7347
liz,7346
eterna,7345
afortunadamente,7343
manzanas,7342
caroline,7341
generoso,7341
basada,7337
habana,7337
conseguirlo,7336
jennifer,7335
conduciendo,7334
kong,7333
aprendizaje,7332
cenizas,7332
miente,7332
tenerte,7332
descenso,7331
pulmones,7330
suponer,7330
am,7329
cuente,7329
rodilla,7329
cebolla,7327
mías,7327
molestia,7326
llegara,7323
frecuente,7316
importan,7315
malcolm,7312
ola,7311
nube,7309
invasión,7304
juguete,7304
cafetería,7303
manifiesto,7303
llegaremos,7302
colgar,7301
saque,7299
eternidad,7297
elige,7296
esconder,7295
pa,7295
sorprendió,7294
centímetros,7293
vampiro,7293
pendientes,7292
separado,7292
eligió,7291
provoca,7289
enteré,7288
humanas,7288
establecimiento,7287
soltera,7287
declarar,7286
cambie,7284
clasificación,7283
competir,7280
incluido,7279
vigilando,7279
ho,7276
owen,7276
facilidad,7275
hacías,7275
gus,7269
hill,7267
pierre,7267
comparación,7265
enviaron,7265
bromeas,7264
lleven,7264
ofrecen,7264
fantástica,7263
fruto,7263
alejandro,7258
garantizar,7257
esquema,7256
equivocas,7255
ayudo,7254
suba,7254
piénsalo,7253
bonitas,7252
encuentren,7251
ocupados,7251
vano,7244
sera,7243
fronteras,7242
maya,7241
detenidos,7240
mintió,7240
psiquiatra,7239
soñando,7232
bahía,7229
detectives,7229
japoneses,7229
casino,7228
necesarias,7228
pertenecen,7226
semillas,7226
fabuloso,7225
averiguarlo,7224
rama,7221
cortó,7220
ocupar,7220
alfredo,7217
panamá,7217
ejercicios,7216
conociste,7214
lavado,7213
comen,7211
usamos,7206
karl,7205
salas,7203
oriental,7202
geografía,7200
visitantes,7200
ocurriendo,7195
privadas,7195
enterrado,7194
falsas,7193
calientes,7192
supuestamente,7192
urgencia,7191
bebido,7184
eficacia,7184
egipto,7183
pudiéramos,7183
recuerdan,7182
saludable,7181
pañuelo,7180
tradicionales,7176
lenta,7174
creído,7172
marihuana,7171
hechizo,7168
precisa,7168
probarlo,7166
utilizan,7165
hubiéramos,7163
vacas,7162
desfile,7161
inglesa,7160
sabremos,7158
merezco,7157
advirtió,7156
alturas,7155
condicional,7154
venimos,7153
agarra,7152
pesada,7152
permitirá,7150
teorías,7150
fundamentalmente,7149
llevaría,7148
setenta,7144
comprendes,7142
harold,7142
rebeldes,7141
cardenal,7138
leal,7135
conspiración,7134
marcado,7134
privados,7131
cirujano,7130
min,7130
alonso,7129
bendición,7127
pierdo,7127
impide,7126
increíblemente,7124
viviendas,7124
conservar,7121
vendió,7120
anthony,7119
relacionados,7119
odias,7118
dámelo,7115
arruinado,7114
autonomía,7114
soviética,7113
acercarse,7112
sentirme,7110
fenómenos,7109
encontremos,7107
vencido,7107
pavo,7106
sirvió,7106
comidas,7105
harina,7105
narices,7102
míralo,7098
tráeme,7096
francos,7095
estatua,7092
precisión,7092
intentan,7091
orilla,7090
liberar,7089
retirar,7089
pisos,7088
religioso,7088
pasear,7087
olvídate,7085
afecto,7082
bush,7082
emocionado,7082
meterse,7082
misterioso,7080
abiertas,7079
re,7079
expansión,7077
representan,7074
coincide,7073
conozca,7073
récord,7072
sostiene,7070
emilio,7069
besar,7068
timbre,7067
cajón,7061
cuerdas,7058
reducido,7057
lanzó,7055
mexicanos,7054
controla,7050
dueños,7049
hernández,7048
mesas,7048
mundos,7047
alfa,7046
básico,7046
elevado,7046
observando,7046
saqué,7045
julian,7043
ramas,7043
turistas,7043
xx,7040
palma,7038
usas,7038
ejemplos,7037
estuviese,7034
consiga,7030
rob,7024
pagando,7021
causó,7016
pegado,7016
contratar,7015
déficit,7015
desperté,7009
ligero,7009
obreros,7008
zapato,7006
ali,7005
combatir,7004
decidimos,7004
cristianos,6997
venid,6996
vientos,6996
demandas,6993
reflejo,6986
harían,6985
ochenta,6983
raras,6981
sentarte,6981
tomate,6981
llores,6980
entraron,6979
marchar,6976
secretaría,6976
sustancias,6974
famosos,6973
reflexión,6972
solucionar,6972
moviendo,6971
atrapados,6967
polo,6965
recuerden,6965
art,6959
film,6959
queria,6957
calendario,6951
levantado,6951
eje,6950
ritual,6949
hicieras,6947
times,6947
horribles,6941
cubre,6939
pandilla,6939
aprende,6937
irak,6937
cristina,6932
electrónico,6929
ken,6929
sobra,6929
harris,6928
industriales,6928
tribunales,6925
percepción,6920
sustancia,6920
vapor,6920
prometida,6919
británicos,6916
hueco,6916
golpea,6914
quejas,6913
estuvieran,6912
gastar,6911
revolucionario,6908
insiste,6906
talla,6904
stanley,6903
junior,6899
valioso,6897
autopista,6896
explicaciones,6896
trajeron,6895
robando,6892
matarla,6891
escapa,6890
louise,6890
doloroso,6889
iv,6884
cubano,6881
aburrida,6879
caen,6878
falsos,6877
alcanzó,6875
regresaré,6868
watson,6865
llamen,6864
odiaba,6862
cintas,6861
tratamos,6861
willie,6860
culto,6859
dió,6859
igualdad,6859
mágica,6859
jazz,6857
lorenzo,6857
entrevistas,6855
crean,6853
traducido,6853
malvado,6852
perfume,6846
holly,6845
campana,6844
sintiendo,6844
agrada,6842
suárez,6841
quitó,6840
llevaban,6836
enseñado,6834
furgoneta,6834
brillo,6830
planetas,6829
indican,6828
permítame,6828
lincoln,6827
localidad,6827
matthew,6827
salgas,6826
graduación,6825
horizonte,6825
llevaremos,6824
paren,6824
bellas,6822
inspiración,6820
publicación,6820
músicos,6818
ernesto,6816
gonzalo,6815
usaba,6815
programación,6814
quinn,6814
encender,6811
oración,6811
riendo,6811
fan,6810
pilar,6809
ví,6809
une,6805
neil,6804
romano,6804
unirse,6803
abogada,6801
daban,6801
harta,6797
elliot,6793
respetar,6792
ligera,6791
paula,6791
preocupaciones,6791
disfraz,6790
escribo,6790
honesta,6790
niebla,6790
temía,6790
mafia,6789
centavo,6787
margarita,6787
perdóneme,6785
domicilio,6784
esconde,6782
oculto,6780
vuela,6780
argumentos,6779
banca,6776
expresa,6775
gustará,6774
obtiene,6774
ashley,6773
eco,6773
convenio,6771
merecen,6771
pato,6770
mostrarte,6769
municipales,6769
lleguemos,6767
editor,6765
entendemos,6763
espectadores,6763
documentación,6760
transferencia,6758
entregado,6756
ligeramente,6754
cultivo,6752
investigador,6752
repite,6751
tránsito,6750
em,6749
raymond,6749
globo,6747
necesites,6746
reciben,6745
sufriendo,6745
aprobado,6744
descubre,6743
grabado,6743
sexto,6743
arturo,6740
aéreo,6738
filas,6737
infeliz,6737
prestigio,6732
rita,6731
digital,6729
yeah,6729
cristiana,6727
carrie,6726
callado,6725
rendimiento,6722
cerrados,6721
quemar,6721
introducción,6720
vasos,6718
enfoque,6716
andrea,6711
bolsillos,6710
dato,6709
negar,6709
psicología,6708
for,6705
británica,6703
estupenda,6703
lane,6703
humilde,6701
quemado,6701
susto,6701
teme,6700
griego,6698
dictadura,6697
mediados,6697
iglesias,6696
curva,6695
necesitaré,6695
preocupados,6695
interesados,6694
mantenerlo,6692
diane,6691
hablarme,6691
resistir,6691
suprema,6691
surge,6690
italiana,6689
vería,6689
pases,6688
intensa,6686
dejaremos,6684
acabará,6682
aguja,6682
tiros,6682
respaldo,6680
delicado,6675
house,6674
enseñaré,6672
dirigió,6669
sobrina,6669
all,6666
agujeros,6665
diosa,6665
apagar,6663
green,6663
directores,6662
traigan,6662
autopsia,6661
gentes,6661
flujo,6660
inteligentes,6657
mentes,6656
cordero,6653
miranda,6652
janet,6651
shane,6651
partículas,6650
expresó,6648
financieros,6648
tiroteo,6646
enseña,6644
insectos,6644
invito,6644
delegación,6641
aquél,6640
especialistas,6638
seno,6637
defensor,6636
nocturno,6635
celosa,6631
comes,6631
continúe,6630
realizada,6630
rancho,6626
duró,6625
duras,6624
agencias,6623
desean,6621
oírlo,6621
cumplimiento,6619
asesinó,6617
usuarios,6617
venden,6616
inicia,6615
haciéndolo,6613
mito,6613
asesinar,6612
goma,6610
perfección,6609
olas,6606
tatuaje,6606
penas,6605
bruno,6603
engañado,6601
proteínas,6596
vampiros,6595
inocencia,6594
vecina,6594
desayunar,6591
sana,6590
black,6589
ecuador,6587
quema,6587
fija,6585
iris,6585
álbum,6585
amada,6583
jodida,6583
novios,6583
tendrían,6576
pierden,6575
buscarla,6574
explotación,6574
árabe,6574
creador,6573
guillermo,6573
pensabas,6573
dimensiones,6572
italianos,6572
pierda,6572
créditos,6571
levantarse,6567
vomitar,6567
ayudaría,6566
sesiones,6563
urgencias,6561
declarado,6560
decías,6560
venían,6559
disparen,6557
volante,6557
juvenil,6556
trabajé,6556
trauma,6554
particulares,6550
recordaba,6548
ordenado,6547
genética,6546
significaba,6546
dorado,6545
pierdas,6543
metí,6542
romero,6542
indígenas,6540
reparto,6540
cometió,6538
corporal,6538
pop,6538
brigada,6536
natalie,6532
finanzas,6531
chaval,6528
panorama,6527
inflación,6522
we,6521
christine,6514
competición,6514
mentido,6510
suelto,6506
explosivos,6505
brindis,6503
termino,6503
ingeniería,6501
lejano,6500
claudia,6499
cosecha,6498
consigues,6497
esperad,6497
lobos,6497
merecía,6497
apetito,6496
enciende,6496
go,6493
reunirse,6493
eléctrico,6490
k,6488
jin,6486
trenes,6485
trece,6478
despertó,6472
ocupación,6471
mostrado,6470
kennedy,6468
privilegio,6468
esclavo,6467
padrino,6467
actuaciones,6466
decírmelo,6466
quitado,6466
cal,6464
olvidaré,6463
grabar,6461
comprometido,6458
conectado,6456
logramos,6455
oscuras,6454
cuánta,6451
mandado,6450
onu,6450
encontrarte,6449
comienzan,6444
bondad,6443
juramento,6442
gibbs,6439
quito,6439
correos,6434
imaginaba,6432
ponlo,6430
dificil,6427
shock,6427
cabra,6426
rezar,6426
use,6425
sacarte,6424
bla,6422
arquitecto,6421
ajo,6418
hoyo,6418
comió,6417
manchas,6417
bloqueo,6416
obligaciones,6416
quisieras,6414
ginebra,6413
furioso,6412
cualidades,6410
quedaría,6408
oírme,6404
prefieres,6404
obtenido,6403
tirando,6399
tómate,6396
lola,6395
trayectoria,6394
afectado,6391
héctor,6390
orina,6390
imaginas,6387
baby,6386
seguimiento,6386
temer,6386
tokio,6385
seguiremos,6383
unida,6383
toalla,6379
aman,6376
definir,6374
peligrosos,6374
b.,6371
barrera,6371
ayúdenme,6369
frutos,6369
tapa,6369
desconocida,6368
sos,6366
contarte,6364
hall,6362
mona,6362
probabilidades,6362
asegurarse,6361
algodón,6360
siesta,6360
parcial,6358
cargado,6357
leonard,6356
aventuras,6355
anuncios,6354
difusión,6351
decidieron,6350
motel,6348
gane,6347
confirmado,6346
reagan,6346
resultar,6346
activos,6344
certificado,6344
coalición,6343
completar,6343
previa,6343
poemas,6341
asilo,6337
cervezas,6336
retirado,6334
eterno,6333
soporte,6329
comencé,6328
lámpara,6328
juegan,6326
futura,6325
levante,6325
dedica,6324
seguidores,6324
citado,6323
inusual,6323
fijo,6322
graciosa,6321
preguntes,6317
centrales,6315
circunstancia,6314
respectivamente,6311
connor,6305
riley,6304
baloncesto,6303
músico,6302
carreteras,6297
cuidando,6297
ensayos,6297
sofía,6297
empieces,6296
mason,6295
quizas,6295
urbano,6293
test,6292
ida,6291
obligó,6290
manta,6289
llenas,6288
reformas,6288
luisa,6287
micrófono,6287
ortega,6287
coloca,6286
sucederá,6286
acudir,6284
curar,6283
provocó,6283
reacciones,6283
enfermería,6279
universitario,6278
moleste,6277
escudo,6274
matrícula,6274
surgió,6274
extrema,6273
sra,6270
alimentar,6269
cómplice,6269
domingos,6269
encendido,6267
vodka,6265
olvidaste,6262
lesión,6261
catalán,6260
liam,6260
subido,6260
injusto,6259
barrios,6257
humedad,6257
referencias,6257
participantes,6251
colin,6250
girar,6249
presiones,6249
querrías,6249
explicarlo,6248
pidieron,6248
convención,6247
ofrecido,6244
creció,6238
rifle,6238
falda,6237
directiva,6235
sillas,6235
et,6231
retorno,6231
supiste,6231
provocado,6230
meterme,6228
prepárate,6228
factura,6227
ajedrez,6224
relativamente,6223
abandono,6219
ciega,6217
lecciones,6216
borracha,6215
pilotos,6215
suspensión,6213
altamente,6212
furia,6212
wendy,6211
mentiste,6210
sandra,6209
intelectuales,6208
pesa,6207
superado,6207
lápiz,6206
identificado,6204
geniales,6203
travis,6202
intimidad,6201
catorce,6200
cursos,6200
exacta,6199
contrató,6198
raros,6197
sincera,6194
robaste,6190
advierto,6189
salvación,6187
durar,6179
alexander,6178
pasaje,6178
guerreros,6176
hacéis,6176
salva,6174
soñar,6174
hoteles,6173
incendios,6173
muros,6173
escuadrón,6171
terminará,6169
creando,6164
montaje,6164
nene,6164
recibimos,6160
supieras,6160
basa,6157
hábitos,6157
novelas,6155
traen,6154
inspección,6151
ralph,6145
star,6145
captura,6144
volverán,6144
normalidad,6143
audrey,6141
bilbao,6141
experimentos,6141
alternativas,6139
empiezas,6139
previo,6139
opina,6138
gritó,6137
gigantes,6135
ilegales,6132
bolivia,6131
soporto,6129
warren,6128
portal,6125
contarme,6122
félix,6122
fáciles,6120
na,6117
balance,6116
pagos,6115
kurt,6113
disponibles,6111
portero,6110
saludar,6110
a.,6108
pediré,6105
excepcional,6104
batman,6103
definitivo,6103
maletín,6103
dispone,6102
tracy,6102
nace,6101
caiga,6098
jugamos,6095
asia,6094
serios,6094
misiles,6092
penny,6092
buscaré,6091
básicos,6089
baños,6086
confirmó,6086
gatillo,6086
cortesía,6083
logan,6083
tragos,6081
araña,6079
financiación,6079
persecución,6079
medicinas,6078
otan,6074
serena,6074
fotógrafo,6073
confesar,6072
multa,6070
vigilar,6069
dí,6066
estima,6066
reglamento,6065
dirías,6064
empezaba,6064
envidia,6064
matas,6062
muéstrame,6061
paloma,6059
tumor,6059
maneja,6058
nora,6055
cambiará,6054
cobra,6054
alguacil,6053
id,6053
quieta,6052
vigila,6049
locas,6048
mandato,6047
deseando,6046
sudor,6042
alumno,6040
andaba,6040
ballet,6040
ultima,6039
llevara,6038
conquista,6032
cercanos,6031
cálculos,6031
corporación,6029
utilidad,6029
adoptar,6028
carla,6026
vistas,6022
marcar,6020
bastantes,6017
contenidos,6016
decirse,6012
ancho,6011
órbita,6011
encuentros,6009
presentimiento,6008
recuperado,6007
graham,6006
barón,6004
ganan,6004
kent,6004
carolina,6002
cintura,6001
nido,6000
almohada,5999
aplausos,5999
desesperación,5999
evan,5996
rosario,5996
pepe,5995
exilio,5991
love,5991
sangrando,5990
grecia,5989
colgado,5988
deshacerse,5987
contentos,5986
legislación,5984
lectores,5983
modales,5978
recta,5976
allen,5975
buscarte,5973
seth,5972
artificial,5971
puñado,5971
reduce,5971
notar,5970
paco,5969
andalucía,5968
preguntan,5968
sábanas,5967
licor,5966
sacando,5966
llamaban,5965
mentí,5963
especialidad,5962
portugal,5962
actitudes,5956
intentos,5956
cables,5955
externa,5954
mercancía,5952
raya,5952
trampas,5951
sorpresas,5950
enseñarte,5948
monos,5947
patada,5947
delincuentes,5946
pretendía,5946
malditas,5944
jovencita,5943
contactar,5940
determinación,5939
fina,5939
atravesar,5938
correspondientes,5938
mirado,5937
confuso,5936
piensen,5933
estelar,5932
pelos,5932
craig,5931
allison,5930
sammy,5930
artístico,5929
acompaña,5928
triple,5928
milagros,5927
echarle,5925
mochila,5925
nicole,5925
todavia,5925
atracción,5924
saliste,5922
asesor,5921
dejarle,5920
artística,5918
determinada,5918
específicamente,5918
interrogatorio,5918
proporción,5917
atreve,5915
homicidios,5915
admite,5914
aparecido,5913
stone,5913
afectados,5912
sandy,5912
considero,5911
opuesto,5910
químicos,5910
contaminación,5909
duncan,5908
numero,5907
tanques,5906
bart,5903
respiro,5902
bebo,5901
julián,5899
catalina,5898
rebelde,5897
diente,5896
protege,5896
distinguir,5895
philip,5894
amarilla,5893
preguntarme,5893
círculos,5892
litros,5892
básica,5891
contaste,5891
sigas,5890
masculino,5889
describir,5887
mansión,5884
muñecas,5884
espérame,5882
acabaron,5881
vendrás,5880
muchísimas,5878
preferido,5878
saludo,5878
increíbles,5877
rural,5877
afirmar,5875
vosotras,5875
cojo,5874
ruidos,5872
lotería,5869
pides,5869
case,5866
grosero,5865
temperaturas,5865
bigote,5864
kitty,5863
tiburón,5862
tomaba,5861
vega,5860
situado,5856
dinámica,5855
ocurrirá,5855
tronco,5852
exclusiva,5850
nazis,5849
complicada,5846
ordenar,5846
compuesto,5845
lea,5844
escucharme,5843
planificación,5843
ataúd,5842
rapidez,5842
lauren,5839
contratado,5838
localizar,5838
mitchell,5838
boleto,5835
poderosos,5833
afueras,5832
estudiado,5832
shh,5832
fiscales,5830
busque,5829
desesperada,5829
criado,5827
reservado,5827
sospechas,5827
fans,5825
necesitaremos,5825
críticos,5824
apoya,5823
hermosos,5823
salve,5821
colectiva,5819
determinados,5819
sagrada,5819
estreno,5817
nucleares,5816
tasas,5814
avanza,5810
coordinación,5810
encontrarán,5810
confías,5809
vivas,5808
dirán,5806
excusas,5806
gemelos,5806
saluda,5806
estarlo,5804
mecánico,5803
nicolás,5803
adrian,5802
aislamiento,5802
heredero,5802
plantea,5800
traslado,5800
aaron,5798
mel,5797
divina,5796
habrás,5796
sacaron,5795
aficionados,5794
decepcionado,5794
municipio,5794
avances,5793
obsesión,5790
emisión,5789
sumamente,5787
dándole,5785
asociaciones,5784
lentes,5784
voluntario,5784
documental,5783
equivoqué,5783
lucía,5782
occidente,5781
polémica,5781
originales,5778
busqué,5777
define,5776
collins,5775
comprendido,5773
destaca,5772
etapas,5772
sígueme,5772
enlace,5771
impresionado,5771
carbono,5770
ídolo,5770
earl,5768
pasaste,5767
retirarse,5767
romántica,5767
pida,5765
conservación,5764
goles,5764
tendencias,5764
inténtalo,5763
instancia,5762
representar,5762
discursos,5760
catedral,5756
recorrer,5756
restaurantes,5756
soportarlo,5756
comenzando,5753
comprobado,5752
pimienta,5752
recibirá,5752
terriblemente,5752
gusano,5751
propuso,5750
entendiste,5749
tomaremos,5746
corrección,5745
corrió,5744
galicia,5744
secuestrado,5744
castellano,5743
quietos,5742
simpático,5742
genes,5740
sonreír,5739
invitar,5736
clubes,5735
computadoras,5735
concejal,5735
marino,5735
cuidadosamente,5734
hemorragia,5734
placas,5731
fidel,5730
provincias,5730
coste,5728
dependencia,5727
individuales,5727
your,5727
corran,5725
sentimental,5722
suyas,5722
barbara,5721
polla,5721
asesinados,5720
cancelar,5719
entro,5719
sostener,5719
verduras,5719
atrapada,5717
galaxia,5717
indicado,5716
comenzamos,5713
ambición,5712
defectos,5712
paige,5712
viena,5712
martillo,5711
tranquilízate,5709
controles,5708
disfrutando,5707
cm,5706
eli,5706
desarrolla,5705
balcón,5704
molestes,5704
emocionada,5702
pondremos,5702
quédense,5700
quedara,5699
clan,5697
despertado,5697
pague,5697
meterte,5696
tiende,5696
be,5695
radar,5695
anciana,5694
mantengan,5694
interpretar,5692
bastardos,5691
terrenos,5691
halla,5689
manifiesta,5686
juegas,5684
brutal,5683
frecuentes,5683
ondas,5683
hadas,5682
creencias,5681
vestuario,5681
christopher,5680
controlado,5680
consideró,5676
falleció,5675
equivoca,5674
ji,5674
evita,5673
escritos,5672
coinciden,5671
equivoco,5670
gina,5668
águila,5667
lawrence,5665
borrar,5664
terminal,5663
adelantado,5659
aguarda,5658
cruce,5658
mostrarle,5658
físicamente,5657
terminaron,5657
favoritos,5656
enfrentarse,5655
guardián,5654
pesadillas,5652
probabilidad,5652
repugnante,5652
atacado,5651
bonnie,5651
desaparecida,5651
independientes,5650
industrias,5647
prestar,5645
murphy,5642
proceder,5642
agregar,5640
elefante,5640
noel,5639
etiqueta,5638
pondría,5638
gala,5637
hogares,5637
reunido,5637
únicas,5637
huéspedes,5636
tremendo,5636
botones,5635
alba,5634
capilla,5634
mitch,5634
tocaba,5634
ambiental,5632
sillón,5631
mientes,5630
simpson,5630
operar,5626
presta,5625
lograrlo,5624
objeción,5624
compromisos,5623
manhattan,5623
divino,5622
refleja,5622
mueven,5621
criada,5620
fox,5620
liberado,5619
publicó,5617
federico,5616
matarán,5616
alrededores,5614
extremos,5614
filme,5613
hábito,5611
proyección,5611
atado,5608
esperabas,5608
marcharse,5607
marica,5607
marchó,5606
aborto,5605
llamarla,5605
códigos,5604
estrictamente,5602
chimenea,5600
nombrado,5600
protegerte,5599
emergencias,5598
ocuparé,5598
harper,5597
extranjera,5596
zaragoza,5596
coordenadas,5595
propietarios,5595
reparar,5595
ronnie,5595
característica,5594
ejemplar,5593
pegó,5593
apagado,5592
aparatos,5592
cancha,5592
avisar,5591
jamón,5590
sordo,5590
adquirir,5589
admito,5588
portada,5588
diamante,5583
debbie,5581
heather,5579
publicar,5579
colocado,5577
intervenir,5577
leve,5577
traerme,5577
manteniendo,5576
residentes,5576
tour,5576
ampliación,5573
dueña,5570
protegido,5570
perdemos,5569
valentín,5569
cruzado,5568
vocación,5568
volviera,5568
enfrenta,5567
encaja,5566
orgullosos,5566
confirma,5562
altar,5560
amables,5559
jenna,5559
acusa,5558
alvarez,5558
inmensa,5558
estudia,5557
jabón,5556
anillos,5554
construyó,5554
ofensiva,5554
conversar,5553
quedarás,5553
tenerla,5552
pega,5550
bárbara,5548
freddy,5545
chistes,5544
cogí,5541
sanidad,5540
vagina,5540
continuidad,5538
mañanas,5538
saltó,5538
tristes,5537
muertas,5536
propaganda,5536
donald,5535
marqués,5535
fuéramos,5532
continuó,5531
leslie,5527
culpables,5525
adopción,5524
escasa,5524
extiende,5524
turner,5524
romanos,5523
disminución,5522
bo,5521
campus,5521
hamburguesa,5521
samuel,5520
pat,5519
integridad,5518
farmacia,5516
enseñarle,5513
cobre,5512
agarrar,5510
gramos,5510
boy,5509
cálculo,5509
invita,5509
firmas,5506
anderson,5505
condesa,5503
rodrigo,5502
puño,5501
walt,5501
presentarse,5498
considerable,5496
legalmente,5494
pagará,5494
mentales,5493
tirador,5493
cortos,5492
firmó,5490
bailarina,5489
encuentres,5489
audición,5488
avanzada,5483
culturas,5483
huyó,5483
lamentablemente,5483
sonriendo,5480
refugiados,5478
siguieron,5478
cristales,5476
saldremos,5476
cuñado,5471
duermo,5469
enteró,5469
expedición,5468
franklin,5467
tentación,5467
recurrir,5466
camas,5465
fallado,5465
avergonzado,5463
cuadra,5463
christian,5462
iniciales,5460
demostración,5459
evidencias,5459
oscuros,5459
responda,5456
saint,5456
chase,5455
espectador,5453
gustavo,5453
medicación,5453
salidas,5453
europeas,5452
bang,5451
pila,5451
buscarme,5450
sydney,5450
conferencias,5449
barney,5447
bruto,5447
casarnos,5447
mecánica,5446
musicales,5446
ejercer,5445
varón,5441
masiva,5440
quisiste,5440
trozos,5440
empuja,5438
superman,5437
telegrama,5436
cd,5434
us,5434
bañera,5431
habiendo,5431
pavos,5430
sentar,5430
caracas,5428
daisy,5428
fuegos,5428
gallo,5426
armonía,5425
eliminación,5425
acostado,5421
satisfacer,5420
chance,5419
brenda,5418
hans,5418
caribe,5417
existentes,5416
detenga,5415
plazas,5415
regresen,5415
ajuste,5414
jodidamente,5411
dormía,5410
mérito,5410
sándwich,5410
lance,5409
stuart,5408
ruinas,5407
jodan,5406
llamaría,5400
oler,5400
beca,5398
liderazgo,5398
mensajero,5396
sergio,5395
residuos,5393
esperé,5392
tierno,5392
veredicto,5391
célula,5390
terrestre,5390
visible,5390
cazadores,5388
discutiendo,5388
blue,5387
megan,5387
polonia,5387
síntesis,5387
afganistán,5382
tomada,5381
describe,5379
bodega,5378
subasta,5378
privacidad,5377
cuna,5376
capullo,5375
plumas,5375
salvaste,5374
can,5372
cubo,5370
boletos,5369
rodea,5368
bandeja,5367
compraste,5362
encantó,5362
destacar,5361
hacerles,5361
jules,5360
presidentes,5360
arriesgado,5357
jurídico,5357
terminaste,5355
cometí,5354
provincial,5353
ue,5353
enamorados,5352
frágil,5351
island,5351
casé,5350
convento,5350
novedades,5350
sentó,5349
fijado,5347
significativo,5346
coco,5345
conciertos,5345
preocuparme,5345
gestos,5344
rigor,5343
aprendiendo,5340
avanzado,5340
lleves,5340
billones,5333
caí,5333
escuches,5333
excelentes,5333
pasados,5333
trigo,5333
cambié,5330
escuchad,5330
muchachas,5328
pm,5326
llevarnos,5323
pudiese,5323
revela,5323
marrón,5322
chip,5320
jiménez,5320
jugó,5320
calcetines,5319
presupuestos,5318
malentendido,5316
afrontar,5314
entienda,5314
orgánica,5314
acuerda,5311
saliera,5310
torpe,5310
instrucción,5309
prometes,5307
enfrentamiento,5306
ferrocarril,5306
sucesos,5306
dados,5304
escuchan,5303
gotas,5303
jacques,5301
patrones,5301
invertir,5297
permitiré,5296
calvo,5295
pervertido,5291
apreciar,5289
equivalente,5289
ofertas,5287
racional,5287
siéntense,5286
decenas,5285
significar,5282
fritas,5281
aterrizar,5280
wade,5279
dejarás,5278
aterrizaje,5277
pagas,5276
necesitará,5274
realizan,5274
rechazó,5272
soñado,5272
aceptación,5271
pariente,5271
claros,5270
llegues,5267
ovejas,5267
tímido,5266
imaginado,5265
incluir,5265
canciller,5262
viaja,5261
comprando,5259
amenazó,5258
chofer,5258
queden,5258
vegetales,5258
antena,5257
rostros,5257
costillas,5255
kang,5255
físicas,5254
magnífica,5254
rol,5254
verlas,5254
shakespeare,5252
bernard,5251
convierten,5249
imperial,5249
utilizó,5248
artificiales,5247
irlanda,5247
específica,5246
arranca,5245
masaje,5244
may,5244
palos,5240
what,5240
bogotá,5239
dana,5239
hembra,5239
jardines,5238
lograron,5237
vigor,5236
kg,5235
suavemente,5235
hare,5234
sólido,5233
violenta,5233
escucharlo,5232
ilusiones,5232
perdonar,5232
consiguiente,5231
novato,5231
unir,5231
vaquero,5230
submarino,5227
agotado,5225
solíamos,5225
baker,5224
debieron,5224
desprecio,5224
persiguiendo,5224
sonó,5224
mentirosa,5222
salarios,5222
vacías,5220
enviando,5219
prevenir,5219
burro,5218
tomemos,5218
bonitos,5217
jill,5217
dejarán,5216
profundas,5213
dentista,5211
empresarial,5210
top,5210
convocatoria,5207
estadísticas,5206
phoebe,5205
ganaste,5204
longitud,5204
vínculo,5204
físicos,5203
long,5203
misiones,5203
expulsado,5201
introducir,5201
blair,5200
circular,5200
terminan,5199
metes,5198
jen,5197
cortinas,5195
ellie,5195
vic,5193
clay,5192
set,5190
destacó,5189
brooklyn,5188
recibieron,5187
legado,5186
cayeron,5185
leyó,5185
patricia,5185
estética,5182
rastros,5182
anunciar,5181
favorable,5180
suicida,5180
bruselas,5179
jurídica,5179
milán,5179
hágalo,5178
lamentable,5178
plenamente,5178
crónica,5173
consenso,5172
intentes,5172
vargas,5172
desee,5170
interesan,5170
maldad,5169
simón,5168
sabré,5165
queriendo,5164
vestir,5164
vulgar,5161
ayudan,5160
tara,5160
desgraciadamente,5159
herramienta,5159
isaac,5159
rechazar,5159
barata,5158
bebes,5157
encuesta,5157
revelar,5156
voluntarios,5154
danos,5153
sentiría,5152
prevención,5151
preocupo,5148
piratas,5145
cuidados,5144
prado,5143
operativo,5141
quitarle,5140
obstáculo,5133
exigencias,5131
útiles,5131
comí,5130
universitaria,5130
adams,5127
creerme,5126
software,5126
terraza,5125
desnudos,5124
mostrando,5124
vanessa,5123
callar,5122
localización,5122
aplica,5120
marinero,5119
sabrán,5119
delicada,5117
despierte,5117
protector,5117
rastrear,5115
sucios,5115
perrito,5114
tinta,5114
estrecha,5113
pense,5113
entras,5112
deseado,5110
q,5110
seattle,5110
infraestructura,5109
trama,5109
camarera,5107
iniciado,5107
afirmación,5106
misteriosa,5106
generar,5104
pagué,5104
cheques,5103
cocinero,5102
fingiendo,5101
ahorros,5100
ataca,5100
construyendo,5100
realista,5100
imprescindible,5098
matarnos,5098
noción,5097
pasaré,5097
renovación,5097
aceptarlo,5091
bus,5091
espías,5091
inyección,5091
práctico,5091
regresé,5090
respecta,5090
mendoza,5089
buscó,5084
despedirme,5084
curtis,5083
enfermeras,5083
convirtiendo,5080
solicitar,5080
adicional,5079
atraer,5079
alza,5074
docenas,5074
gases,5074
postal,5074
determinadas,5072
informaciones,5071
obstáculos,5071
pegar,5070
firmes,5068
electorales,5067
llévate,5067
tecnologías,5067
rechazado,5064
tablas,5064
nazi,5063
césped,5062
probando,5060
suicidó,5059
créame,5058
hablará,5057
psicópata,5057
adaptación,5056
mateo,5056
crucero,5055
mosca,5055
acércate,5054
estimado,5053
ajá,5051
lazos,5051
pam,5051
sonaba,5051
ansioso,5049
ll,5049
fino,5047
cleveland,5046
diseñado,5046
limitado,5046
post,5046
bajado,5045
mortales,5045
muriera,5045
obligados,5045
sacarme,5045
bata,5043
darás,5042
cerradas,5038
medir,5038
dejadme,5035
abuelos,5034
holanda,5033
jan,5033
trágico,5033
acoso,5032
entrenar,5031
terapeuta,5031
reconoces,5029
inauguración,5027
sugerencia,5027
entierro,5026
xviii,5026
miradas,5025
comienzos,5024
cumplió,5024
institucional,5024
cuota,5023
fracasado,5023
persigue,5022
plomo,5022
antigüedad,5021
experimentado,5021
integrantes,5020
amamos,5018
capturado,5018
quirófano,5017
benny,5016
subida,5015
arroyo,5014
contener,5014
fragmentos,5014
terremoto,5012
dinos,5011
gripe,5010
visiones,5010
atlántico,5008
urbana,5008
caldo,5007
enano,5007
sacarle,5007
hablaron,5005
saldré,5005
tuyas,5005
ayudarlos,5004
harvard,5004
semestre,5004
april,5003
contrabando,5002
facilitar,5002
propuesto,5002
beach,5001
infinito,5001
expuesto,5000
maravillas,4999
separar,4999
houston,4996
preguntaste,4995
trastornos,4994
culpar,4993
venas,4993
jugaba,4990
sentirlo,4990
ausente,4989
costos,4988
tuvieran,4987
deberia,4986
ahorro,4985
incluyen,4985
vinos,4985
vergonzoso,4984
vió,4984
infarto,4982
confidencial,4981
memorias,4981
policiales,4980
juana,4979
ruby,4979
pensaría,4978
soo,4977
hambriento,4976
singular,4976
mónica,4975
periodismo,4975
sientan,4975
hacíamos,4974
rencor,4974
protagonistas,4972
árabes,4972
agradecimiento,4970
inventado,4970
consentimiento,4967
acostarse,4966
servidor,4965
cuadrados,4964
comisiones,4961
compro,4961
gene,4961
que-,4961
complicaciones,4959
dichos,4959
odian,4959
ruina,4959
usé,4959
disparando,4958
habituales,4958
poseen,4958
televisor,4958
vinieras,4957
dulzura,4956
recto,4956
capas,4955
insoportable,4953
bajen,4952
finca,4952
jerusalén,4952
modificar,4952
suite,4952
comience,4951
revisa,4950
sirva,4950
agrega,4948
garantías,4948
ned,4948
sindical,4947
épocas,4946
eche,4945
gutiérrez,4945
ofender,4944
tejado,4942
colorado,4941
acordado,4940
asistentes,4939
entendía,4938
pertenecía,4937
vulnerable,4937
diremos,4936
prométeme,4936
agallas,4935
oral,4935
versiones,4935
lenguas,4934
halloween,4932
públicamente,4932
little,4931
tel,4931
booth,4930
culpo,4930
candidatura,4928
exhibición,4926
corresponsal,4925
jon,4922
maricón,4921
tortuga,4920
estrategias,4919
fax,4918
ideología,4918
inmigrantes,4918
opera,4918
rebelión,4918
suecia,4918
escondidas,4916
lecho,4916
ramírez,4915
reúne,4915
extrañar,4914
ridícula,4914
socialismo,4914
declara,4911
quedaban,4911
robé,4911
borrachos,4909
decida,4909
mutuamente,4909
atento,4908
correspondencia,4908
intentaron,4907
traía,4907
afortunada,4906
divertirse,4904
genera,4904
mueres,4903
sencillamente,4902
símbolos,4902
sacas,4901
supera,4901
iu,4900
conexiones,4897
continuamente,4897
ordena,4896
serpientes,4896
despedir,4891
hunter,4891
sharon,4891
ardiente,4890
one,4890
stella,4889
flecha,4888
recinto,4888
flash,4887
metiendo,4887
preocupas,4885
proviene,4885
samantha,4884
regionales,4883
aplauso,4882
tomarse,4882
ironía,4881
sufren,4880
crane,4879
hicieran,4879
velada,4879
mariano,4878
hacha,4877
acusados,4876
arrogante,4876
justificar,4876
patty,4875
reproducción,4874
agradecer,4873
cicatriz,4873
andan,4872
denise,4872
inútiles,4871
preocupen,4869
desconocidos,4868
joy,4868
cameron,4867
traerá,4867
guy,4866
manejarlo,4866
abandona,4865
administrador,4865
hablen,4865
hondo,4865
magnitud,4865
picado,4864
sacamos,4864
georgia,4863
suministro,4863
duke,4860
jung,4860
clásicos,4859
aca,4858
delincuente,4857
acerques,4856
diversidad,4856
vamonos,4856
difícilmente,4855
lateral,4855
corten,4854
ejecutar,4854
mascota,4853
menuda,4852
tratados,4852
douglas,4851
prostitutas,4851
conserva,4850
demos,4850
increible,4850
escocia,4849
cindy,4848
pro,4848
vitales,4848
córdoba,4847
oido,4846
soltar,4846
autorizado,4845
pareciera,4845
versos,4843
bicho,4841
detectar,4839
freddie,4838
gorra,4838
homero,4838
obrero,4838
woo,4838
eventualmente,4837
mates,4837
resultaba,4837
pedía,4836
gobernar,4835
sacerdotes,4835
connie,4834
destinados,4834
destrozado,4834
ejecutiva,4834
preocupaba,4834
bares,4833
modificaciones,4833
delegado,4832
chan,4831
excitante,4831
variables,4830
ciu,4829
integral,4829
vestíbulo,4829
com,4828
defecto,4828
examinar,4828
bingo,4827
deriva,4826
aparente,4823
explorar,4822
requieren,4821
restantes,4821
logré,4820
compre,4819
inesperado,4817
píldoras,4816
sentirte,4816
seminario,4815
acontecimiento,4813
bell,4812
encontraban,4811
aprendió,4810
castigado,4810
libremente,4809
rodar,4809
continuo,4807
hablaban,4807
hueles,4807
rapido,4806
pensaron,4804
dramático,4803
olvidarlo,4801
ego,4800
usuario,4799
ampliar,4798
quitarme,4798
requisitos,4798
boxeo,4796
nobles,4795
astuto,4793
retrasado,4792
drew,4791
envuelto,4791
compraré,4790
exista,4789
explicaré,4789
honorable,4785
limpias,4785
valen,4785
dirigía,4784
sorprendida,4784
habríamos,4783
olvidas,4782
formando,4781
golfo,4781
helena,4780
escondiendo,4779
iván,4778
paquetes,4778
up,4778
electrónica,4776
empate,4776
tocas,4776
oportuno,4775
romeo,4775
camaradas,4774
prepárense,4773
visitante,4773
harrison,4771
doscientos,4770
tercio,4770
admiro,4769
asumo,4769
crecen,4767
judy,4765
morris,4765
corren,4764
funcionado,4763
vanguardia,4763
crecí,4762
semilla,4761
ignorar,4760
pujol,4760
abejas,4759
boom,4759
regresará,4758
básicas,4757
convicción,4757
diaria,4756
dejarnos,4755
michel,4754
muñoz,4754
natal,4754
viajero,4754
espantoso,4753
llegaría,4753
perímetro,4751
echando,4750
vivían,4750
agustín,4749
lunar,4749
zorro,4749
limitaciones,4747
banesto,4746
poblaciones,4746
robos,4745
niego,4744
rápidos,4744
materias,4741
echaron,4740
manteca,4738
coja,4737
concesión,4736
linterna,4735
vago,4735
cigarro,4734
lloyd,4734
marea,4734
estrecho,4733
molestando,4732
significan,4732
thompson,4732
osos,4731
vuelos,4731
aparezca,4730
melissa,4730
resultan,4730
manga,4727
amelia,4726
detenerme,4726
promover,4725
reunió,4725
videos,4725
mirarme,4724
tenés,4724
condenados,4720
efectiva,4720
madison,4719
trevor,4718
península,4716
ap,4715
mantenía,4715
usualmente,4714
adolfo,4713
medicamento,4712
uruguay,4711
noventa,4710
consumidores,4709
existente,4709
nietos,4709
conozcas,4708
traicionado,4708
fallecido,4707
escuchaba,4706
alfred,4704
aroma,4704
universitarios,4703
cambiaron,4702
ocurren,4702
entendimiento,4701
poetas,4701
fieles,4700
papeleo,4700
inferiores,4699
pasteles,4699
métete,4697
simpatía,4696
remoto,4694
venus,4694
consiguen,4693
ignorancia,4693
inventó,4693
viajando,4693
ejemplares,4691
considerada,4690
incidentes,4688
maniobra,4688
molestado,4688
portátil,4688
prudente,4688
entretenimiento,4686
vih,4684
cubanos,4683
estallar,4683
desempleo,4680
realizadas,4680
contraseña,4679
santuario,4679
sostén,4679
abriendo,4678
estatuto,4678
relevante,4678
cometa,4675
cretino,4675
senos,4675
with,4675
religiosos,4674
suplico,4674
oir,4673
carteles,4672
concluir,4672
descuento,4672
retrocede,4672
arnold,4671
conocías,4671
mediterráneo,4671
naval,4671
quite,4671
encantaba,4670
inés,4669
leña,4669
llegaré,4669
rompí,4669
pantalón,4668
asociados,4666
jodas,4666
tradiciones,4666
duermes,4665
esperaban,4664
rana,4664
gays,4663
imbéciles,4663
asegurado,4662
veían,4662
autónoma,4661
batallas,4660
brilla,4660
llanto,4660
paró,4660
rory,4660
desear,4659
actúan,4658
inmigración,4658
sacaré,4658
relacionadas,4657
solían,4657
creías,4654
pistolas,4654
aparecieron,4653
campanas,4653
descarga,4653
abren,4651
sólida,4651
peculiar,4650
bailey,4649
ideales,4649
volverse,4649
guerrilla,4647
hamburguesas,4647
einstein,4646
pusimos,4645
costas,4644
aprobó,4643
busquen,4643
dominante,4642
necesitabas,4642
omar,4642
comerciantes,4641
continúan,4640
séptimo,4638
calibre,4637
katherine,4637
territorios,4637
edgar,4636
rivera,4634
atrae,4633
doctrina,4633
fuertemente,4633
orígenes,4633
pri,4631
disfrute,4628
debamos,4626
ias,4626
llevaste,4623
confesó,4622
tarda,4622
jurisdicción,4621
cabrones,4620
ramos,4620
sostuvo,4619
toledo,4619
cortas,4618
crudo,4618
esperábamos,4618
liberales,4618
valientes,4618
abundante,4617
escondite,4617
napoleón,4617
sid,4617
táctica,4617
movido,4616
oyeron,4616
revólver,4615
ponernos,4614
rehén,4614
tardar,4614
demostró,4613
transmitir,4613
conquistar,4612
dc,4611
serias,4611
honrado,4610
cubana,4607
llegarán,4606
adicto,4605
drake,4605
moscas,4605
valía,4605
costará,4604
suministros,4604
amparo,4603
laboratorios,4603
fumando,4602
pillado,4602
entraste,4601
j.,4601
toni,4601
estafa,4600
inmenso,4599
marcador,4599
optimista,4599
compleja,4598
grandeza,4598
protegiendo,4598
shaw,4598
consiguieron,4597
dominar,4597
seguían,4597
esfera,4595
admiración,4594
pasadas,4594
hierbas,4593
delantera,4592
eliminado,4592
salvarte,4591
toco,4590
venecia,4590
maurice,4586
reed,4586
torta,4585
automóviles,4584
nocturna,4584
contraste,4582
razon,4582
trimestre,4582
tuviese,4582
filmar,4581
perry,4581
pirata,4581
ayúdeme,4580
atlético,4579
educado,4579
melodía,4579
literaria,4576
agrícola,4573
automático,4573
dispararle,4572
inconveniente,4571
indispensable,4569
dormí,4568
engañando,4568
procedentes,4568
conservador,4567
kirk,4567
troy,4567
andas,4566
supuse,4566
trofeo,4566
cerradura,4565
oraciones,4565
conocieron,4564
conocían,4564
lesbiana,4564
supermercado,4564
aseguraré,4563
perdedores,4563
creencia,4562
dedicada,4562
estabamos,4562
sutil,4561
distracción,4557
traficante,4556
cuentes,4554
señalado,4554
tomarlo,4554
guardado,4553
advierte,4552
paja,4552
colinas,4551
navaja,4551
verificar,4551
estándar,4549
kilo,4549
cortina,4548
lanzado,4548
lex,4548
roba,4547
neal,4546
salinas,4545
escuchamos,4544
frecuentemente,4544
dirigen,4543
suban,4543
brooke,4542
encontraría,4542
limpiando,4542
teatral,4542
mide,4541
obsesionado,4541
canalla,4539
competencias,4538
obligada,4538
tiras,4537
entendió,4536
ingenieros,4536
resiste,4536
armando,4535
arreglos,4535
comisionado,4532
internas,4532
foro,4531
judía,4531
posteriores,4531
eficiente,4530
uniformes,4530
w,4529
navarro,4528
tejidos,4527
american,4526
rescatar,4526
corresponden,4525
rivales,4525
avanzando,4524
finalidad,4524
a.m.,4523
atacaron,4523
guardaespaldas,4523
gubernamental,4522
honestidad,4522
reportero,4522
wallace,4522
adulta,4521
contribuir,4521
colegios,4520
ofrecerle,4520
caravana,4518
comparado,4518
entere,4517
modernos,4514
censura,4513
cruza,4513
cruzando,4513
pelotón,4512
deliciosa,4511
mantendrá,4511
oírte,4511
anunciado,4509
iluminación,4508
creyendo,4506
apártate,4505
barras,4505
quedarán,4505
aplicaciones,4504
zach,4504
encontrarnos,4503
nicky,4502
sheila,4501
superficial,4501
moriré,4500
oyendo,4500
tobillo,4500
tregua,4500
caña,4499
deportiva,4499
convertirme,4498
inventar,4498
alison,4497
asegurarnos,4497
afectan,4496
tratamientos,4496
d.,4494
disponer,4494
oyen,4494
peligros,4494
homosexual,4492
jódete,4492
adquisición,4491
agradecida,4491
hongos,4491
deténgase,4490
meg,4490
consideraba,4489
préstamos,4489
conectar,4488
dejad,4485
preocupan,4483
revisando,4483
compositor,4482
católicos,4481
cañones,4480
mick,4480
presentaron,4480
rené,4478
ahorrar,4477
misericordia,4477
vaticano,4477
ofreciendo,4476
pendejo,4476
bronce,4475
entraba,4475
griegos,4475
gastado,4473
biología,4472
molestias,4472
amber,4470
cardíaco,4469
espadas,4468
descanse,4467
imponer,4467
kit,4467
ceder,4466
observaciones,4466
naomi,4465
mudo,4464
zumo,4463
bastón,4462
terminemos,4462
procede,4460
contribución,4458
musulmanes,4457
cohete,4456
confirmación,4456
educativo,4456
mantenerte,4456
palmas,4456
autobuses,4454
derrotar,4454
matamos,4454
quiebra,4454
gustaban,4451
estatales,4449
evitando,4449
caramelos,4448
sip,4448
cuide,4447
fantasías,4447
involucrados,4447
extraterrestres,4446
virtudes,4446
laborales,4445
concha,4444
cuelga,4444
dorada,4444
montado,4444
violín,4442
this,4441
habitualmente,4440
eve,4439
personalidades,4439
cuernos,4437
palmer,4437
provecho,4437
leones,4436
leerlo,4434
fibra,4433
debías,4432
granero,4432
secundarios,4432
académico,4431
escúcheme,4431
manejando,4430
arregla,4429
solitaria,4429
violentos,4429
mm-hmm,4427
rompiendo,4427
separa,4427
xvi,4427
concreta,4426
unió,4424
zapatillas,4424
creíste,4423
vagabundo,4422
magistrado,4421
alla,4420
mariscal,4420
antepasados,4419
c.,4419
convincente,4418
gimnasia,4418
arreglaré,4416
alteraciones,4415
déjanos,4415
históricos,4415
time,4415
dawson,4413
perspectivas,4413
acepte,4412
episodios,4412
expresiones,4411
desaparecieron,4410
relativa,4410
chaleco,4409
nevera,4409
atlanta,4407
celebra,4407
primos,4407
joel,4406
soñé,4406
comemos,4405
fabricación,4405
advertí,4404
digna,4404
ríen,4404
bobo,4403
caramelo,4403
creativo,4402
seguirán,4400
abrí,4399
atiende,4399
disputa,4399
permíteme,4398
veinticinco,4398
informática,4395
llamará,4395
abc,4394
cansancio,4393
disposiciones,4392
experimentar,4392
republicano,4390
caía,4389
mariana,4389
futuros,4388
continuará,4387
conocidas,4385
espectro,4385
facturas,4385
gusanos,4385
boris,4383
religiosas,4382
conseguiremos,4381
escribiste,4379
instalado,4378
jodidos,4378
sepamos,4377
agarró,4375
elaborado,4375
quedaremos,4375
usarla,4375
enterrar,4374
tuviéramos,4374
concierne,4373
gratitud,4372
ohh,4370
evaluar,4368
concluyó,4367
diplomático,4367
dudar,4366
acompañar,4363
explique,4363
africa,4360
inicialmente,4360
variable,4360
zack,4359
afectar,4357
bonos,4357
ingresar,4357
criar,4355
agresivo,4354
acompaño,4352
realizados,4352
contienen,4350
aficionado,4348
esconderse,4348
banderas,4347
exportaciones,4347
secundario,4347
escribía,4346
escolares,4344
herir,4344
titulares,4344
corría,4343
lema,4343
represión,4343
dichas,4342
éxitos,4341
escriba,4340
echaré,4339
invento,4339
sebastian,4339
hermandad,4338
muevan,4338
pis,4337
componente,4336
juicios,4336
atardecer,4335
dorothy,4335
vegetal,4335
jesus,4334
reportaje,4334
rosie,4334
traerlo,4334
católico,4332
depósitos,4331
hazte,4331
mientas,4331
capitales,4329
cálmese,4329
escopeta,4328
gráfico,4328
hockey,4328
ardiendo,4327
específicos,4327
concéntrate,4326
dejarlos,4326
convierta,4325
becky,4324
ocupo,4322
trabaje,4321
aprendiste,4320
empeño,4320
aislado,4319
relleno,4319
suceso,4319
deterioro,4318
carece,4317
departamentos,4317
choi,4316
convertirá,4316
incorporación,4316
latín,4316
regina,4316
cemento,4313
músculo,4312
registrar,4312
divirtiendo,4311
est,4311
perseguir,4311
comenzará,4310
confiado,4310
leonardo,4310
riñón,4310
billetera,4308
mueras,4308
narcotráfico,4308
durará,4307
montones,4307
inminente,4306
invitada,4306
existido,4305
river,4305
asustó,4304
respirando,4304
tardará,4304
sitúa,4303
conocerle,4302
nostalgia,4301
cargas,4300
roll,4300
veis,4300
asociado,4299
corredores,4299
injusticia,4299
viajeros,4297
capitalismo,4296
varones,4296
dallas,4295
aterrador,4292
damon,4292
discreción,4292
pantano,4292
mortalidad,4290
solicitado,4290
defiende,4289
modesto,4289
claves,4288
irlandés,4288
parecería,4288
enseño,4287
modificación,4287
anuncia,4286
mantenerme,4286
polis,4286
denuncias,4285
proposición,4285
descubrieron,4284
favores,4284
freno,4283
lograste,4283
acercando,4282
doyle,4282
velo,4282
capturar,4281
aceptable,4280
bando,4280
admitió,4279
bate,4279
lydia,4279
láser,4279
menciona,4279
comprometida,4277
pillo,4277
compartimos,4275
envíe,4275
mo,4275
monumento,4275
vacuna,4275
trataré,4274
estúpidas,4273
regulación,4273
vaqueros,4273
logros,4272
yoga,4272
convivencia,4270
quienquiera,4270
armar,4269
cuaderno,4269
huye,4269
cuchillos,4268
morirás,4268
administrativo,4267
biológica,4267
semejantes,4267
ie,4266
desaparecidos,4265
burke,4263
colón,4263
sendero,4263
acta,4262
constantes,4262
ternura,4262
breves,4261
contemplar,4261
escucharon,4261
lastimado,4261
matarlos,4261
creéis,4260
gatito,4260
granos,4259
incidencia,4259
narrador,4258
sometido,4256
íntimo,4256
impone,4255
pagarle,4255
valoración,4255
merced,4254
monja,4254
decepción,4253
yang,4252
jordi,4251
ofrezco,4249
anuales,4247
madura,4247
metiste,4247
sensores,4247
cuevas,4246
llevarán,4245
pensaré,4245
tremenda,4245
indias,4244
phillip,4243
minerales,4242
umbral,4242
valga,4242
acogida,4241
ai,4241
cultivos,4240
difunto,4240
rotos,4240
armadura,4239
fundador,4239
orleans,4238
botín,4237
acompañe,4236
casamos,4236
finn,4236
rodaje,4236
arrancar,4235
charlar,4235
insisto,4235
jovencito,4235
negativos,4235
categorías,4234
corregir,4234
alec,4233
peña,4233
robbie,4233
correa,4232
manada,4232
propongo,4232
ultimo,4232
beverly,4231
nikki,4228
pierce,4228
barril,4227
químico,4226
brisa,4225
fuí,4224
libra,4224
artillería,4223
ningun,4223
acostumbrada,4222
valladolid,4222
farsa,4220
lindsay,4220
patadas,4220
árbitro,4220
compramos,4219
creían,4219
bud,4218
lluvias,4218
data,4215
imagínate,4215
matanza,4215
peste,4215
khan,4214
recomendación,4214
creada,4213
fisher,4213
húmedo,4213
castle,4212
fábricas,4211
marc,4210
sacrificios,4209
trataron,4209
distante,4208
mojado,4207
noté,4207
pensiones,4205
cuidadoso,4204
flotando,4204
jungla,4202
líos,4202
austria,4201
campesino,4201
cubiertos,4201
potente,4198
corteza,4196
noah,4196
delta,4195
filadelfia,4195
municipios,4194
cuadrado,4193
pongamos,4192
aparcamiento,4191
reconstrucción,4191
sirena,4191
delgada,4190
hal,4190
espectáculos,4189
aragón,4188
engañó,4188
gentil,4187
alias,4186
escultura,4186
abandonada,4185
bendito,4185
israelí,4185
convencional,4184
usada,4184
escogido,4183
lindos,4183
sacarla,4183
wyatt,4183
esther,4182
externo,4180
linea,4179
nieta,4179
caleb,4178
consta,4178
llevarle,4178
redondo,4178
retiró,4178
lazo,4177
tolerancia,4177
moore,4176
sobrevivido,4176
espléndido,4175
laurel,4175
prefieren,4175
stark,4175
er,4173
realizando,4173
navarra,4172
pretender,4172
sun,4171
hanna,4170
sucesión,4170
cállese,4168
pnv,4168
empleos,4167
aah,4166
abordar,4166
acusó,4166
dispare,4166
dramática,4165
olla,4165
decisivo,4164
gallinas,4164
japonesa,4164
libertades,4164
monseñor,4164
buque,4163
ordenes,4163
recibiste,4163
situada,4163
winston,4163
vertical,4162
conducía,4161
silencioso,4161
trastorno,4161
honduras,4160
volvimos,4160
fractura,4159
laberinto,4159
falló,4157
sobrio,4157
observado,4156
cepillo,4155
huésped,4155
equivocados,4154
votantes,4154
apoyado,4153
codo,4150
elevada,4150
encendida,4150
fachada,4150
deprimido,4148
cerrando,4145
lava,4145
mejorando,4145
mostrador,4145
murray,4145
tomates,4144
mejorado,4143
residente,4143
movió,4142
orinar,4142
reza,4142
tiburones,4141
elegí,4140
escolta,4139
generosa,4139
benjamin,4138
caca,4138
cam,4138
catalana,4138
che,4138
indicar,4138
pabellón,4138
arriesgar,4137
territorial,4137
broadway,4136
out,4136
dolares,4134
esenciales,4133
peggy,4133
vigente,4133
colombiano,4132
encuestas,4132
devuelve,4130
campañas,4129
llamaremos,4129
observador,4128
destruye,4127
newton,4127
entremos,4126
pintado,4126
racista,4126
regimiento,4126
richie,4126
alboroto,4125
daphne,4124
huracán,4124
lastimar,4124
aprobar,4123
considerarse,4123
pásame,4123
vendré,4123
típica,4122
tomaría,4121
generosidad,4120
conscientes,4119
destruyó,4119
mikey,4119
lecturas,4118
recogido,4118
vitamina,4118
brasileño,4117
indicios,4117
limitada,4117
gustos,4116
reposo,4116
santander,4116
debimos,4115
gama,4115
facultades,4114
gustaria,4114
instintos,4114
plana,4113
promete,4113
claudio,4112
rechaza,4112
marruecos,4111
ordeno,4111
inestable,4110
argentinos,4108
li,4106
liras,4105
déme,4104
plaga,4103
tocan,4103
dadas,4102
excursión,4102
proporciona,4102
curiosa,4101
distinción,4101
municiones,4101
silva,4101
solicitó,4100
tomarme,4100
encantará,4099
regaló,4099
empleada,4098
bono,4097
clavo,4097
espuma,4096
series,4096
cargada,4095
oímos,4095
exploración,4092
fallar,4092
inmortal,4091
luchas,4091
molestarte,4091
playas,4091
indígena,4090
protestas,4090
esperaremos,4089
feroz,4089
oía,4089
transportes,4088
colgando,4087
nuca,4087
parlamentario,4087
credibilidad,4086
manny,4086
evans,4085
respetable,4085
reveló,4085
crucial,4083
cómico,4082
perdidas,4082
escasos,4081
mariposa,4081
robots,4081
comparar,4080
delantero,4080
extras,4080
pipa,4079
escaso,4078
expedientes,4078
preguntaré,4078
fidelidad,4077
incluidos,4077
peligrosas,4077
wall,4076
cesar,4075
erica,4075
mandé,4075
parados,4075
adora,4074
felix,4074
lindas,4074
masacre,4074
gregorio,4073
acerque,4072
picante,4072
simultáneamente,4072
discusiones,4071
sujeta,4070
mera,4069
precedentes,4069
dieciocho,4068
inclusive,4068
sobrevivió,4068
leon,4067
putos,4067
relojes,4067
densidad,4066
valiosa,4064
cúpula,4062
frito,4062
intuición,4062
jornadas,4062
sonrió,4062
garantizo,4061
vendo,4061
pulmón,4059
tire,4059
aparta,4058
niñez,4058
suspendido,4057
shirley,4056
chantaje,4055
esperes,4055
móviles,4055
boyd,4054
propina,4054
conociera,4053
lees,4053
pensaban,4053
comprador,4052
mejilla,4051
navegación,4051
positivos,4051
necesitarás,4050
picasso,4050
pólvora,4050
pasajero,4049
acordamos,4048
cotidiana,4048
ajeno,4046
aliado,4046
joya,4046
lara,4046
panel,4046
tablero,4046
rio,4045
dieciséis,4044
amiguito,4043
cría,4043
glenn,4042
proponer,4042
párrafo,4042
burton,4041
baúl,4040
echas,4040
mapas,4040
golpeando,4039
aparecía,4038
camilla,4038
explicado,4038
kansas,4038
condujo,4035
escudos,4035
mezclar,4035
salvarme,4034
devolveré,4033
experimental,4031
atraviesa,4030
presentarte,4029
caerá,4028
cálido,4027
dependiendo,4027
marx,4027
demócrata,4026
detesto,4026
dong,4026
fijar,4026
ordenadores,4026
pasaban,4026
vitaminas,4026
xvii,4026
abundancia,4024
maletero,4024
abraham,4023
cobardes,4022
hostil,4022
mcgee,4022
ariel,4021
cecilia,4021
porción,4021
comunicarse,4020
eché,4020
ganadores,4020
afición,4019
foster,4018
generador,4018
déjate,4017
cargando,4015
columnas,4015
hablara,4015
hermanito,4015
complejidad,4014
salchichas,4014
supervisor,4013
acondicionado,4012
grey,4012
reunidos,4012
soberanía,4012
sospecho,4012
averigua,4011
precaución,4011
pino,4010
ingenio,4009
mudó,4009
psicológico,4007
arrestar,4006
bestias,4006
burla,4005
prevista,4005
asturias,4004
by,4004
cerebros,4004
confundida,4004
defenderse,4004
monasterio,4004
suaves,4004
suéltalo,4003
meto,4002
galleta,4001
elvis,4000
luchador,4000
perderte,4000
permitía,4000
bloques,3999
incómoda,3997
mayordomo,3997
causando,3996
levantarme,3996
rocky,3995
tumbas,3995
tijeras,3994
colaboradores,3993
planea,3993
aleja,3992
huelo,3992
carros,3991
nacionalista,3991
revelación,3991
atras,3989
presentará,3989
banquete,3987
caballería,3987
extinción,3987
amorosa,3986
cera,3986
inquietud,3986
voló,3986
stefan,3985
navegar,3983
gps,3982
hubiesen,3982
cansados,3981
ríes,3981
usaste,3977
financieras,3976
influencias,3976
jessie,3976
arruinó,3975
necesitaban,3975
consultar,3974
occidentales,3974
monje,3973
dimisión,3972
arizona,3971
variaciones,3971
pasillos,3970
muñeco,3968
ficha,3967
encontrarle,3966
literario,3966
niñita,3966
nudo,3966
atascado,3965
profundos,3965
elaine,3964
convirtieron,3963
decides,3962
hectáreas,3962
morgue,3962
ugt,3962
kathy,3961
barnes,3960
parlamentarios,3960
excesivo,3959
marilyn,3959
registró,3959
temblando,3958
clyde,3957
exigir,3955
incertidumbre,3955
debas,3953
escoria,3953
rutas,3953
sinceridad,3953
perpetua,3952
provisiones,3952
relacionada,3952
comparte,3951
pasarme,3950
laguna,3949
campbell,3948
convenció,3948
referente,3948
colaborar,3947
cascos,3946
excesiva,3946
comprueba,3945
guante,3945
morirán,3945
regresamos,3945
diabetes,3944
exponer,3944
sullivan,3943
tecnológico,3943
explicarle,3942
reclamar,3942
venda,3942
ocurría,3941
dobles,3940
llueve,3940
moisés,3940
claude,3939
kid,3939
póngase,3939
acostarme,3938
biológico,3937
grueso,3937
contempla,3936
decoración,3936
capítulos,3935
theo,3934
llover,3933
nombrar,3933
sospechar,3933
incapacidad,3932
z,3932
metáfora,3931
permitan,3931
sentirás,3931
disminuir,3930
rudo,3930
debíamos,3929
estímulo,3929
pasaremos,3929
prohibición,3929
tienden,3929
cacería,3928
derrotado,3927
srta,3927
flora,3926
nomás,3925
temen,3925
accionistas,3924
celebrando,3924
disculpo,3924
gallego,3924
lote,3924
paraguas,3924
rex,3924
adecuadamente,3923
intentaste,3922
atrevas,3921
demora,3921
ratones,3920
provisional,3919
consumidor,3918
limpios,3917
nombramiento,3917
refrigerador,3917
complejos,3916
ebrio,3916
efectuar,3916
otto,3916
destacado,3914
directivos,3914
específicas,3914
empezaste,3913
espejos,3913
saquen,3913
descubrimos,3912
campeones,3910
informaron,3910
admitirlo,3909
medina,3909
aceptas,3908
administrativa,3907
catástrofe,3907
encantar,3907
estableció,3907
kilómetro,3907
respeta,3907
salchicha,3907
afán,3906
reaccionar,3906
sabés,3905
severo,3905
explico,3902
delegados,3901
guardo,3901
inscripción,3901
vázquez,3901
publica,3900
tucker,3900
maquinaria,3898
finalizar,3897
pagamos,3897
pálido,3897
reconstruir,3895
bishop,3893
escondida,3893
chi,3892
grand,3892
creatividad,3891
malvada,3891
soviético,3890
sonia,3889
marcel,3886
esencialmente,3885
quemó,3885
buzón,3884
won,3884
encerrada,3883
máscaras,3883
rector,3882
vacíos,3882
frasco,3881
insignificante,3881
perlas,3881
atrevido,3880
grabando,3880
hallado,3878
idiomas,3877
legítimo,3877
pensará,3877
conductores,3876
olga,3876
posada,3876
acompañante,3875
vendrías,3875
ayudarles,3874
impresiones,3874
responden,3874
ayudé,3873
diviértete,3873
millonario,3873
recogió,3873
utilizados,3873
acera,3872
monta,3872
amabilidad,3871
esteban,3871
empezaremos,3870
comencemos,3869
ejércitos,3869
sirvo,3869
plantilla,3866
parecida,3865
concedido,3863
practicando,3863
fundamento,3862
pretenden,3862
vigilante,3862
elegidos,3861
cubiertas,3860
tramo,3859
emisora,3858
sospechosa,3858
ciegos,3857
telefónicas,3857
vendedores,3857
organizada,3856
tiré,3856
adjunto,3855
drogado,3855
transparente,3855
enviaste,3854
infantiles,3854
usaron,3854
distancias,3853
resultaron,3853
cometiendo,3852
cruzó,3852
stewart,3852
merecido,3851
denunció,3850
eugenio,3850
madurez,3850
publicaciones,3850
relativo,3850
aseguran,3848
cereales,3847
world,3847
eficiencia,3846
bici,3845
despido,3845
éxtasis,3844
granjero,3843
irónico,3843
austin,3842
habré,3842
tribal,3841
necesitábamos,3840
pesados,3840
garras,3839
valentía,3839
menem,3838
litro,3837
integrado,3836
sentarnos,3836
acercan,3835
ocupan,3835
presentada,3835
visitó,3835
abiertamente,3834
apuro,3834
asesinaron,3834
bancaria,3834
déjelo,3834
pensábamos,3834
amores,3833
aumentando,3833
interiores,3833
nueces,3833
ésas,3833
contamos,3832
jinete,3832
misterios,3832
retira,3832
sombreros,3832
sumo,3832
moción,3831
ponerla,3831
canarias,3830
extranjeras,3830
augusto,3829
jeffrey,3828
pulgar,3828
entrenado,3826
carson,3825
lenny,3823
tess,3823
tranquilamente,3823
aumentado,3821
ballena,3821
bailes,3820
adquirido,3819
independientemente,3819
gen,3818
melanie,3818
deberias,3817
congelado,3815
fibras,3815
neumáticos,3815
obedecer,3815
traerte,3815
latas,3814
milord,3814
nasa,3812
estrado,3811
célebre,3810
enterarse,3810
cumplen,3809
forzado,3809
gwen,3809
rompecabezas,3809
generalitat,3808
hacerlos,3808
debiera,3806
judiciales,3806
testificar,3806
toqué,3806
cogeré,3805
monto,3805
aprovechando,3804
cc,3804
destinada,3804
sindicales,3802
sonny,3802
tenias,3802
tve,3802
conducción,3801
monroe,3801
soga,3801
ciudadana,3800
expulsión,3799
genético,3799
propósitos,3799
pusiera,3797
edades,3796
tocino,3795
caes,3794
taberna,3794
paradero,3793
sensibles,3793
suene,3793
quedaste,3792
debéis,3791
anfitrión,3790
durmió,3790
cumpliendo,3789
fuma,3789
poseer,3789
raj,3788
turnos,3788
entiendas,3787
permitiría,3787
abismo,3786
atentamente,3786
congresista,3786
empujar,3785
elaborar,3784
incluida,3784
nobel,3784
destacan,3782
devuelto,3781
jodiendo,3781
horarios,3780
acercamiento,3779
brandy,3779
variar,3779
verdaderas,3779
conseguirá,3778
supuesta,3778
celebrado,3777
denominado,3776
terminando,3776
estricto,3775
impulsos,3775
muscular,3775
pruebe,3775
quitarte,3774
bélgica,3772
cierren,3772
puertos,3772
esclavitud,3771
erik,3770
foco,3770
receptor,3770
pretexto,3769
talentos,3769
ahh,3768
fases,3768
colonial,3767
oliva,3767
buck,3766
escribes,3766
ocultando,3766
detengan,3765
mares,3764
traseros,3764
estate,3763
amos,3762
olviden,3762
preciosas,3762
road,3762
disfruten,3761
aguanto,3760
fiona,3760
negado,3760
carlo,3759
urss,3759
hormigas,3758
masculina,3758
botes,3756
sábados,3756
costes,3755
mrs,3755
rudy,3755
tarifas,3754
apodo,3753
cueste,3753
hablábamos,3753
partió,3753
túneles,3753
terminada,3752
cuadras,3751
diccionario,3751
claus,3750
perfectos,3749
piper,3749
produciendo,3749
retroceder,3749
monk,3748
períodos,3748
habernos,3746
comunitario,3745
pescadores,3745
veterano,3745
bichos,3744
chileno,3744
ortiz,3744
abro,3743
gordos,3743
reynolds,3742
creerá,3741
trabajadora,3741
apropiada,3740
núñez,3740
randall,3740
funcional,3739
ganarse,3739
realizará,3739
avery,3737
dee,3737
sabias,3737
hallamos,3736
cago,3735
efectivos,3735
enseñarme,3735
mediana,3734
turco,3734
caracteriza,3733
insistir,3733
meredith,3733
ra,3733
recomiendo,3733
romana,3733
cadera,3732
rompiste,3732
hermanita,3731
hamilton,3730
mundiales,3730
republicanos,3730
síganme,3730
amenazado,3729
encarga,3729
toallas,3729
ayudes,3728
cuñada,3728
enseñando,3728
impaciente,3728
males,3728
noroeste,3728
sacan,3727
sexualidad,3727
revisado,3726
disparé,3725
marcharme,3724
ronald,3724
sobredosis,3724
haley,3723
localizado,3723
parcialmente,3723
stevie,3723
detenerse,3722
explotó,3722
mercurio,3722
pascua,3722
quemaduras,3722
admirable,3721
filósofo,3721
alienígena,3720
perdono,3720
pieles,3719
comparten,3717
costar,3716
licenciado,3716
marge,3716
mostraba,3716
joyce,3715
marcó,3715
permanecen,3715
aceptan,3713
espaciales,3713
abel,3712
entres,3712
chad,3711
ocuparme,3711
sugirió,3711
marcho,3710
nacionalistas,3710
willy,3710
anton,3709
cuenca,3709
manipulación,3709
querés,3709
val,3709
yo-,3709
fraternidad,3708
parques,3708
aurora,3707
camisas,3707
talvez,3705
mero,3704
empiecen,3701
reside,3701
enviados,3700
tropa,3699
enteras,3698
furiosa,3696
tratos,3695
bóveda,3694
esperma,3694
alterado,3693
porter,3693
senadores,3693
buddy,3692
privilegios,3692
puestas,3692
compensar,3690
silver,3690
vicky,3688
restauración,3687
cabellos,3686
jet,3686
ladrillos,3686
concretamente,3685
violó,3685
coral,3684
pañales,3683
tubos,3683
apuntó,3682
asado,3681
wells,3681
ganaron,3680
asombrosa,3679
doncella,3678
escritora,3678
recordarlo,3678
voluntariamente,3678
acusada,3677
pretendo,3677
motivación,3676
lena,3675
scotty,3675
carnes,3674
llamara,3674
mírala,3674
sexualmente,3674
alejarse,3673
carnicero,3673
prostitución,3673
valerie,3673
conejos,3672
indiferencia,3672
sentiste,3672
angie,3671
aprieta,3671
bacterias,3671
digitales,3671
get,3671
significativa,3671
bennett,3670
citar,3669
colonias,3669
sherlock,3669
frías,3668
tango,3668
dinamita,3667
manolo,3667
gubernamentales,3666
mear,3666
adoptado,3665
beba,3665
cantaba,3664
emboscada,3664
hada,3664
hammond,3664
helados,3664
incrementar,3664
monarquía,3664
puentes,3664
radicales,3664
redonda,3664
labores,3663
lester,3663
aprecia,3662
colchón,3662
llegaban,3662
tope,3662
formidable,3661
gritaba,3661
conseguirás,3660
rodeada,3660
arias,3659
mención,3659
culpabilidad,3658
gancho,3658
christina,3657
secos,3657
barriga,3656
frenos,3656
suceden,3656
peluca,3655
alojamiento,3654
compensación,3654
moriría,3653
definido,3652
recipiente,3652
problemática,3651
natalia,3650
cachorro,3649
desarrolló,3648
automáticamente,3647
dante,3647
necesitaría,3647
puros,3647
pito,3646
stalin,3646
haríamos,3645
alimenta,3644
extracción,3644
inversores,3643
suicidarse,3643
actuó,3642
ohio,3642
saldría,3642
dañado,3640
dibujar,3640
santidad,3640
bésame,3639
cathy,3639
involucrada,3639
supervisión,3639
contenedor,3638
crueldad,3638
contabilidad,3637
ministra,3637
discreto,3636
cicatrices,3635
paraguay,3635
sasha,3635
tomarte,3635
bernardo,3634
marines,3634
advertir,3633
aguda,3633
detroit,3633
matarle,3633
saltando,3633
extraterrestre,3631
like,3631
surgido,3631
an,3630
dejarse,3630
km.,3630
tos,3630
alquilar,3628
celeste,3628
entrañas,3628
sexta,3628
encontrada,3627
profeta,3627
todopoderoso,3627
dependen,3625
sobrevivientes,3625
enmienda,3624
rodean,3624
adicionales,3623
cool,3623
parecerá,3623
trates,3623
considerados,3622
griffin,3622
supuestos,3622
violet,3622
paralelo,3621
homicida,3620
