palabra,frecuencia
de,24459038
que,19102844
la,15403031
no,13845008
a,12810585
el,12100878
y,11309024
en,11051605
es,8013166
un,7265404
lo,6908748
por,6016577
los,5687850
una,5193925
se,5080634
con,4509652
qué,4351664
me,4302080
para,3894252
las,3687944
del,3505097
te,3154427
su,3109129
pero,2819996
si,2676145
está,2627414
mi,2589564
al,2500543
sí,2459145
como,2404116
bien,2176247
más,2165223
eso,2144243
yo,2083618
le,1845414
aquí,1691911
tu,1665803
todo,1544237
ha,1452267
ya,1389442
o,1386256
esto,1379826
muy,1294788
esta,1290741
ahora,1213835
así,1205977
cuando,1188601
hay,1179228
este,1144392
algo,1125191
estoy,1122710
vamos,1072351
él,1070567
ser,1052612
bueno,1039956
nos,1021380
sus,1011957
fue,1005240
tengo,986784
era,985658
nada,960184
tiene,954339
sé,946793
tú,946172
cómo,935449
vez,930765
estás,929301
sólo,912140
ella,911291
son,903809
hacer,890471
he,879341
porque,870759
todos,844860
puedo,825278
quiero,822885
gracias,803297
puede,792545
dos,784866
sin,773153
soy,772069
sobre,767724
ese,752181
estaba,730266
también,715468
tiempo,687892
tan,686387
entonces,685644
creo,683937
tienes,682238
casa,672896
usted,668917
esa,668819
voy,662485
sabes,647130
eres,641438
verdad,629489
hasta,626256
solo,622353
nunca,616936
años,611574
hace,609859
va,604495
hola,603263
mucho,599601
quién,596225
mejor,577793
vida,577140
decir,568965
mí,562903
dónde,560489
ni,555431
están,551731
favor,549447
señor,542633
hombre,540236
oh,536659
siempre,535920
ver,529254
uno,529067
quieres,524005
siento,521986
había,512587
dios,509312
has,507560
antes,506316
día,506052
desde,502267
tenemos,498611
poco,489944
cosas,484381
ti,483867
otra,482966
mismo,478580
han,478219
hecho,474909
alguien,470767
puedes,470464
ahí,456119
dijo,451371
estar,448651
entre,448607
noche,446359
trabajo,441225
ir,439955
después,433246
mis,429362
sea,421711
acuerdo,418814
otro,412548
parece,410169
donde,409601
ellos,408528
estamos,402058
mundo,399953
gente,399821
nosotros,398706
padre,396287
estado,392772
nadie,389461
tal,389345
les,380802
parte,377788
sido,376857
momento,376691
podría,369129
menos,367335
mira,366113
quiere,365883
fuera,365550
gran,364639
lugar,358565
hablar,357328
tener,350961
tenía,350059
tres,349324
nuevo,347157
pasa,339032
vas,336124
cada,334232
claro,331173
dinero,330904
madre,325343
mañana,324759
sr.,321637
tipo,318946
hoy,318874
días,318147
luego,316333
allí,313986
mujer,311563
nuestro,310353
tanto,308198
cosa,305321
sabe,305253
todas,302663
haciendo,298899
hijo,298154
dice,297048
seguro,296087
podemos,294383
debe,292452
espera,289591
vale,288283
será,287967
estas,285915
toda,283994
haber,283752
tus,283696
amigo,277532
nuestra,273824
buena,272089
aún,269890
quien,269688
estos,267930
nombre,264690
tienen,264360
veces,262197
mamá,258225
mal,255988
buen,255558
durante,252007
papá,251063
quería,249429
dije,249282
unos,249272
pasado,249247
forma,247915
gusta,246115
hizo,245925
caso,245252
contra,240888
tarde,240846
necesito,240791
oye,239741
alguna,238669
hemos,236016
cuenta,235082
visto,234626
conmigo,233733
mientras,233013
otros,231669
realmente,231221
hora,230432
problema,230258
crees,229737
año,229700
razón,229371
primera,228538
cierto,227632
saber,227254
dicho,225969
hacerlo,225440
mierda,224926
pues,223512
idea,222982
mío,220959
e,220351
aunque,220211
familia,215124
hacia,215122
amor,214016
esos,212421
pueden,212072
importa,211642
todavía,208416
personas,207355
policía,207069
casi,206579
contigo,206465
cualquier,206307
demasiado,205046
ven,203236
serio,202946
algún,199354
ve,198486
nueva,197917
eh,196607
lado,196477
manera,195856
cabeza,195520
hombres,194191
historia,193715
dentro,190519
sería,188040
salir,188038
debería,186785
van,186422
ciudad,185759
ustedes,184390
muchas,183573
poder,182146
algunos,181159
amigos,181053
chica,179295
mayor,177873
sabía,175312
chicos,174510
hermano,174414
esas,174267
primer,174056
país,173107
vaya,172489
agua,172356
misma,171495
veo,171364
haces,170177
camino,169922
persona,169741
iba,169636
realidad,168677
fin,168510
importante,167574
primero,167530
digo,166604
horas,166262
semana,165909
puerta,165036
somos,164983
pensé,164934
bajo,164484
muerte,164398
problemas,163433
punto,163199
ah,163190
pasó,162454
quizá,162117
buenas,161279
supuesto,161065
cuatro,160375
da,159390
mano,159322
niños,159305
volver,157907
además,157835
señora,157598
cariño,157329
ayuda,157073
ojos,156143
cinco,155815
pasar,155741
general,155361
pronto,155069
debo,154548
minutos,153924
sino,153281
gobierno,153247
manos,152657
presidente,152440
muerto,152117
muchos,151773
chico,150641
guerra,150278
hice,150151
incluso,149589
medio,149551
cuál,149002
hablando,147959
adiós,147325
siquiera,147214
genial,146594
fueron,146401
ello,145509
rápido,145063
equipo,144798
dejar,144278
significa,144035
jefe,143984
millones,143875
suerte,143636
otras,143352
ayer,143323
cuerpo,142880
llegar,142773
mujeres,141630
posible,141531
según,141086
nuestros,140807
quizás,140555
tierra,140549
único,140434
hija,140247
ninguna,140049
final,139803
cara,139709
niño,139669
supongo,138657
juntos,138569
algunas,138298
entiendo,138296
número,138168
ningún,138155
deja,138097
ves,137917
tío,137775
cerca,137185
corazón,137016
miedo,136673
buenos,135945
eran,135785
haya,135257
hubiera,135227
feliz,134886
unas,134608
espero,134308
igual,134222
viene,134025
meses,133712
sigue,133344
dar,133102
podía,132930
última,132602
difícil,132094
os,131791
venir,131556
vi,131170
viejo,130961
bastante,129919
tomar,129675
gustaría,129585
cuánto,129281
encontrar,129194
adelante,129092
justo,127679
sentido,127245
esposa,126847
segundo,126392
grande,125939
allá,125797
clase,125560
cual,124597
ante,124416
juego,123963
tenido,123709
pensar,122575
pueda,122548
hey,122545
doctor,122517
grupo,122028
cuidado,121613
suficiente,121520
sangre,120642
pequeño,120593
dijiste,120417
trata,119650
haré,119359
último,119291
frente,118840
grandes,118548
venga,118329
llama,117751
noches,117749
toma,117736
necesita,117516
debes,117004
arriba,116339
vuelta,116050
coche,115283
tampoco,114609
trabajar,114099
cuándo,113793
fuerte,113054
seguridad,112861
mas,111983
entrar,111610
vivir,111446
escucha,111246
déjame,111119
pueblo,110890
hijos,110015
joven,109943
cuanto,109716
hago,109515
escuela,109447
tras,109409
cree,109380
cambio,108920
luz,108503
oportunidad,108478
fui,107891
sistema,107860
embargo,107758
teléfono,107525
dices,107034
seis,106876
alto,106802
habla,106620
fiesta,106187
loco,105913
atrás,105663
debemos,105402
pregunta,105358
hacen,105315
seguir,104984
quieren,104978
dio,104868
paso,104786
falta,104348
fácil,104304
ido,104001
padres,103930
vino,103897
hiciste,103778
estaban,103610
situación,103446
abajo,103283
única,102884
siendo,102733
modo,102519
información,102513
dólares,102258
esté,102017
hermana,101162
tuvo,100620
dado,100541
música,100209
paz,100159
culpa,100086
queda,99750
real,99733
auto,99696
palabra,99679
deberías,99624
sola,99591
derecho,99103
lista,99093
partido,98783
orden,98419
exactamente,98103
nacional,97832
listo,97811
comida,97638
necesitamos,97624
habría,97608
libro,97501
capitán,97498
diciendo,97488
comer,97387
sabemos,96930
lejos,96430
pasando,96380
morir,96325
haga,96236
puesto,96203
calle,96005
dicen,95693
estabas,95588
par,95417
vete,95198
política,95063
malo,94881
habitación,94593
probablemente,94355
estuvo,94320
éste,94130
plan,93919
especial,93698
palabras,93575
pequeña,93405
ok,92530
creer,92453
relación,92441
chicas,92341
ley,91988
bebé,91942
pensando,91862
conozco,91817
simplemente,91798
acerca,91649
diez,91543
esperar,91507
través,91507
tuve,91480
centro,91320
largo,91148
buscando,90780
cama,90769
nuestras,90475
recuerdo,89726
rey,89710
españa,89245
voz,88556
dame,88513
demás,88434
sra.,88400
saben,88320
mil,88198
lleva,87354
tenga,86947
necesitas,86587
conseguir,86568
amo,86373
propia,86122
dime,85896
propio,85823
sitio,85812
resto,85118
oficina,85097
libre,85061
segura,85025
peor,84837
estará,84648
poner,84462
fuerza,84398
marido,84318
arma,83893
puta,83640
oído,83399
llevar,83244
podrías,83204
ejemplo,83157
mucha,82823
control,82698
esperando,82683
atención,82391
don,82202
fuego,82127
llamado,81962
madrid,81548
viaje,81501
dormir,81384
cuarto,81311
dr.,81308
siguiente,81191
matar,81188
habían,81143
hagas,81124
ambos,81094
habrá,80772
perdido,80772
prueba,80706
futuro,80546
campo,80389
deben,80305
hospital,80139
di,79843
ellas,79527
vivo,79235
piensa,79176
semanas,78903
edad,78894
ayudar,78887
venido,78846
murió,78814
película,78746
san,78454
maldita,78300
preocupes,77900
estados,77690
niña,77659
vista,77413
junto,77315
correcto,77124
llamar,76992
basta,76950
john,76877
aire,76848
encima,76632
cielo,76625
iré,76578
buscar,76470
programa,76383
personal,76349
café,76267
detrás,75904
público,75548
minuto,75529
director,75524
llegó,75408
demonios,75100
pienso,74926
verte,74715
acaba,74616
boca,74341
diga,74285
anoche,74140
vuelve,73971
dirección,73937
llamada,73881
ud.,73708
servicio,73676
ésta,73379
idiota,73201
jugar,73018
mala,73012
social,72800
médico,72630
mes,72606
obra,72583
asunto,72466
perder,72268
dejó,72262
armas,71938
duro,71929
querido,71689
preguntas,71395
queremos,71159
perdón,71136
deberíamos,70848
pie,70846
mayoría,70801
unidos,70669
segunda,70555
empezar,70454
mía,70219
digas,70106
hacemos,70083
perro,69856
señorita,69817
ropa,69754
hacía,69106
papel,68964
sueño,68900
oficial,68865
extraño,68852
negro,68761
jamás,68529
hará,68452
afuera,68391
sol,68390
media,68290
diablos,68187
necesario,67901
noticias,67796
increíble,67735
josé,67679
principio,67631
respuesta,67604
llegado,67586
universidad,67567
maldito,67565
juan,67487
vemos,67350
haría,67342
compañía,67020
cambiar,67004
dolor,66968
mesa,66967
mensaje,66962
nivel,66938
pudo,66937
s,66762
decisión,66696
línea,66679
diferente,66656
aquel,66537
libertad,66531
alrededor,66406
vio,66090
mitad,66022
i,65961
espacio,65958
respecto,65919
pena,65890
trabajando,65886
agente,65861
the,65847
sexo,65844
sociedad,65709
salud,65646
investigación,65466
suena,65457
proceso,65410
aqui,65334
encontrado,65323
tratando,65310
usar,65091
trato,64971
querida,64873
siete,64652
blanco,64565
supone,64481
raro,64457
consejo,64414
diré,64158
zona,64152
jack,64138
últimos,64105
error,64030
mejores,63952
hubo,63942
perfecto,63930
tema,63844
reunión,63826
piensas,63798
york,63796
sucede,63457
podríamos,63447
carta,63370
secreto,63056
siente,62736
gusto,62509
decía,62440
irme,62112
ganar,62044
base,62000
odio,61995
decirle,61976
ocurre,61874
sean,61871
maría,61851
suelo,61812
hotel,61623
silencio,61571
daño,61519
amiga,61474
pobre,61416
partir,61245
asesino,61144
entiendes,61096
encuentra,61074
quieras,60870
fondo,60767
pensaba,60669
existe,60653
srta.,60636
darle,60442
dan,60427
baño,60266
carrera,60210
conoces,60204
acción,60170
duda,59966
vuelto,59500
partes,59392
interior,59177
tendrá,59087
imposible,59076
pagar,59043
mente,58989
divertido,58846
sala,58646
acabo,58517
negocio,58419
apenas,58409
ocho,58342
próxima,58325
ejército,58190
mar,58171
estaré,58121
cita,57980
pelo,57970
abogado,57897
diferentes,57850
conoce,57779
recuerda,57585
asesinato,57535
recuerdas,57496
vive,57478
ay,57381
energía,57238
banco,57221
arte,57176
empresa,57159
foto,57106
normal,57082
seas,56992
casos,56953
novia,56941
totalmente,56910
países,56865
izquierda,56861
conocer,56739
proyecto,56723
estaría,56635
cámara,56568
causa,56562
estábamos,56560
cállate,56478
capaz,56466
pesar,56418
iglesia,56401
parecía,56375
pruebas,56363
derecha,56311
siglo,56291
mantener,56275
ministro,56243
uh,56143
sentir,55919
salvo,55865
baja,55840
quienes,55826
dejado,55336
hicieron,55234
caja,55185
profesor,55145
estuve,55083
cargo,54985
opinión,54936
club,54719
verlo,54712
decirte,54567
encontré,54470
desarrollo,54450
haz,54450
aquella,54411
accidente,54225
quiera,54110
carlos,54089
terminado,53975
mercado,53915
sam,53909
próximo,53862
total,53811
sal,53801
varios,53621
pase,53551
cualquiera,53493
david,53464
oro,53311
encuentro,53276
valor,53140
cena,53130
deseo,53126
funciona,53066
comprar,53019
posición,53003
estudio,52883
movimiento,52793
finalmente,52747
mire,52727
nuevos,52724
salió,52694
hambre,52662
completamente,52573
encanta,52538
formas,52506
norte,52492
aun,52225
adónde,52217
dile,52136
lamento,51955
experiencia,51912
debido,51896
loca,51853
tuyo,51744
m,51720
llega,51719
vosotros,51673
alta,51423
fuiste,51383
tipos,51295
contacto,51255
alma,51181
tranquilo,51168
dijeron,51125
color,50895
justicia,50882
placer,50874
disculpe,50856
mató,50823
radio,50587
busca,50569
muertos,50556
pone,50497
imagen,50448
especie,50342
pudiera,50340
ex,50298
llamo,50269
puso,50269
entra,50268
montón,50264
cárcel,50253
tienda,50212
corte,50170
carne,50158
éxito,50141
conocido,50139
muchacho,50034
viste,50008
peligro,49913
principal,49850
delante,49847
interesante,49824
sale,49753
pude,49743
común,49701
hablas,49687
creí,49603
barco,49422
sientes,49414
pies,49391
tenías,49330
bonito,49168
traje,49132
sur,49109
ataque,49022
entendido,49010
quisiera,49009
michael,48991
podrían,48930
maestro,48862
jóvenes,48791
posibilidad,48715
escuchar,48714
terminar,48616
diferencia,48606
escena,48540
humano,48517
caballeros,48483
departamento,48446
datos,48355
defensa,48319
evitar,48318
negocios,48194
simple,48192
eras,47998
objetivo,47978
cabo,47857
verdadero,47746
abuela,47717
prensa,47716
novio,47629
canción,47622
llamó,47557
haremos,47539
rato,47511
gustan,47460
juicio,47442
estúpido,47397
tonto,47396
puntos,47395
relaciones,47299
cine,47268
aquellos,47213
tenían,47201
asi,47021
río,47018
joe,46817
uso,46786
condiciones,46687
muchachos,46644
especialmente,46591
destino,46568
frank,46559
serie,46534
juez,46505
george,46503
quédate,46480
nuevas,46471
fuerzas,46468
entender,46448
fotos,46386
contrario,46378
avión,46337
hermosa,46280
matrimonio,46199
ninguno,46196
serán,46117
televisión,46067
cocina,46022
edificio,45999
tiempos,45969
mismos,45938
dulce,45937
frío,45919
vieja,45898
sorpresa,45846
boda,45837
libros,45749
marcha,45689
prisa,45685
intento,45681
piso,45664
charlie,45577
interés,45508
precio,45490
luis,45446
acabó,45438
c,45392
salida,45378
acá,45353
terrible,45165
primeros,45047
tom,45033
humanos,44973
época,44962
llevo,44932
luna,44909
cuestión,44896
resulta,44850
volvió,44816
presencia,44766
entrada,44764
cumpleaños,44704
informe,44643
central,44599
efecto,44514
encontramos,44474
europa,44467
esperaba,44452
culo,44420
muerta,44410
mirando,44310
miembros,44308
llevó,44299
tren,44180
decirme,44179
abre,44162
necesidad,44151
muestra,44072
caballo,44032
diría,44026
naturaleza,43924
triste,43823
presente,43774
intentando,43756
jesús,43709
tía,43702
teniente,43673
reina,43630
honor,43605
resultados,43598
cantidad,43578
español,43471
apoyo,43419
regalo,43403
tengas,43398
méxico,43302
misión,43280
carajo,43273
horrible,43238
lucha,43146
paciente,43003
crimen,42966
tendrás,42905
estés,42900
broma,42893
podido,42890
anda,42855
santa,42849
espere,42737
vestido,42730
vienen,42724
militar,42720
navidad,42715
cerebro,42651
drogas,42649
sacar,42574
ciento,42572
tendría,42473
metros,42430
permiso,42406
amable,42364
menor,42338
resultado,42227
das,42212
varias,42193
detective,42163
víctima,42110
mike,42068
debía,42007
basura,41920
señal,41910
abuelo,41903
ocurrió,41886
segundos,41874
temo,41839
esposo,41766
mirar,41758
estilo,41724
nave,41667
internacional,41642
vámonos,41592
respeto,41559
maldición,41520
siéntate,41511
pensado,41426
medios,41311
io,41291
locura,41264
juro,41257
prisión,41250
encontró,41202
viendo,41186
servicios,41053
parís,41040
anterior,41035
momentos,40956
escribir,40871
prometo,40861
pidió,40855
antonio,40828
vidas,40808
miles,40806
bar,40762
querías,40682
trabaja,40659
ventana,40577
permite,40553
político,40533
memoria,40515
animales,40462
enfermedad,40400
quedó,40360
pocos,40336
ten,40319
américa,40275
infierno,40258
piel,40254
doble,40140
caliente,40079
comunidad,40054
cambiado,40052
saberlo,40017
flores,39993
tendremos,39981
gracioso,39973
contar,39907
larga,39863
vayas,39835
guardia,39820
creía,39775
visita,39773
regresar,39772
debajo,39744
podrá,39718
natural,39716
enseguida,39710
teatro,39692
tratar,39683
oír,39621
mundial,39616
riesgo,39607
leer,39583
inteligente,39552
parecer,39535
nueve,39530
espalda,39528
estuviera,39511
operación,39496
coronel,39459
compañero,39443
tuya,39439
doy,39424
verano,39383
maravilloso,39329
derechos,39328
ideas,39298
esperanza,39296
adentro,39265
sucedió,39256
vine,39244
hechos,39207
baile,39176
francia,39150
creen,39149
blanca,39141
golpe,39121
educación,39106
empezó,39067
tendré,39060
hermanos,39056
pedir,39028
santo,38944
dale,38932
llamas,38899
beber,38861
viva,38802
peter,38760
agradable,38693
hicimos,38617
julio,38610
domingo,38593
disculpa,38585
isla,38568
azul,38458
pregunto,38421
excelente,38405
completo,38401
paul,38358
victoria,38283
obras,38219
hablado,38193
medida,38171
hazlo,38133
alegro,38121
deje,38101
regreso,38057
trae,38050
nota,38031
lleno,38004
importantes,37941
temprano,37889
superior,37885
hogar,37860
miren,37822
planeta,37814
veras,37715
actual,37694
producción,37688
solamente,37686
cultura,37640
unidad,37608
motivo,37561
capital,37556
hermoso,37537
estación,37439
banda,37376
comisión,37368
dando,37363
modos,37296
cerveza,37224
salvar,37216
bolsa,37209
espíritu,37197
confianza,37142
necesitan,37108
hablo,37063
presión,37027
tomó,37008
cliente,36869
abrir,36866
cuántos,36855
sueños,36818
irse,36800
rojo,36792
enfermo,36777
londres,36761
calor,36747
crisis,36735
estrella,36729
ojo,36599
escrito,36581
pareja,36558
diario,36553
lindo,36540
órdenes,36518
peso,36473
importancia,36416
red,36400
hablamos,36384
acto,36368
ése,36324
d,36242
cartas,36241
max,36232
acaso,36211
grupos,36200
peligroso,36177
vuelva,36122
asuntos,36029
nombres,35947
verás,35880
listos,35879
solía,35807
brazos,35800
teniendo,35790
pista,35784
área,35755
sargento,35732
linda,35701
empieza,35677
actividad,35675
james,35666
organización,35649
calma,35639
pequeños,35607
pesetas,35601
excepto,35573
b,35539
suyo,35532
té,35517
ganas,35469
pelea,35468
cenar,35428
capacidad,35420
popular,35368
enorme,35350
teníamos,35272
propósito,35260
bonita,35252
puedas,35242
lee,35241
cuello,35216
brazo,35160
sabías,35156
mirada,35146
daré,35142
obtener,35136
porqué,35120
llave,35092
población,35078
copa,35003
ayudarte,34974
recordar,34810
quise,34787
modelo,34746
rico,34740
reglas,34728
aprender,34717
responsable,34685
calidad,34640
fe,34633
local,34631
quedar,34569
española,34513
leche,34506
empresas,34453
inglés,34424
quedan,34410
piernas,34402
joder,34391
profesional,34365
sector,34334
comandante,34328
costa,34307
pública,34235
noticia,34183
harás,34178
parar,34143
ben,34134
pan,34096
alguno,34029
distancia,33999
humana,33968
lugares,33912
recursos,33878
estudios,33863
definitivamente,33854
fiscal,33845
corre,33811
podamos,33781
soldados,33756
veremos,33747
necesitaba,33740
veré,33728
zapatos,33689
equivocado,33677
veamos,33636
acciones,33571
familiar,33520
perra,33483
comenzó,33482
planes,33477
dieron,33462
razones,33428
parecen,33408
casas,33396
opción,33352
carácter,33329
inmediatamente,33292
caer,33217
máquina,33168
cuentas,33122
figura,33083
líder,33036
intentar,33032
elección,33027
vienes,33026
batalla,33009
aspecto,32989
voluntad,32931
trasero,32896
colegio,32894
henry,32894
llaman,32892
tocar,32852
vuelo,32844
ocupado,32813
apuesto,32799
verme,32788
tratamiento,32764
depende,32763
decirlo,32726
llena,32712
diablo,32684
dejé,32658
fútbol,32650
viernes,32619
ganado,32604
civil,32600
jugando,32570
enemigo,32313
francisco,32287
verde,32210
luces,32196
grave,32190
irnos,32174
campaña,32160
correr,32147
culpable,32100
entiende,32085
fecha,32079
mediante,32079
sociales,32046
tribunal,32020
pedido,32004
bomba,31994
volveré,31970
cuales,31966
darme,31909
artículo,31899
absolutamente,31886
mary,31878
análisis,31872
sepa,31866
absoluto,31863
vos,31832
velocidad,31829
conversación,31822
duele,31802
bailar,31771
pasada,31755
seré,31745
tanta,31742
tuviera,31723
usa,31721
verla,31709
iremos,31686
directamente,31621
escúchame,31610
tomado,31609
decidido,31595
clases,31534
llevaba,31531
películas,31530
acceso,31490
teoría,31470
terminó,31465
responsabilidad,31443
barcelona,31428
ciencia,31392
puertas,31344
tí,31308
sentimientos,31306
economía,31295
congreso,31292
comunicación,31281
habéis,31231
preocupa,31224
tuvimos,31220
intenta,31203
políticos,31194
preparado,31168
menudo,31164
vea,31151
hacerle,31082
objeto,31070
calles,31068
estrellas,31030
unión,30989
bill,30988
harry,30970
cierta,30967
fuente,30960
repente,30948
tarjeta,30937
pacientes,30932
confiar,30918
acabado,30872
conocimiento,30815
pistola,30809
mayores,30726
oí,30711
señores,30699
acabar,30678
sirve,30657
suya,30627
solución,30624
abierto,30595
hagan,30570
sonido,30526
vayan,30501
instituto,30499
premio,30487
mentira,30482
clientes,30462
precisamente,30441
tercera,30437
sigo,30412
cielos,30403
salido,30403
probar,30388
nena,30386
viento,30367
darte,30345
vistazo,30338
pedro,30323
ojalá,30318
vacaciones,30308
dejes,30305
sigues,30287
llegue,30271
propiedad,30257
crear,30247
hacerte,30235
molesta,30199
matado,30195
majestad,30175
viejos,30166
hubiese,30164
intención,30143
cambios,30127
bosque,30121
lengua,30120
parque,30116
apartamento,30055
traer,30041
material,30022
ama,29998
alcalde,29992
hayas,29987
elecciones,29986
existen,29901
rosa,29874
llevas,29870
irá,29813
brillante,29812
interesa,29801
verdadera,29800
código,29783
ruido,29783
propios,29776
t,29776
compañeros,29774
violencia,29758
u,29719
cierra,29715
animal,29625
seguramente,29624
recibir,29572
ambiente,29514
curso,29501
ministerio,29495
conjunto,29491
secretario,29489
alegra,29474
vuelvo,29427
you,29420
tantos,29409
francés,29406
tomando,29397
estén,29396
estarás,29377
toca,29332
dientes,29324
aparece,29266
inmediato,29262
espectáculo,29240
esfuerzo,29227
sentía,29134
bob,29128
fuimos,29120
actitud,29115
testigo,29081
papa,29078
tome,29074
miguel,29070
traído,29044
conciencia,29043
laboratorio,29032
perdió,29019
perdona,29015
jimmy,28967
función,28966
escapar,28964
oferta,28955
millón,28951
deberían,28931
contrato,28898
rostro,28874
conocí,28850
irte,28846
productos,28824
alex,28799
pared,28796
estáis,28773
subir,28743
piedra,28735
quedarse,28732
quedarme,28724
etc,28692
bienvenido,28691
kilómetros,28668
árbol,28666
tercer,28661
siguen,28642
perros,28633
obviamente,28625
ia,28591
jim,28554
plaza,28551
cayó,28550
olvidado,28536
haberlo,28511
marca,28496
puedan,28490
detalles,28471
carga,28468
exacto,28456
belleza,28434
policías,28301
dejo,28283
visión,28279
príncipe,28269
n,28252
ambas,28244
trabajadores,28242
tony,28199
tantas,28197
medicina,28195
despierta,28177
sábado,28177
ocasión,28172
protección,28144
administración,28135
fuentes,28130
estaremos,28129
vender,28112
temporada,28090
cuya,28059
aceptar,28058
inocente,28052
lunes,28014
universo,27976
reloj,27890
sentado,27886
juegos,27880
quedado,27862
llamaré,27849
pareces,27822
grado,27792
abierta,27781
pido,27776
sensación,27766
turno,27748
cuyo,27743
existencia,27734
querer,27718
escenario,27683
refiero,27665
escuché,27633
salga,27631
puente,27620
playa,27604
silla,27569
daniel,27533
caballero,27496
restaurante,27483
origen,27479
comienza,27477
quiso,27473
puerto,27460
vuestra,27412
discurso,27407
médicos,27405
búsqueda,27400
periódico,27374
dedos,27369
danny,27363
soldado,27356
víctimas,27341
agentes,27331
empleo,27323
miembro,27319
serás,27313
perdí,27273
usando,27272
clara,27263
posibilidades,27249
recibido,27249
hacerme,27207
imbécil,27178
pantalones,27156
nick,27154
dejaré,27139
tamaño,27137
pago,27068
bromeando,27062
steve,27048
efectos,27041
sexual,26994
llevado,26976
económica,26960
particular,26955
beso,26948
título,26925
gonzález,26920
casado,26909
privado,26901
negra,26872
mando,26845
actividades,26843
iban,26827
fantástico,26819
bajar,26818
práctica,26816
tranquila,26787
tengan,26783
gana,26769
luchar,26762
ayudarme,26752
dama,26743
cien,26723
pérdida,26709
antiguo,26694
autoridades,26651
llevan,26625
gato,26602
exterior,26589
evidencia,26572
elementos,26554
directo,26508
medidas,26500
actuar,26485
cuántas,26446
washington,26427
caminar,26412
recién,26397
quiénes,26391
ridículo,26372
embarazada,26367
declaración,26358
historias,26350
cansado,26343
ésa,26328
partidos,26327
damas,26317
construcción,26301
dura,26297
habías,26295
comienzo,26262
corriendo,26250
sentí,26249
déjalo,26238
héroe,26233
jardín,26233
muere,26231
sarah,26229
nervioso,26211
desea,26195
conseguido,26179
preocupado,26162
autor,26155
richard,26149
pintura,26145
p,26135
inglaterra,26105
república,26092
asiento,26070
cuadro,26067
extraña,26055
come,26022
china,26017
últimas,26017
llorar,25999
garcía,25990
perfectamente,25965
tarea,25959
manuel,25951
dispuesto,25949
conocía,25939
preguntar,25926
gay,25925
paseo,25904
imágenes,25892
realizar,25891
taxi,25882
habló,25870
robert,25868
humor,25814
estudiantes,25783
llaves,25781
debió,25775
hayan,25760
malas,25760
saliendo,25736
roma,25729
entró,25715
carretera,25705
fuese,25704
amenaza,25703
trampa,25703
huevos,25696
camión,25695
leyes,25670
suficientemente,25658
preguntó,25646
oficiales,25644
vuestro,25637
veinte,25615
fbi,25605
prefiero,25599
oscuro,25592
encontraron,25544
trabajos,25537
volverá,25537
veía,25534
resolver,25497
herido,25488
llegamos,25471
palacio,25469
hielo,25466
jane,25458
emergencia,25438
estupendo,25424
llamadas,25415
venta,25398
máximo,25365
tiro,25365
gustaba,25359
vía,25308
descanso,25293
ocurrido,25293
botella,25273
tecnología,25232
entrevista,25224
johnny,25193
trago,25192
ángel,25187
internet,25084
explicar,25080
pequeñas,25078
producto,25077
um,25063
mayo,25046
expresión,25018
cantar,25010
marco,24999
texto,24999
nariz,24976
averiguar,24936
sujeto,24931
volar,24884
ritmo,24878
condición,24875
esperen,24871
anillo,24860
caballos,24857
bienvenida,24856
felices,24847
pocas,24794
perfecta,24792
barrio,24790
encuentran,24790
cruz,24784
daba,24749
pecho,24692
pasará,24676
cuesta,24662
estarán,24610
región,24594
revolución,24541
desastre,24531
oiga,24514
tommy,24495
firma,24466
planta,24456
familias,24438
dejas,24436
cuerpos,24367
solos,24359
cerrar,24336
echar,24315
cabello,24306
original,24304
pierna,24296
roja,24280
vendrá,24275
coger,24238
termina,24237
vergüenza,24228
alcohol,24226
estructura,24226
materia,24216
ayúdame,24205
estuviste,24188
ray,24185
claramente,24184
principios,24180
polvo,24156
nación,24153
altura,24145
hiciera,24124
oeste,24124
continuar,24116
yendo,24104
intereses,24097
billy,24080
felicidad,24073
vecinos,24072
valores,24031
formación,24027
locos,24026
convertido,24003
cuento,24003
llame,23980
alemania,23939
equipos,23930
aparte,23908
españoles,23896
papeles,23896
huellas,23894
mismas,23877
crédito,23857
dueño,23854
plata,23849
hacerse,23846
refieres,23842
pensó,23840
oscuridad,23834
tratado,23834
robo,23822
elegir,23821
encantaría,23812
encantado,23808
seguros,23802
cuchillo,23799
nosotras,23783
junta,23778
comenzar,23769
roto,23767
coño,23744
presenta,23743
verá,23719
artista,23702
jurado,23702
salón,23681
militares,23679
viviendo,23671
temas,23662
olvidar,23659
colega,23645
industria,23634
recuerdos,23633
ibas,23630
quede,23612
mark,23610
sospechoso,23604
cálmate,23598
llevaré,23584
pasos,23583
primeras,23577
plazo,23571
gas,23553
bebe,23548
secretos,23541
vayamos,23518
sube,23517
desaparecido,23510
técnica,23506
vengan,23499
envió,23486
arreglar,23469
hagamos,23462
tuvieron,23456
principales,23446
fuertes,23441
cumplir,23440
antigua,23439
mantiene,23426
terreno,23409
inspector,23392
corriente,23382
propias,23382
clave,23370
pide,23360
vengo,23346
dará,23343
habido,23309
revista,23283
lograr,23246
romper,23212
compromiso,23211
corto,23187
dé,23172
pareció,23170
gloria,23166
comité,23161
pedí,23157
continúa,23131
registro,23130
puse,23121
políticas,23104
merece,23077
profundo,23054
comercial,23017
cerrado,22989
proteger,22972
crecimiento,22967
inteligencia,22939
aquello,22923
magia,22913
económico,22896
madera,22886
tendrán,22883
herida,22870
conducir,22866
lluvia,22856
detente,22851
cadena,22848
llegaron,22842
and,22816
sois,22815
princesa,22807
sistemas,22803
hable,22748
cambia,22725
lenguaje,22705
gracia,22694
show,22693
dedo,22687
trajo,22667
líneas,22660
normalmente,22640
eddie,22639
sabido,22612
recuperar,22582
completa,22564
octubre,22535
autobús,22533
aumento,22516
números,22506
tuviste,22480
disco,22472
pensamiento,22454
circunstancias,22442
correo,22417
programas,22400
período,22399
bala,22368
negros,22368
vacío,22364
diciembre,22362
propuesta,22354
descubrir,22328
montaña,22318
chris,22310
llegué,22293
enferma,22287
junio,22283
reino,22269
pobres,22252
legal,22248
siga,22246
aeropuerto,22244
física,22224
cáncer,22219
escuche,22215
alemán,22206
papi,22205
refiere,22202
alegría,22170
ángeles,22168
construir,22164
hablaba,22139
olor,22134
señoría,22128
orgulloso,22121
versión,22114
cuidar,22111
abril,22104
paga,22057
dejarlo,22056
mírame,22055
tonterías,22055
ejercicio,22046
monstruo,22043
creación,22042
malos,22039
federal,22037
llamaba,22015
enero,22002
quedarte,21980
tardes,21979
supe,21976
despacio,21970
competencia,21963
superficie,21933
débil,21918
rápidamente,21905
seres,21902
labios,21891
enviado,21890
rayos,21866
déjeme,21862
debí,21853
lleve,21822
will,21817
decisiones,21815
considera,21812
cerdo,21809
comportamiento,21806
perdone,21794
borracho,21778
identidad,21774
argentina,21767
martin,21752
estúpida,21743
recibió,21739
asesinado,21736
participación,21735
bella,21729
tenéis,21728
enamorado,21726
preocupe,21721
entero,21716
pelear,21650
sombrero,21640
doce,21638
personaje,21635
digamos,21605
últimamente,21591
haberte,21559
contó,21557
página,21543
escribió,21490
contento,21480
in,21475
moral,21465
parecido,21441
tv,21422
asociación,21411
probable,21408
deber,21407
éramos,21405
tráfico,21402
pertenece,21396
oigan,21335
sonrisa,21331
estan,21324
tales,21312
pollo,21300
ocasiones,21299
ponga,21278
consecuencia,21276
espada,21273
ryan,21263
consiguió,21249
trataba,21247
audiencia,21211
charles,21185
cargos,21168
régimen,21164
decidió,21153
venía,21135
necesitar,21119
inútil,21112
errores,21110
examen,21108
fantasma,21093
fernando,21090
produce,21085
podrás,21083
leo,21075
entrenador,21059
términos,21056
limpio,21043
comercio,21037
dormido,21025
adn,21017
conocerte,21012
almuerzo,21007
corta,21007
distintos,21005
estudiar,21002
septiembre,20998
g,20980
queso,20968
regresa,20968
movimientos,20959
harán,20955
italia,20941
canal,20938
cadáver,20932
techo,20904
uds.,20900
consigue,20877
escuchado,20862
castillo,20860
pieza,20858
gobernador,20844
territorio,20834
especiales,20832
esquina,20823
etapa,20807
martes,20791
ciudadanos,20777
treinta,20771
autoridad,20744
dejaste,20742
hablé,20737
acabas,20715
democracia,20714
cinta,20709
documentos,20706
robar,20689
poniendo,20684
podremos,20677
olvídalo,20674
árboles,20670
responder,20645
cuba,20628
video,20622
metido,20616
viven,20605
enviar,20599
enemigos,20590
frecuencia,20586
capítulo,20566
demanda,20557
votos,20556
fría,20540
bobby,20527
jueves,20517
testigos,20500
agradezco,20470
aceite,20465
lástima,20454
piensan,20453
ayude,20438
pablo,20427
lados,20403
acuerdas,20357
tono,20334
demonio,20332
talento,20301
novela,20296
explica,20286
concepto,20275
niñas,20264
gratis,20243
jake,20243
cámaras,20241
ei,20235
azúcar,20223
privada,20222
agencia,20213
compra,20209
primo,20204
mata,20199
conferencia,20189
amante,20186
imagino,20181
tierras,20181
creemos,20179
museo,20176
cientos,20169
americano,20166
niveles,20151
sombra,20148
desayuno,20138
fortuna,20123
actuación,20098
fondos,20094
famoso,20091
diste,20090
impresionante,20082
sienta,20063
tomé,20053
marzo,20047
amistad,20036
podré,20034
bienvenidos,20022
contenido,20021
querían,20000
convierte,19997
amy,19974
intentado,19972
moda,19958
impresión,19957
sepas,19937
vieron,19934
camisa,19926
prácticamente,19913
distintas,19912
perdiendo,19901
l,19894
hubieras,19860
operaciones,19859
ciudades,19858
entrega,19857
recoger,19838
saca,19820
puto,19816
apareció,19803
droga,19794
éstos,19792
of,19790
date,19785
notas,19782
transporte,19779
descansar,19774
cultural,19773
cae,19772
cura,19770
actor,19759
confía,19755
presentar,19746
consecuencias,19737
dra.,19714
jugadores,19695
controlar,19694
preciosa,19681
manejar,19679
agujero,19664
india,19662
despacho,19659
desapareció,19647
llevará,19634
to,19625
hablan,19624
campamento,19606
escuchando,19606
firme,19604
noviembre,19592
toque,19581
dejan,19573
fueran,19573
sr,19573
pon,19567
querría,19567
funcionar,19564
respuestas,19539
pasé,19508
ii,19497
aspectos,19485
actualmente,19471
invitado,19468
mensajes,19466
siguientes,19459
genio,19455
aventura,19451
adam,19429
conde,19381
enfermera,19379
espejo,19371
conocemos,19368
convirtió,19366
llamé,19358
mostrar,19349
zonas,19333
humanidad,19324
motor,19322
valiente,19320
características,19313
detener,19308
pasan,19298
podían,19296
compartir,19293
discutir,19292
reales,19291
plato,19287
útil,19287
r,19265
deuda,19259
seguido,19227
sección,19211
thomas,19209
ahi,19204
mueve,19204
utilizar,19200
servir,19198
huele,19195
ventaja,19167
tonta,19153
siguiendo,19142
ponte,19124
jugador,19122
aguas,19120
kevin,19119
chile,19113
gordo,19109
entera,19089
criminal,19061
creerlo,19059
gira,19054
dejando,19050
voto,19049
quedo,19047
conexión,19041
cuáles,19041
felipe,19027
contado,19012
limpiar,19009
crea,19002
leído,18987
dudas,18965
león,18963
familiares,18948
amas,18937
lago,18934
canciones,18933
llamando,18928
instante,18911
conocen,18900
gustó,18896
finales,18890
brian,18880
precios,18878
vaso,18860
efectivo,18845
colores,18826
pastel,18818
llámame,18798
mintiendo,18759
eric,18744
combate,18715
cero,18713
mr,18696
reacción,18692
huesos,18691
invierno,18690
agosto,18687
imaginar,18687
marina,18670
juntas,18668
mapa,18659
intentó,18643
alcanzar,18633
aparentemente,18618
poderes,18618
cola,18600
dígame,18597
mínimo,18595
venganza,18595
europea,18592
falso,18569
libres,18530
igualmente,18521
profesionales,18518
sesión,18515
consumo,18513
ganó,18511
rock,18510
plantas,18508
necesidades,18506
división,18490
exposición,18490
descubierto,18480
nieve,18476
ofrece,18462
extra,18444
volviendo,18444
anna,18442
frontera,18438
estudiante,18410
escritor,18408
j,18405
elegido,18396
robado,18394
preguntaba,18385
tomas,18378
disparo,18369
sobrevivir,18361
invitados,18360
taza,18353
habíamos,18345
influencia,18345
andar,18318
jorge,18305
campos,18295
llevaron,18285
pongo,18281
alimentos,18271
podrán,18256
arena,18249
locales,18241
mejorar,18232
pensamos,18232
walter,18229
coge,18224
créeme,18223
amigas,18221
cambió,18220
tormenta,18219
cansada,18212
guapo,18212
oposición,18201
virus,18195
páginas,18194
dioses,18172
complicado,18164
suele,18154
vimos,18152
objetos,18147
íbamos,18130
pasaba,18120
caído,18074
chocolate,18074
guapa,18067
laura,18054
tradición,18053
objetivos,18052
disparar,18041
dejen,18039
personajes,18038
william,18032
bastardo,18017
aquellas,18016
fiestas,17988
olvidé,17985
puestos,17970
pescado,17969
ciertas,17961
estómago,17960
asustado,17951
cortar,17948
pidiendo,17946
ladrón,17938
santiago,17921
llegada,17909
kate,17888
levántate,17883
blancos,17852
oyes,17851
maravillosa,17849
piezas,17842
llegan,17833
intentarlo,17830
durmiendo,17829
responde,17829
pierde,17809
matarme,17801
representa,17801
mataron,17798
new,17793
doctora,17783
vivos,17783
llevamos,17779
comprendo,17776
cerrada,17768
fase,17767
permitir,17765
vueltas,17758
mami,17756
técnico,17755
paredes,17750
término,17739
fueras,17730
dejaron,17726
piloto,17726
extranjero,17716
pese,17714
vehículo,17713
disculpas,17711
presentación,17707
socio,17702
deprisa,17701
tumba,17695
vivía,17687
tesoro,17682
encontraste,17680
recientemente,17678
cuantos,17666
paquete,17659
nuevamente,17658
explicación,17656
empezando,17623
tambien,17622
levanta,17608
suave,17607
temperatura,17598
móvil,17597
distinto,17585
hecha,17584
mama,17577
jerry,17576
pasión,17576
bebida,17558
haberme,17550
rara,17546
pura,17536
anteriormente,17531
fotografía,17517
frase,17517
solas,17489
rápida,17485
estrategia,17481
maneras,17455
casarse,17444
documento,17435
mio,17433
proyectos,17431
nacido,17426
personalmente,17423
motivos,17421
normas,17418
andy,17415
intenté,17414
seria,17411
psoe,17400
centros,17386
constitución,17385
desgracia,17374
coches,17367
conducta,17352
tomo,17338
pelota,17325
california,17323
generales,17315
capaces,17313
bolsillo,17311
nació,17307
quince,17296
bordo,17292
destruir,17286
concierto,17283
virgen,17280
generación,17279
pones,17274
pregunté,17267
hubieran,17257
pedazo,17255
scott,17253
maté,17252
periodista,17238
rica,17228
correcta,17211
lisa,17169
sucio,17165
muchacha,17155
caída,17145
resistencia,17141
ponen,17136
tengamos,17130
conflicto,17127
martín,17121
límite,17116
abogados,17103
seguimos,17099
decidir,17097
obstante,17093
personalidad,17093
archivos,17092
alcance,17090
impuestos,17066
unidades,17052
anteriores,17039
sheriff,17032
harías,17029
entrenamiento,17028
alemanes,17025
bote,17020
olvides,17018
miércoles,17009
plano,16998
requiere,16994
libras,16976
cirugía,16971
sexy,16967
regla,16958
hablemos,16951
liga,16944
lópez,16943
escribe,16942
rachel,16936
trabajaba,16931
kim,16926
sentimiento,16916
empleados,16913
hables,16901
fábrica,16885
torre,16874
encuentras,16870
preocupada,16862
vuelvas,16862
electoral,16856
doña,16854
instituciones,16849
limpia,16839
ponerse,16822
acusado,16804
señoras,16792
fué,16789
breve,16786
bravo,16785
favorito,16777
vigilancia,16773
evolución,16771
consigo,16765
abandonar,16761
viajar,16758
inversión,16753
detenido,16739
dirá,16727
campeón,16724
ejecutivo,16721
dia,16711
suponía,16708
explosión,16702
enfermedades,16699
fácilmente,16690
delito,16686
fines,16685
actos,16682
procedimiento,16677
publicidad,16670
socialista,16653
mentiras,16648
truco,16638
diversión,16637
larry,16637
seguía,16628
adecuado,16615
ricos,16614
continuación,16606
patio,16599
ana,16596
franco,16596
ruta,16594
selección,16593
comisario,16581
señaló,16577
opciones,16568
personales,16567
interesado,16565
masa,16556
candidato,16551
milagro,16538
sacó,16537
iguales,16534
hojas,16527
punta,16526
pantalla,16522
pudiste,16520
tropas,16515
precioso,16511
uniforme,16510
alumnos,16504
des,16504
pete,16504
periódicos,16501
verle,16501
científico,16497
establecer,16496
partida,16483
curiosidad,16481
esperamos,16481
reforma,16478
carro,16476
crítica,16468
rodríguez,16463
referencia,16445
torno,16445
termine,16442
chicago,16439
sencillo,16434
mental,16430
lección,16421
wow,16416
distrito,16410
volví,16407
heridas,16395
promesa,16393
gastos,16386
límites,16380
febrero,16378
quieto,16370
siglos,16365
ciertamente,16356
toques,16335
preocupación,16329
deseos,16317
huir,16313
secundaria,16313
escuchen,16302
soportar,16298
demostrar,16291
idiotas,16286
cincuenta,16285
diseño,16274
sectores,16271
ira,16257
computadora,16256
llego,16255
cristo,16237
funciones,16232
tensión,16229
señales,16214
nacimiento,16212
suficientes,16209
vivido,16200
compras,16186
saldrá,16183
helado,16180
alianza,16174
alberto,16171
kelly,16160
reyes,16135
rafael,16125
muchísimo,16120
mataste,16119
funeral,16118
juventud,16117
camioneta,16116
jeff,16104
científicos,16091
salsa,16082
emily,16078
senador,16070
pueblos,16057
celular,16055
dirige,16051
conductor,16049
jason,16048
juega,16046
llegará,16039
grandioso,16035
aplicación,16029
irás,16029
primavera,16026
guste,16023
v,16017
decirles,16014
nerviosa,16009
llorando,16006
clínica,15987
den,15981
respirar,15979
gesto,15974
difíciles,15964
altos,15952
diferencias,15946
fenómeno,15921
básicamente,15907
restos,15904
poquito,15899
siéntese,15899
supo,15882
comprender,15878
molesto,15871
guardias,15867
dejamos,15847
sir,15847
orgullo,15830
viniste,15825
haberse,15824
llegando,15819
bola,15816
presupuesto,15816
copia,15808
empecé,15808
desierto,15807
carter,15806
ciertos,15796
posibles,15769
tirar,15755
empezamos,15751
obvio,15748
biblioteca,15738
cierre,15737
ocupada,15723
disparó,15716
matt,15709
cabrón,15678
judicial,15678
duerme,15677
próximos,15669
traducción,15658
javier,15657
permanecer,15653
identificación,15649
valle,15648
aires,15646
caminando,15636
americanos,15627
convertirse,15627
paciencia,15626
poca,15625
acaban,15624
it,15610
quedará,15596
relájate,15594
dudo,15588
acabamos,15584
explicó,15573
humo,15573
organismo,15558
nacionales,15543
abrió,15540
caza,15540
ausencia,15536
podías,15535
esperan,15534
declaraciones,15522
equivocada,15521
muriendo,15520
mono,15518
tomaré,15518
jodido,15504
diversos,15499
daría,15489
logrado,15480
bolso,15472
indios,15471
pp,15466
miel,15452
consciente,15448
escucho,15445
puesta,15443
archivo,15442
tenia,15441
meter,15423
discusión,15418
meta,15413
salen,15400
casada,15398
japón,15398
ayuntamiento,15392
dificultades,15390
cabezas,15388
trató,15376
rodillas,15371
detalle,15369
físico,15367
granja,15367
concurso,15361
debate,15361
alan,15339
lágrimas,15337
evidente,15336
clima,15330
asimismo,15329
llevando,15321
pasillo,15315
puro,15310
artistas,15308
hermanas,15305
autos,15303
chaqueta,15298
similar,15298
técnicas,15298
alternativa,15294
rompió,15282
éstas,15279
enrique,15271
literatura,15266
extremo,15263
smith,15263
felicitaciones,15262
método,15260
whisky,15248
presentó,15245
trabajado,15244
x,15235
preparar,15233
industrial,15222
golpes,15214
mario,15206
musical,15206
dave,15205
logró,15203
deberá,15187
fumar,15187
abrigo,15182
sabéis,15173
robó,15165
escaleras,15162
montañas,15150
h,15134
hierro,15131
intervención,15116
preciso,15111
menores,15110
anuncio,15101
asistente,15089
comprobar,15087
alerta,15082
lectura,15081
imaginación,15074
malditos,15070
naturalmente,15067
misterio,15064
felicidades,15061
situaciones,15061
licencia,15057
perdida,15056
encargo,15049
sorprende,15045
permanente,15029
tira,15027
castigo,15022
voces,15022
serlo,15016
edición,15005
metro,14993
recibe,14991
parada,14984
usado,14982
reciente,14981
bienes,14979
factores,14978
considerar,14969
olvida,14968
directa,14966
grados,14966
suicidio,14966
busco,14959
cuerda,14958
hacían,14958
resultó,14958
emma,14940
ruego,14933
clark,14932
guarda,14932
piedras,14924
carl,14920
conseguí,14914
antiguos,14913
registros,14907
públicas,14899
diego,14895
charla,14885
quedas,14869
pérez,14842
murieron,14838
cristal,14834
salvaje,14834
brasil,14830
pasamos,14822
curioso,14816
aburrido,14807
comido,14807
ed,14795
supiera,14787
suceder,14781
roca,14773
siguió,14772
preguntarle,14771
mover,14769
significado,14769
grace,14763
rusia,14752
julia,14751
compré,14747
flor,14744
pensamientos,14736
ilegal,14734
aprendido,14722
podéis,14720
reconocimiento,14717
visitar,14715
reserva,14713
indica,14691
diversas,14690
aproximadamente,14687
aviso,14683
estuvieron,14683
fresco,14678
religión,14677
revisar,14659
coincidencia,14647
perdóname,14645
dejarme,14642
once,14641
sara,14634
incendio,14631
ja,14629
templo,14620
aseguro,14619
ayudarle,14616
roger,14609
miami,14608
parado,14606
cuarenta,14603
episodio,14602
caras,14584
muevas,14579
quedé,14576
desearía,14575
salgan,14573
materiales,14570
suma,14570
bancos,14561
costumbre,14559
guía,14553
lento,14550
corresponde,14546
impacto,14542
alarma,14540
vean,14533
francesa,14517
encuentre,14511
lobo,14500
beneficios,14494
annie,14482
afirmó,14470
sufrir,14467
amaba,14463
cabe,14459
pesadilla,14457
quedamos,14448
sucedido,14448
dicha,14447
pedirle,14444
km,14441
cajas,14438
parlamento,14434
imperio,14428
cuantas,14425
honesto,14413
ey,14412
simon,14411
fundamental,14404
poderoso,14401
esperas,14396
claire,14393
participar,14382
formar,14377
celebrar,14368
estemos,14350
escalera,14342
encontraremos,14331
saltar,14329
ánimo,14329
internacionales,14327
piense,14326
ee,14322
muévete,14322
aseguró,14316
especies,14314
triunfo,14308
disposición,14299
ideal,14288
constante,14282
oigo,14280
gestión,14278
públicos,14278
trabajas,14273
deporte,14270
poeta,14270
preparados,14264
vivimos,14264
marcas,14261
miró,14260
quedaba,14254
sacado,14242
desaparecer,14235
sopa,14230
homicidio,14225
poesía,14221
divorcio,14218
círculo,14215
falsa,14209
ramón,14209
moneda,14206
atrapado,14204
cubierta,14202
escala,14200
gritos,14198
confío,14189
vais,14183
festival,14181
apuesta,14180
saco,14177
andando,14165
serían,14164
considerado,14163
cobarde,14156
darse,14153
representantes,14153
lord,14148
piscina,14147
italiano,14138
fernández,14136
patrón,14131
afirma,14113
kyle,14109
decírselo,14099
informes,14099
sabor,14091
comiendo,14089
procesos,14082
dijera,14076
millas,14072
salí,14072
lentamente,14069
células,14056
volumen,14056
casualidad,14055
f,14052
vives,14049
ceremonia,14041
sentencia,14036
contenta,14031
periodistas,14025
armario,14015
gary,14009
firmar,13993
pondré,13975
hablaremos,13973
institución,13973
posiblemente,13969
llevarte,13967
creado,13966
huevo,13959
naturales,13955
naciones,13951
urgente,13949
viajes,13946
generalmente,13938
ted,13933
asesinos,13929
kilos,13927
positivo,13915
investigaciones,13911
lío,13911
huelga,13908
hablaré,13906
representación,13891
chino,13882
arroz,13881
bruja,13880
mezcla,13871
margen,13869
iría,13867
habitual,13862
ciego,13859
vecino,13858
balas,13857
vinieron,13845
caminos,13841
garganta,13836
matarlo,13835
sánchez,13835
graves,13830
médica,13812
enojado,13811
adultos,13805
encontrarlo,13796
muestras,13792
cruel,13789
reconocer,13788
funcionarios,13787
regalos,13787
criatura,13772
pecado,13770
ganador,13760
susan,13760
piano,13758
municipal,13754
ronda,13753
colombia,13750
mataré,13748
salimos,13742
rueda,13741
síntomas,13740
jean,13739
fiebre,13731
gustas,13728
década,13726
gigante,13721
perspectiva,13721
compró,13719
jackson,13718
carmen,13712
áreas,13705
escritorio,13702
salvador,13701
cercano,13698
fila,13697
míos,13691
crecer,13690
habitantes,13685
importaría,13678
alice,13675
responsables,13666
estuvimos,13645
despues,13631
miras,13629
terapia,13620
progreso,13596
pretende,13591
emperador,13590
pusieron,13572
sintió,13566
respira,13565
dulces,13560
llamamos,13559
isabel,13553
aparecer,13552
bandera,13551
artículos,13550
sabrá,13546
incluye,13539
realizado,13539
residencia,13526
borde,13522
rose,13520
preguntarte,13519
letra,13517
luke,13517
pesos,13516
tíos,13513
informó,13507
rumbo,13506
pájaro,13504
petición,13497
lucy,13485
actualidad,13480
estadounidense,13474
oscar,13474
instrucciones,13472
colección,13471
celda,13469
pez,13469
irán,13465
ambulancia,13456
preguntando,13453
sofá,13450
elegante,13446
rescate,13446
villa,13446
park,13442
gritar,13441
funcionó,13428
ingresos,13423
encontraba,13417
eduardo,13415
máxima,13413
plena,13402
ordenador,13390
aviones,13384
excusa,13370
fracaso,13355
extranjeros,13350
evento,13336
jones,13312
profunda,13303
cheque,13299
beneficio,13298
tradicional,13289
encantador,13287
cómodo,13277
conduce,13275
empezado,13273
jornada,13273
ponerme,13268
sótano,13263
dosis,13260
elemento,13255
ofrecer,13253
diálogo,13248
hombro,13248
queréis,13242
cometido,13235
autores,13229
pasta,13225
phil,13222
oso,13220
regresó,13220
uu,13214
actores,13206
rastro,13205
iniciativa,13198
superar,13195
matando,13189
muñeca,13187
okay,13186
caro,13185
ventanas,13185
recibí,13184
desconocido,13178
mostró,13172
sabían,13167
histórico,13166
dejarte,13165
martínez,13161
matarte,13161
pizza,13158
entrado,13150
lucas,13148
reuniones,13147
sigan,13147
espaldas,13146
infantil,13146
labor,13133
filosofía,13128
complejo,13121
judíos,13120
odia,13120
josh,13114
amar,13112
conseguiste,13111
temporal,13111
casar,13103
pudieron,13096
buscan,13091
disfrutar,13089
decidí,13088
temor,13072
escuchas,13066
volvamos,13064
letras,13060
representante,13059
preguntado,13047
necesaria,13032
leyendo,13020
lady,13019
despierto,13016
disculpen,13015
guardar,13010
recuperación,13005
habilidad,13003
trabajan,12996
eva,12991
mentiroso,12991
aparecen,12986
asesinatos,12985
carreras,12983
pasaron,12983
academia,12981
morgan,12973
platos,12971
incluyendo,12970
pleno,12963
espacial,12961
leí,12959
actriz,12958
mires,12958
perfil,12958
enamorada,12952
sitios,12943
estando,12939
pene,12939
taylor,12932
desafío,12931
presidencia,12930
césar,12928
elena,12928
pánico,12928
soledad,12922
arresto,12920
levantar,12920
provincia,12920
ayudó,12917
habitaciones,12913
conocida,12911
equilibrio,12911
escándalo,12910
inicio,12903
salto,12895
experto,12892
crema,12890
hijas,12889
aparato,12884
jenny,12881
vendría,12880
raza,12879
quedaré,12875
infancia,12861
tim,12849
ensayo,12846
parezca,12842
teresa,12842
refugio,12833
daños,12832
ocurrir,12831
bestia,12826
louis,12826
medianoche,12824
solar,12813
principalmente,12812
señala,12806
gustado,12797
peces,12795
distribución,12784
ventas,12782
definitiva,12779
obligado,12776
ataques,12764
petróleo,12757
asqueroso,12756
asamblea,12738
seremos,12729
aléjate,12728
asustada,12725
emoción,12717
regrese,12717
mentir,12694
corona,12688
descubrió,12686
ruedas,12686
tomamos,12685
incidente,12679
lógica,12675
independiente,12674
echa,12671
toro,12666
fundación,12654
veneno,12647
bebés,12625
quieran,12623
quita,12618
tele,12614
declaró,12608
consiste,12604
global,12601
antecedentes,12600
esfuerzos,12599
llamarme,12597
independencia,12595
echo,12594
visitas,12594
despedida,12585
limpieza,12584
franceses,12577
océano,12564
tribu,12559
feo,12558
cruzar,12556
arthur,12549
pienses,12543
darles,12542
pagado,12541
embajador,12540
izquierdo,12540
negativo,12528
vernos,12521
karen,12520
coma,12517
individuo,12517
entradas,12515
métodos,12513
tendencia,12504
madres,12494
preparada,12486
renunciar,12477
interna,12473
excepción,12472
admitir,12470
cocinar,12470
ducha,12469
vuelven,12466
metal,12462
recompensa,12461
amanecer,12459
cigarrillo,12456
estatal,12453
comprado,12449
ayudará,12448
dímelo,12447
modelos,12447
sede,12438
sentimos,12437
doc,12436
usan,12436
mirad,12428
armada,12425
bombas,12425
suelta,12396
tareas,12394
llegas,12385
causas,12384
rumores,12374
cable,12370
despertar,12368
sexuales,12361
disponible,12359
permiten,12359
cia,12350
hollywood,12348
encargado,12344
casarme,12342
ruso,12337
europeo,12336
sacerdote,12336
pongas,12329
compañera,12323
civiles,12309
seamos,12306
reconoce,12298
profundamente,12295
preocuparse,12292
llevarlo,12290
miss,12287
unido,12284
adecuada,12274
violación,12264
artes,12262
concentración,12260
aliento,12255
aparición,12255
maestra,12255
lujo,12244
patria,12244
excelencia,12243
oíste,12243
altas,12236
dilo,12230
hierba,12228
santos,12227
envía,12224
prima,12223
viniendo,12220
sentirse,12210
extraños,12201
joey,12200
horno,12195
presentado,12193
permitido,12190
potencia,12190
socorro,12190
destrucción,12189
bases,12181
abandonado,12172
ayudarnos,12171
nuclear,12168
fred,12164
medias,12163
gerente,12162
asegurar,12155
bebiendo,12148
colegas,12148
previsto,12143
verdaderamente,12143
socios,12142
dirigentes,12138
angel,12132
investigar,12126
estarías,12124
inferior,12122
cartera,12121
cuida,12119
fantasmas,12110
convencido,12109
disparos,12100
metió,12098
presento,12093
funcionamiento,12079
respondió,12074
potencial,12073
sientas,12072
utiliza,12072
damos,12069
gasolina,12068
cubrir,12067
oportunidades,12062
producir,12056
vuelves,12056
chuck,12051
muera,12051
máquinas,12048
aniversario,12044
sucediendo,12044
defender,12042
profesores,12038
ciencias,12037
hazme,12036
enseñó,12035
enfrente,12015
orgullosa,12012
áfrica,12012
mina,12011
semejante,12010
americana,11990
prometido,11990
traigo,11987
cuadros,11986
dolores,11973
enfadado,11972
hank,11972
madame,11970
muro,11968
sentarse,11967
emociones,11961
asco,11956
preferiría,11947
encantada,11942
reputación,11939
conoció,11937
suelen,11937
pedazos,11935
dormitorio,11934
verlos,11934
suéltame,11928
flota,11920
jefa,11917
volveremos,11915
julie,11905
sales,11905
encantadora,11903
constituye,11902
canta,11900
asalto,11889
botón,11876
escuchaste,11876
ron,11876
peores,11874
organizaciones,11867
vuestros,11863
creas,11859
enseñar,11856
luchando,11853
crímenes,11849
contiene,11848
federación,11844
pagan,11842
alfonso,11841
risa,11841
vd.,11840
amado,11839
ayudando,11833
escapó,11827
presentes,11826
noble,11825
género,11819
sufrido,11816
lárgate,11815
posiciones,11808
queríamos,11806
secreta,11803
casados,11798
viejas,11798
categoría,11794
expertos,11792
leyenda,11791
mortal,11791
atacar,11783
juzgado,11777
cantante,11774
múltiples,11773
hoja,11768
sentada,11767
gritando,11765
zorra,11765
moderna,11759
maggie,11752
tabla,11751
efe,11745
perdimos,11742
darnos,11740
llamaste,11736
faltan,11724
inicial,11721
tercero,11720
paro,11719
literalmente,11711
terroristas,11704
escuelas,11703
manda,11702
diputados,11701
gravedad,11701
periodo,11701
reducir,11701
alteza,11699
mediodía,11695
tragedia,11686
únicamente,11674
aguanta,11670
do,11665
montar,11664
policial,11663
combustible,11658
paraíso,11655
desagradable,11652
gómez,11652
asistencia,11649
conclusión,11645
pájaros,11644
habrían,11638
tomen,11633
empleado,11629
remedio,11629
comunidades,11612
entregar,11607
vehículos,11604
hitler,11603
metas,11599
acepta,11598
enfermos,11592
quitar,11592
abra,11588
intentaba,11588
custodia,11587
salvó,11586
solitario,11581
bajas,11579
barra,11578
instalaciones,11576
guión,11571
brown,11570
clásico,11570
funcionando,11570
howard,11564
alegre,11562
rusos,11560
jo,11559
salgamos,11558
golpeó,11552
digan,11551
oficialmente,11551
llevarme,11548
bolas,11545
podíamos,11538
vasco,11537
sensible,11536
secretaria,11533
atractivo,11532
comentarios,11532
habilidades,11530
jackie,11530
vídeo,11530
marcos,11529
eliminar,11527
súper,11517
liberación,11514
perú,11514
entorno,11508
favorita,11507
venezuela,11503
placa,11498
torres,11498
mato,11495
hacienda,11492
riesgos,11492
ámbito,11490
volando,11488
ejecución,11486
déjenme,11479
perdiste,11477
vicepresidente,11473
terror,11472
tontería,11470
conviene,11465
superiores,11463
johnson,11461
produjo,11458
afecta,11449
eléctrica,11443
hueso,11440
emocionante,11436
vengas,11433
pacto,11429
apellido,11427
comunista,11421
elizabeth,11419
maravilla,11408
posee,11403
jueces,11398
símbolo,11398
hombros,11393
conversaciones,11388
bicicleta,11387
gabriel,11387
pesado,11380
terrorista,11379
testimonio,11379
florida,11369
usó,11365
salgo,11362
apertura,11358
salieron,11357
esposas,11351
fórmula,11349
alas,11347
cumplido,11347
traté,11345
muero,11339
adorable,11338
conocimos,11336
invitación,11334
buscamos,11332
seguida,11331
ocurra,11327
golf,11325
harto,11321
largas,11316
seco,11316
mate,11312
económicos,11301
esperado,11301
monte,11298
ciclo,11295
sienten,11293
condenado,11292
víctor,11291
signos,11286
expediente,11284
ésto,11283
dígale,11282
factor,11279
prisioneros,11279
maleta,11272
cubierto,11268
king,11264
barcos,11262
miro,11261
sorprendente,11261
dispara,11257
depósito,11231
preparación,11228
multitud,11226
ponerte,11223
patrick,11222
haberle,11221
alquiler,11214
helen,11212
depresión,11211
instrumento,11210
cuán,11209
sorprendido,11201
texas,11201
hagámoslo,11198
fotografías,11193
pensaste,11192
tarjetas,11190
feria,11189
ayudante,11185
vegas,11175
adivina,11172
ladrones,11172
ciudadano,11171
miraba,11171
botas,11168
comisaría,11163
tetas,11161
contesta,11159
gris,11156
técnicos,11156
secuestro,11155
manzana,11147
oídos,11146
anunció,11145
atender,11141
olvido,11141
edificios,11140
heridos,11139
alicia,11136
diles,11134
nervios,11131
vaca,11130
asegura,11124
corrupción,11123
occidental,11122
pulso,11118
forman,11108
decide,11102
donna,11098
nubes,11089
barry,11088
vuelvan,11083
determinar,11082
distinta,11076
decían,11068
vacía,11068
figuras,11058
ríe,11054
amén,11053
capa,11043
aprecio,11042
criminales,11042
canto,11040
encontraré,11040
palo,11032
echado,11026
razonable,11026
dejará,11023
facultad,11013
israel,11011
jefes,11008
recuerde,11006
dejaba,11005
adolescente,10991
denuncia,10991
abiertos,10986
andrew,10980
columna,10978
ricardo,10973
guerrero,10972
sierra,10969
llegaste,10968
acepto,10967
colaboración,10967
encanto,10967
ofreció,10961
ayudas,10947
propiedades,10944
decirnos,10941
detuvo,10936
sed,10934
salvado,10932
amanda,10930
desgraciado,10907
estadio,10907
ayudarlo,10905
líderes,10905
electricidad,10902
pondrá,10900
quedaron,10899
romántico,10899
dignidad,10897
interno,10893
empezaron,10890
discúlpeme,10888
científica,10887
tripulación,10883
desnudo,10881
cifras,10878
biblia,10877
quítate,10876
absoluta,10875
cuyos,10875
profesión,10868
corazones,10865
hmm,10863
veas,10863
condado,10862
reír,10862
muévanse,10860
buscaba,10856
observar,10856
muestran,10853
moto,10852
oxígeno,10851
acabe,10849
rick,10843
decírtelo,10840
cementerio,10838
wilson,10836
dólar,10835
joyas,10834
laboral,10833
ma,10832
intelectual,10824
aumentar,10821
dean,10821
mantén,10819
sombras,10814
nadar,10808
británico,10807
ministros,10805
traeré,10798
añadió,10797
sacrificio,10795
asombroso,10781
city,10778
indicó,10773
salía,10773
magnífico,10771
fama,10765
serpiente,10763
tocado,10756
absurdo,10755
auténtico,10752
caos,10752
encantan,10751
lily,10747
citas,10743
entrando,10743
regional,10742
fantasía,10741
castro,10740
descripción,10739
diagnóstico,10731
espacios,10730
pastillas,10726
comunes,10725
torneo,10720
consejos,10719
plástico,10719
demuestra,10715
escribí,10712
moscú,10712
roberto,10711
buscas,10710
universal,10707
escolar,10705
esperanzas,10705
aprendí,10703
oscura,10694
verdes,10694
adonde,10693
pata,10693
delicioso,10688
demasiada,10688
atrapar,10680
cooperación,10679
sabia,10678
hablarle,10677
recorrido,10676
terry,10676
guau,10674
judío,10674
olvide,10669
química,10664
raíces,10658
observa,10651
asegurarme,10650
experiencias,10641
andrés,10638
únicos,10638
abby,10635
jaime,10634
cuarta,10633
calla,10629
azules,10622
centavos,10621
resolución,10616
reto,10613
prometí,10606
atmósfera,10599
instrumentos,10597
mac,10596
interpretación,10593
intentas,10592
almacén,10591
pare,10590
asegúrate,10583
rayo,10576
rojas,10574
mencionar,10572
costado,10570
compañías,10566
debiste,10562
apesta,10560
incremento,10560
contando,10558
escribiendo,10554
volvemos,10549
deportes,10544
órganos,10543
jamie,10534
asumir,10533
cuestiones,10531
escondido,10531
robin,10529
telefónica,10529
berlín,10527
listas,10521
avenida,10518
titular,10518
galletas,10510
comerciales,10509
pasajeros,10508
prepara,10495
taller,10487
normales,10477
mírate,10474
stan,10473
dirás,10472
fiel,10470
extraordinario,10463
esencial,10458
olvidó,10456
golpear,10450
ud,10450
entienden,10449
st,10443
cinturón,10441
condena,10437
desarrollar,10434
piedad,10432
acero,10431
revés,10419
sincero,10418
dieta,10417
intenciones,10416
idioma,10410
pasaría,10403
sufrimiento,10401
adivinar,10400
gafas,10399
ayudarla,10394
signo,10387
actúa,10382
amarillo,10379
arrestado,10375
recepción,10371
marie,10366
esperemos,10365
pasara,10364
norteamericano,10362
tenerlo,10361
contactos,10360
verán,10360
raíz,10359
portavoz,10358
vende,10350
prisionero,10346
guitarra,10344
collar,10340
on,10339
derrota,10331
contexto,10329
maestros,10329
pistas,10326
oficio,10321
grano,10320
web,10318
convertir,10317
ordenó,10309
oyó,10306
económicas,10298
pagó,10298
implica,10295
decimos,10291
rocas,10288
ilusión,10285
sevilla,10285
debilidad,10281
espía,10277
moderno,10275
empresarios,10271
dominio,10268
socialistas,10267
trozo,10266
actuando,10264
cerebral,10256
agenda,10251
trate,10251
riqueza,10250
lealtad,10242
norma,10239
pinta,10239
herramientas,10235
greg,10233
sinceramente,10233
enseñanza,10232
cortes,10228
costo,10228
honestamente,10226
campeonato,10225
oreja,10216
viuda,10213
suyos,10208
parejas,10207
cifra,10205
valencia,10205
madrugada,10203
famosa,10201
paliza,10200
tina,10200
arco,10199
colonia,10199
identificar,10199
avance,10195
acuerdos,10189
posterior,10189
entidad,10187
consulta,10185
bebidas,10184
sonar,10184
mexicano,10176
almas,10170
sabíamos,10168
comunicaciones,10165
abrazo,10164
exteriores,10163
gatos,10162
buscado,10152
pozo,10152
sabría,10151
prohibido,10148
desnuda,10146
concepción,10142
bruce,10136
lanza,10135
terminamos,10135
saludos,10134
negociaciones,10133
oliver,10133
sueldo,10132
posteriormente,10128
producido,10128
grito,10127
respiración,10126
verse,10124
obligación,10122
helicóptero,10120
cogido,10117
pendiente,10115
pudieras,10108
intercambio,10104
peligrosa,10101
celoso,10096
manifestó,10094
inversiones,10089
contestar,10083
barato,10080
vías,10080
fuga,10076
oriente,10076
maíz,10068
risas,10067
postura,10066
realiza,10066
actuales,10063
toman,10061
preparando,10058
adulto,10056
mm,10056
boston,10046
tomará,10041
ocultar,10033
diera,10031
drama,10027
canadá,10026
sally,10026
ingeniero,10022
naranja,10022
ó,10022
chiste,10021
comenzaron,10017
diana,10005
reducción,10003
europeos,10002
ascensor,10000
pausa,9995
obtuvo,9994
evaluación,9993
tontos,9993
adios,9992
dada,9991
promedio,9984
solicitud,9983
tendrías,9983
firmado,9980
ricky,9980
diputado,9976
enormes,9973
manejo,9972
importar,9971
utilizado,9969
caridad,9961
encontrará,9961
concreto,9958
recurso,9956
cambiando,9953
tasa,9953
posesión,9952
quinto,9944
rata,9943
dispararon,9939
ross,9938
cadáveres,9935
llamaron,9932
roy,9929
sobrino,9929
disciplina,9928
vuestras,9928
transmisión,9925
camina,9923
sucia,9923
lewis,9917
vital,9917
escape,9914
pico,9908
regiones,9907
penal,9904
sindicato,9902
fatal,9901
tiendas,9898
tyler,9897
apariencia,9896
túnel,9895
amplio,9890
entendí,9890
giro,9890
medicamentos,9887
seguirá,9887
probado,9886
albert,9883
anne,9882
retiro,9880
vestidos,9878
gordon,9876
cuartel,9875
intentaré,9874
barba,9872
deba,9872
aceptado,9867
cuentan,9866
candidatos,9863
investigando,9863
confusión,9860
billetes,9857
desaparición,9856
virginia,9856
preocuparte,9855
traidor,9851
moverse,9845
pintor,9845
aguantar,9844
esclavos,9839
mantenimiento,9838
conocimientos,9815
chef,9814
dispuesta,9811
s.,9809
vincent,9806
impulso,9802
pastor,9801
afortunado,9800
decente,9797
jesse,9791
discos,9789
danza,9781
rubia,9780
gorda,9776
claridad,9768
aldea,9766
pesca,9765
bolsas,9763
duque,9763
determinado,9750
betty,9744
cuéntame,9741
llames,9739
divertida,9738
considerando,9736
abran,9734
creó,9734
tabaco,9734
combinación,9732
pasen,9728
mandó,9725
dylan,9720
diarios,9718
bello,9717
parker,9712
joan,9709
indio,9708
sesenta,9708
jordan,9699
pudimos,9695
definición,9691
recibo,9688
teléfonos,9684
comprende,9683
grabación,9683
encerrado,9680
ocupa,9680
dejaría,9673
hablarte,9670
pasas,9670
senado,9670
populares,9666
despedido,9665
dispositivo,9665
jugo,9664
heroína,9659
máscara,9658
tristeza,9658
trabajamos,9656
rango,9650
sabiendo,9649
comando,9645
largos,9643
orejas,9641
asusta,9637
presentan,9636
dias,9630
sano,9628
negociar,9626
davis,9624
delitos,9618
islas,9617
falla,9614
negociación,9611
mancha,9608
marty,9605
huh,9604
muebles,9604
realizó,9604
horario,9598
cantando,9597
gimnasio,9595
cuídate,9594
creyó,9592
disparado,9592
querrá,9592
héroes,9588
cataluña,9585
mete,9584
pobreza,9575
lanzamiento,9574
molly,9574
marta,9569
celebración,9561
similares,9560
rosas,9558
estuvieras,9556
acababa,9555
adoro,9554
paisaje,9554
deseas,9550
descubrimiento,9549
individuos,9545
cartel,9542
uñas,9541
resuelto,9540
imagina,9539
inconsciente,9538
profesora,9537
eta,9535
tratan,9535
informado,9533
aprobación,9532
trabajó,9532
supremo,9531
embajada,9530
lanzar,9530
charlotte,9529
tocando,9524
experimento,9523
coraje,9519
monedas,9519
levantó,9515
dibujo,9511
casarte,9509
déjala,9508
miller,9507
profundidad,9507
producen,9506
gol,9505
prácticas,9505
repito,9504
establece,9501
blancas,9494
docena,9493
iniciar,9492
constantemente,9491
porcentaje,9489
pensarlo,9488
votar,9487
circo,9483
alcanza,9482
anual,9480
niega,9472
forense,9469
sirven,9469
revistas,9468
comentario,9466
conveniente,9466
amplia,9464
consejero,9462
escuchó,9457
organismos,9453
utilizando,9453
vendido,9449
mueva,9448
traición,9448
protesta,9446
dimensión,9444
inocentes,9441
terminé,9441
cabaña,9439
criaturas,9437
mantequilla,9437
retrato,9437
involucrado,9433
naves,9433
amenazas,9431
lógico,9423
confesión,9422
crítico,9419
funcione,9419
trajiste,9418
my,9417
espiritual,9415
demostrado,9405
propietario,9403
cojones,9399
infección,9399
armado,9398
conseguimos,9398
patatas,9397
fig,9393
impuesto,9393
díaz,9389
acusación,9388
arreglado,9384
ratas,9383
ingreso,9381
nina,9379
necesariamente,9377
sugiero,9374
volvería,9374
sida,9373
tirado,9372
deme,9369
histórica,9366
ayudado,9364
cigarrillos,9364
planeado,9364
enfrentar,9363
mmm,9362
argumento,9356
traiga,9356
mejora,9355
arreglo,9352
emocional,9351
sagrado,9351
miserable,9343
euros,9339
otoño,9332
galería,9330
ópera,9329
street,9328
encontrarla,9327
mandar,9326
mercados,9323
salta,9317
volverás,9316
criterios,9311
jay,9310
mantuvo,9309
morirá,9309
estable,9296
iii,9294
big,9291
conocidos,9289
poderosa,9284
sufrió,9282
subtítulos,9281
nathan,9277
mueren,9276
desaparece,9272
integración,9269
añadir,9265
poema,9263
camiseta,9262
dirigir,9261
pusiste,9259
mencionó,9258
diamantes,9254
tubo,9254
katie,9250
selva,9245
gobiernos,9240
dificultad,9238
observación,9237
apuestas,9236
directora,9236
críticas,9232
garaje,9230
extrañas,9229
onda,9224
sospecha,9224
escenas,9223
permitió,9223
entusiasmo,9220
gané,9215
grasa,9211
etcétera,9210
anciano,9209
as,9203
parezco,9191
devolver,9187
rompe,9186
apropiado,9185
tocó,9185
relacionado,9177
sufre,9177
atreves,9171
pelotas,9170
embarazo,9167
dragón,9165
estadounidenses,9164
convencer,9163
funcionan,9163
postre,9162
pudieran,9162
casco,9161
frankie,9153
intensidad,9151
exige,9148
ácido,9145
acontecimientos,9144
hablaste,9144
luce,9141
toneladas,9141
cooper,9140
matemáticas,9134
conté,9127
comenzado,9121
rutina,9120
dejarla,9117
super,9116
despejado,9115
oficinas,9115
criterio,9114
decreto,9111
importe,9110
dejemos,9109
amantes,9108
décadas,9106
títulos,9101
apetece,9100
mantenga,9100
man,9099
prestado,9099
exceso,9092
ponía,9092
llevarla,9091
organizado,9077
abandonó,9076
monsieur,9072
sacaste,9072
colocar,9055
corredor,9055
nací,9054
ríos,9051
dispuestos,9042
fraude,9037
necesite,9037
refería,9037
vivienda,9037
azar,9033
promoción,9033
bromas,9023
jeremy,9015
hallar,9014
muertes,9014
particularmente,9014
presa,9008
justin,8998
entré,8997
investigadores,8997
quedarnos,8997
doug,8996
chloe,8995
dedicado,8995
bajos,8992
autorización,8987
vecindario,8987
advertencia,8973
cima,8968
realización,8966
conocerlo,8964
importaba,8960
patas,8956
cole,8945
adolescentes,8944
comunicado,8942
pediste,8942
tejido,8942
margaret,8941
líquido,8939
consideran,8938
aves,8934
satisfacción,8931
empecemos,8927
repetir,8927
carol,8922
retraso,8922
russell,8920
llamarte,8914
orquesta,8914
intentamos,8911
tio,8902
billete,8901
ponerle,8901
agregó,8898
mereces,8895
próximas,8894
esperaré,8891
hígado,8891
enfadada,8890
recordó,8889
habrán,8887
núcleo,8887
grita,8881
aérea,8877
clinton,8876
índice,8874
cometer,8870
bodas,8863
ruiz,8863
dick,8855
vela,8851
constitucional,8840
coro,8840
campesinos,8836
ee.uu.,8835
cuentos,8829
payaso,8827
raúl,8825
fruta,8822
turismo,8822
gilipollas,8815
empiezo,8813
nieto,8812
béisbol,8810
fingir,8810
establecido,8803
revisión,8803
inmunidad,8802
mecanismo,8800
cocaína,8798
impedir,8798
organizar,8796
vera,8793
estupidez,8792
negó,8791
querrás,8791
trasera,8789
continua,8781
hayamos,8780
rechazo,8780
textos,8779
prometió,8770
tranquilos,8769
existir,8759
egoísta,8755
típico,8752
williams,8752
váyanse,8740
jersey,8738
quinta,8738
prefiere,8736
equipaje,8731
duros,8728
individual,8728
financiero,8727
numerosos,8727
causar,8726
dijimos,8726
monstruos,8726
internos,8725
papas,8725
conejo,8722
jessica,8722
sepan,8716
matará,8713
ubicación,8711
tomaron,8708
explotar,8707
opiniones,8706
evitarlo,8704
activa,8703
rebecca,8702
bienestar,8701
terrorismo,8701
mantienen,8699
echó,8698
parecían,8694
planos,8685
enojada,8682
composición,8680
salario,8678
viera,8677
haberla,8674
putas,8673
premios,8671
latina,8665
quedes,8664
virtud,8664
pasaporte,8663
acento,8662
agricultura,8662
apúrate,8656
dr,8656
batería,8654
prostituta,8652
informar,8650
sonríe,8650
ensalada,8647
tendríamos,8641
productor,8638
costó,8637
colina,8635
patrulla,8634
funcionario,8632
estructuras,8628
hacerla,8625
habia,8624
vencer,8624
activo,8621
propuestas,8617
váyase,8616
esencia,8615
ala,8613
cómoda,8606
perdidos,8606
democrática,8605
descubrí,8601
inició,8599
camarada,8597
señoritas,8597
ooh,8593
dejara,8583
parto,8582
todd,8581
cueva,8578
tomaste,8578
unidas,8573
almorzar,8569
extremadamente,8569
habrías,8569
dirigido,8565
perdedor,8565
acceder,8560
dibujos,8558
consideración,8556
poli,8556
buscarlo,8548
ingredientes,8547
extensión,8545
sociedades,8545
culturales,8542
viniera,8541
volvieron,8541
aclarar,8539
fallo,8539
instalación,8536
femenina,8535
maria,8530
mercedes,8526
civilización,8525
bandas,8518
holmes,8518
huella,8516
construido,8512
llevé,8505
francamente,8503
lana,8503
instinto,8500
estrés,8495
intente,8490
empiece,8489
cumple,8488
maletas,8487
camarero,8482
alemana,8480
podria,8480
suceda,8479
practicar,8477
legales,8472
traes,8472
ian,8471
lector,8470
incómodo,8469
rival,8469
recoge,8468
basado,8464
estudiando,8456
presos,8454
kenny,8452
asesinada,8444
demasiados,8444
niñera,8443
rabia,8442
continente,8433
copas,8433
quedando,8433
logro,8429
empiezan,8428
vivió,8428
hilo,8427
callejón,8425
garantía,8424
misa,8421
comedia,8417
deudas,8416
grant,8416
señalar,8412
bendiga,8408
analizar,8406
responsabilidades,8405
causado,8404
catherine,8400
arreglarlo,8399
incapaz,8399
matan,8399
notable,8398
comedor,8397
guatemala,8393
llenar,8393
morales,8393
argentino,8391
correspondiente,8390
tarta,8390
visual,8390
corbata,8389
crece,8389
seca,8384
darán,8383
llamarlo,8383
edward,8382
herencia,8376
auxilio,8375
cerró,8375
asistir,8372
jesucristo,8372
harvey,8365
sentarme,8364
femenino,8362
joseph,8360
pagaré,8358
ingleses,8354
obispo,8354
queridos,8347
solidaridad,8346
juzgar,8344
demasiadas,8341
vendrán,8341
gasto,8338
angeles,8336
alimento,8335
guantes,8335
deberán,8330
cuyas,8328
mago,8328
tuvieras,8327
subió,8326
permita,8318
utilización,8313
enterado,8312
vidrio,8312
prioridad,8304
regular,8301
plataforma,8294
alivio,8292
hannah,8292
bailando,8291
marcus,8287
martha,8286
desafortunadamente,8284
aumenta,8283
ayudaré,8282
blake,8280
destruido,8280
nancy,8280
enhorabuena,8279
deportivo,8278
sebastián,8276
vicente,8274
coartada,8271
católica,8266
west,8264
stephen,8263
entren,8254
formal,8253
trono,8251
cumbre,8250
engañar,8250
llegaba,8250
maquillaje,8249
steven,8248
velas,8245
sentidos,8244
bomberos,8238
opinas,8238
hipótesis,8232
presidencial,8232
pecados,8231
reconozco,8231
volvía,8231
von,8231
fea,8229
miré,8228
medalla,8224
rincón,8224
sentados,8222
wayne,8221
oculta,8220
sindicatos,8218
fascinante,8216
cañón,8212
préstamo,8210
publicado,8210
escritura,8208
suiza,8208
peleas,8202
reservas,8201
necesarios,8200
renta,8200
reconoció,8196
tigre,8194
ganamos,8188
acostumbrado,8187
rota,8187
lima,8186
rumor,8186
cuartos,8183
whoa,8183
envié,8181
tranquilidad,8181
dejame,8176
mágico,8174
fortaleza,8171
satisfecho,8169
randy,8168
pedirte,8167
creciente,8166
ponerlo,8166
sophie,8166
rojos,8165
sujetos,8165
cortés,8162
horror,8158
botellas,8156
alcanzado,8155
bosques,8154
tanque,8154
editorial,8153
invisible,8152
encontrarse,8151
victor,8150
músculos,8147
accidentes,8143
disfruta,8141
intenso,8140
balón,8139
crecido,8139
tesis,8135
encontrarás,8134
minas,8134
queja,8133
soltero,8133
agradecido,8132
alimentación,8130
previamente,8130
universidades,8130
liberal,8129
negras,8127
ventajas,8126
olivia,8124
toby,8124
recibiendo,8123
recientes,8121
tratas,8118
espectacular,8117
gil,8116
descansa,8115
generaciones,8114
verdaderos,8113
ford,8098
renuncia,8098
negativa,8096
tenis,8093
derek,8089
federales,8089
copias,8088
granada,8085
sabiduría,8083
serías,8083
testamento,8081
cercana,8079
doctores,8077
cuero,8076
miseria,8076
háblame,8072
receta,8072
lata,8071
mia,8068
irene,8065
cadenas,8064
aznar,8060
rehenes,8056
contratos,8055
técnicamente,8055
gano,8054
apaga,8053
añade,8053
ios,8053
vendedor,8053
dirigente,8047
vendiendo,8047
entran,8045
permanece,8045
notado,8042
jugada,8039
chinos,8038
rusa,8037
atractiva,8034
duración,8033
lou,8032
caray,8027
atacó,8025
detención,8025
brad,8023
marte,8022
mínima,8022
fíjate,8017
presidenta,8017
robot,8017
lavar,8015
aprovechar,8011
delgado,8011
votación,8009
that,8005
sospechosos,8002
cabina,8001
debían,8001
detiene,7999
simples,7999
automóvil,7998
bloque,7995
comentó,7994
fianza,7993
arruinar,7991
celos,7991
volviste,7991
acercó,7988
sabrás,7987
síndrome,7986
young,7985
funcionará,7984
inevitable,7979
vinimos,7976
violento,7971
fechas,7970
casey,7969
dirigida,7964
faltaba,7964
avanzar,7959
gabinete,7959
robaron,7954
trajes,7954
fresca,7953
almirante,7952
ansiedad,7947
servirá,7947
alejado,7945
comprensión,7945
casó,7939
mostraré,7937
pierdes,7937
totalidad,7935
radiación,7933
interrumpir,7930
protagonista,7927
salvajes,7924
maten,7923
inmediata,7917
protocolo,7916
limón,7915
hermosas,7914
mantenido,7914
gallina,7911
xix,7909
pongan,7903
juguetes,7893
positiva,7890
cortado,7886
ganando,7886
separados,7886
guerras,7883
escoger,7882
pregunte,7878
certeza,7873
manifestación,7872
nate,7869
digno,7865
llamados,7862
ann,7858
brillantes,7856
mataría,7855
constituyen,7851
cayendo,7850
rubio,7849
exámenes,7847
auténtica,7846
quédese,7844
cambian,7841
procedimientos,7841
hugo,7838
cargar,7837
invitó,7830
jugado,7830
circuito,7827
redacción,7821
romance,7820
llévame,7819
imaginé,7812
justa,7811
apoyar,7810
comunistas,7810
marshall,7809
cantidades,7808
hacernos,7808
apunta,7807
golpeado,7807
interesantes,7807
japonés,7807
eventos,7806
supervivencia,7805
sonidos,7803
daremos,7802
vince,7802
existía,7801
componentes,7800
nicaragua,7800
conclusiones,7799
is,7799
macho,7799
discúlpame,7798
transformación,7797
camiones,7795
michelle,7793
conseguiré,7792
insistió,7792
democrático,7790
estacionamiento,7789
homenaje,7788
jaula,7787
ancianos,7785
estarían,7784
pensión,7782
confundido,7781
dimos,7780
tomás,7780
satélite,7779
beth,7777
ponemos,7775
conceptos,7774
disculparme,7774
tiró,7773
alfombra,7770
pares,7770
contaba,7765
logra,7765
jacob,7762
miran,7758
armadas,7754
ficción,7752
corea,7751
contestó,7749
rollo,7748
específico,7747
tela,7747
trabajador,7745
so,7740
lois,7738
tuyos,7736
toros,7734
planeando,7733
consuelo,7732
elaboración,7727
apartado,7725
creciendo,7724
zoe,7723
angela,7722
débiles,7718
estaríamos,7718
jess,7718
reconocido,7716
australia,7715
acusaciones,7714
mencionado,7708
engaño,7706
efectivamente,7704
guay,7700
manifestaciones,7699
confirmar,7698
norteamericana,7697
asientos,7696
transición,7696
primaria,7694
corrientes,7691
policia,7690
pinturas,7689
dormida,7686
novedad,7686
ascenso,7685
cogió,7681
ruptura,7678
eeuu,7671
relato,7671
servido,7671
expresar,7670
sencilla,7669
seguí,7666
justamente,7662
deberes,7661
muelle,7661
nacer,7660
pechos,7659
ave,7657
jonathan,7657
circulación,7650
llenos,7648
radical,7646
aceptó,7643
motores,7634
religiosa,7634
propone,7631
baje,7629
champán,7627
conforme,7626
llevarse,7626
algun,7622
bajando,7621
pedimos,7616
duelo,7614
sugiere,7614
estancia,7611
cerdos,7610
cobrar,7610
pacífico,7609
separación,7609
productores,7602
estúpidos,7599
masas,7598
baila,7595
pintar,7595
sensibilidad,7593
cráneo,7592
francis,7590
extraordinaria,7588
rodeado,7587
sigamos,7587
resumen,7585
cazador,7584
conocerla,7583
pregúntale,7582
agresión,7581
ética,7581
ropas,7580
tortura,7580
ganancias,7579
mantente,7576
díselo,7572
tómalo,7572
evidentemente,7570
keith,7570
seguiré,7570
secuencia,7565
apostar,7563
llora,7563
bretaña,7562
porquería,7562
regresado,7561
tomes,7561
joaquín,7560
destinado,7559
brandon,7558
gustar,7558
reverendo,7558
rasgos,7557
hospitales,7556
direcciones,7554
preso,7554
contarle,7551
órgano,7551
conflictos,7550
rehabilitación,7550
aplicar,7546
clásica,7543
escapado,7542
coca,7540
historial,7540
desorden,7539
fusión,7539
lesiones,7538
provocar,7538
soluciones,7538
ethan,7533
caramba,7528
pérdidas,7527
ellen,7525
trucos,7525
choque,7524
fiscalía,7524
porno,7523
asesina,7521
formado,7520
aliados,7516
correctamente,7514
colectivo,7513
fundamentales,7512
especialista,7508
mickey,7507
nelson,7507
armados,7506
ignacio,7506
orientación,7503
reporte,7502
shawn,7502
angustia,7501
lidiar,7501
alli,7498
escrita,7498
manual,7497
ruth,7496
cazar,7494
eficaz,7493
spencer,7493
interesada,7491
moreno,7491
piden,7491
dennis,7489
estabilidad,7489
frases,7488
numerosas,7488
compasión,7487
sacarlo,7487
subiendo,7484
variedad,7483
expectativas,7481
peleando,7481
hechas,7479
ángulo,7478
españolas,7477
ratón,7476
atentado,7472
parientes,7471
cobertura,7470
retirada,7470
sabio,7470
patrimonio,7466
envío,7463
acompañado,7462
teddy,7462
costumbres,7461
empresario,7458
reunir,7458
brujas,7457
desesperado,7455
sello,7454
cristiano,7453
norman,7452
vietnam,7452
lleguen,7450
entramos,7447
pluma,7446
encontrarme,7444
carbón,7443
antiguas,7441
informa,7439
patético,7434
claras,7424
mecanismos,7424
contaré,7419
escritores,7418
financiera,7418
canales,7415
usarlo,7415
frutas,7414
sue,7412
deseaba,7409
refuerzos,7409
vestida,7409
gota,7407
estaciones,7405
molestar,7405
abuso,7404
arquitectura,7403
encargaré,7403
norteamericanos,7398
prometiste,7398
seda,7398
exclusivamente,7396
barro,7392
entidades,7392
espíritus,7391
hong,7391
seriamente,7385
white,7382
walker,7380
detenerlo,7377
mexicana,7376
paris,7376
redes,7375
castilla,7374
éi,7374
pescar,7371
terribles,7371
registrado,7367
desarrollado,7363
enviaré,7363
bajó,7361
perdieron,7361
menú,7360
entenderlo,7359
mantenerse,7359
obliga,7356
huyendo,7355
entregó,7353
promesas,7352
vientre,7350
besos,7347
liz,7346
eterna,7345
afortunadamente,7343
manzanas,7342
caroline,7341
generoso,7341
basada,7337
habana,7337
conseguirlo,7336
jennifer,7335
conduciendo,7334
kong,7333
aprendizaje,7332
cenizas,7332
miente,7332
tenerte,7332
descenso,7331
pulmones,7330
suponer,7330
am,7329
cuente,7329
rodilla,7329
cebolla,7327
mías,7327
molestia,7326
llegara,7323
frecuente,7316
importan,7315
malcolm,7312
ola,7311
nube,7309
invasión,7304
juguete,7304
cafetería,7303
manifiesto,7303
llegaremos,7302
colgar,7301
saque,7299
eternidad,7297
elige,7296
esconder,7295
pa,7295
sorprendió,7294
centímetros,7293
vampiro,7293
pendientes,7292
separado,7292
eligió,7291
provoca,7289
enteré,7288
humanas,7288
establecimiento,7287
soltera,7287
declarar,7286
cambie,7284
clasificación,7283
competir,7280
incluido,7279
vigilando,7279
ho,7276
owen,7276
facilidad,7275
hacías,7275
gus,7269
hill,7267
pierre,7267
comparación,7265
enviaron,7265
bromeas,7264
lleven,7264
ofrecen,7264
fantástica,7263
fruto,7263
alejandro,7258
garantizar,7257
esquema,7256
equivocas,7255
ayudo,7254
suba,7254
piénsalo,7253
bonitas,7252
encuentren,7251
ocupados,7251
vano,7244
sera,7243
fronteras,7242
maya,7241
detenidos,7240
mintió,7240
psiquiatra,7239
soñando,7232
bahía,7229
detectives,7229
japoneses,7229
casino,7228
necesarias,7228
pertenecen,7226
semillas,7226
fabuloso,7225
averiguarlo,7224
rama,7221
cortó,7220
ocupar,7220
alfredo,7217
panamá,7217
ejercicios,7216
conociste,7214
lavado,7213
comen,7211
usamos,7206
karl,7205
salas,7203
oriental,7202
geografía,7200
visitantes,7200
ocurriendo,7195
privadas,7195
enterrado,7194
falsas,7193
calientes,7192
supuestamente,7192
urgencia,7191
bebido,7184
eficacia,7184
egipto,7183
pudiéramos,7183
recuerdan,7182
saludable,7181
pañuelo,7180
tradicionales,7176
lenta,7174
creído,7172
marihuana,7171
hechizo,7168
precisa,7168
probarlo,7166
utilizan,7165
hubiéramos,7163
vacas,7162
desfile,7161
inglesa,7160
sabremos,7158
merezco,7157
advirtió,7156
alturas,7155
condicional,7154
venimos,7153
agarra,7152
pesada,7152
permitirá,7150
teorías,7150
fundamentalmente,7149
llevaría,7148
setenta,7144
comprendes,7142
harold,7142
rebeldes,7141
cardenal,7138
leal,7135
conspiración,7134
marcado,7134
privados,7131
cirujano,7130
min,7130
alonso,7129
bendición,7127
pierdo,7127
impide,7126
increíblemente,7124
viviendas,7124
conservar,7121
vendió,7120
anthony,7119
relacionados,7119
odias,7118
dámelo,7115
arruinado,7114
autonomía,7114
soviética,7113
acercarse,7112
sentirme,7110
fenómenos,7109
encontremos,7107
vencido,7107
pavo,7106
sirvió,7106
comidas,7105
harina,7105
narices,7102
míralo,7098
tráeme,7096
francos,7095
estatua,7092
precisión,7092
intentan,7091
orilla,7090
liberar,7089
retirar,7089
pisos,7088
religioso,7088
pasear,7087
olvídate,7085
afecto,7082
bush,7082
emocionado,7082
meterse,7082
misterioso,7080
abiertas,7079
re,7079
expansión,7077
representan,7074
coincide,7073
conozca,7073
récord,7072
sostiene,7070
emilio,7069
besar,7068
timbre,7067
cajón,7061
cuerdas,7058
reducido,7057
lanzó,7055
mexicanos,7054
controla,7050
dueños,7049
hernández,7048
mesas,7048
mundos,7047
alfa,7046
básico,7046
elevado,7046
observando,7046
saqué,7045
julian,7043
ramas,7043
turistas,7043
xx,7040
palma,7038
usas,7038
ejemplos,7037
estuviese,7034
consiga,7030
rob,7024
pagando,7021
causó,7016
pegado,7016
contratar,7015
déficit,7015
desperté,7009
ligero,7009
obreros,7008
zapato,7006
ali,7005
combatir,7004
decidimos,7004
cristianos,6997
venid,6996
vientos,6996
demandas,6993
reflejo,6986
harían,6985
ochenta,6983
raras,6981
sentarte,6981
tomate,6981
llores,6980
entraron,6979
marchar,6976
secretaría,6976
sustancias,6974
famosos,6973
reflexión,6972
solucionar,6972
moviendo,6971
atrapados,6967
polo,6965
recuerden,6965
art,6959
film,6959
queria,6957
calendario,6951
levantado,6951
eje,6950
ritual,6949
hicieras,6947
times,6947
horribles,6941
cubre,6939
pandilla,6939
aprende,6937
irak,6937
cristina,6932
electrónico,6929
ken,6929
sobra,6929
harris,6928
industriales,6928
tribunales,6925
percepción,6920
sustancia,6920
vapor,6920
prometida,6919
británicos,6916
hueco,6916
golpea,6914
quejas,6913
estuvieran,6912
gastar,6911
revolucionario,6908
insiste,6906
talla,6904
stanley,6903
junior,6899
valioso,6897
autopista,6896
explicaciones,6896
trajeron,6895
robando,6892
matarla,6891
escapa,6890
louise,6890
doloroso,6889
iv,6884
cubano,6881
aburrida,6879
caen,6878
falsos,6877
alcanzó,6875
regresaré,6868
watson,6865
llamen,6864
odiaba,6862
cintas,6861
tratamos,6861
willie,6860
culto,6859
dió,6859
igualdad,6859
mágica,6859
jazz,6857
lorenzo,6857
entrevistas,6855
crean,6853
traducido,6853
malvado,6852
perfume,6846
holly,6845
campana,6844
sintiendo,6844
agrada,6842
suárez,6841
quitó,6840
llevaban,6836
enseñado,6834
furgoneta,6834
brillo,6830
planetas,6829
indican,6828
permítame,6828
lincoln,6827
localidad,6827
matthew,6827
salgas,6826
graduación,6825
horizonte,6825
llevaremos,6824
paren,6824
bellas,6822
inspiración,6820
publicación,6820
músicos,6818
ernesto,6816
gonzalo,6815
usaba,6815
programación,6814
quinn,6814
encender,6811
oración,6811
riendo,6811
fan,6810
pilar,6809
ví,6809
une,6805
neil,6804
romano,6804
unirse,6803
abogada,6801
daban,6801
harta,6797
elliot,6793
respetar,6792
ligera,6791
paula,6791
preocupaciones,6791
disfraz,6790
escribo,6790
honesta,6790
niebla,6790
temía,6790
mafia,6789
centavo,6787
margarita,6787
perdóneme,6785
domicilio,6784
esconde,6782
oculto,6780
vuela,6780
argumentos,6779
banca,6776
expresa,6775
gustará,6774
obtiene,6774
ashley,6773
eco,6773
convenio,6771
merecen,6771
pato,6770
mostrarte,6769
municipales,6769
lleguemos,6767
editor,6765
entendemos,6763
espectadores,6763
documentación,6760
transferencia,6758
entregado,6756
ligeramente,6754
cultivo,6752
investigador,6752
repite,6751
tránsito,6750
em,6749
raymond,6749
globo,6747
necesites,6746
reciben,6745
sufriendo,6745
aprobado,6744
descubre,6743
grabado,6743
sexto,6743
arturo,6740
aéreo,6738
filas,6737
infeliz,6737
prestigio,6732
rita,6731
digital,6729
yeah,6729
cristiana,6727
carrie,6726
callado,6725
rendimiento,6722
cerrados,6721
quemar,6721
introducción,6720
vasos,6718
enfoque,6716
andrea,6711
bolsillos,6710
dato,6709
negar,6709
psicología,6708
for,6705
británica,6703
estupenda,6703
lane,6703
humilde,6701
quemado,6701
susto,6701
teme,6700
griego,6698
dictadura,6697
mediados,6697
iglesias,6696
curva,6695
necesitaré,6695
preocupados,6695
interesados,6694
mantenerlo,6692
diane,6691
hablarme,6691
resistir,6691
suprema,6691
surge,6690
italiana,6689
vería,6689
pases,6688
intensa,6686
dejaremos,6684
acabará,6682
aguja,6682
tiros,6682
respaldo,6680
delicado,6675
house,6674
enseñaré,6672
dirigió,6669
sobrina,6669
all,6666
agujeros,6665
diosa,6665
apagar,6663
green,6663
directores,6662
traigan,6662
autopsia,6661
gentes,6661
flujo,6660
inteligentes,6657
mentes,6656
cordero,6653
miranda,6652
janet,6651
shane,6651
partículas,6650
expresó,6648
financieros,6648
tiroteo,6646
enseña,6644
insectos,6644
invito,6644
delegación,6641
aquél,6640
especialistas,6638
seno,6637
defensor,6636
nocturno,6635
celosa,6631
comes,6631
continúe,6630
realizada,6630
rancho,6626
duró,6625
duras,6624
agencias,6623
desean,6621
oírlo,6621
cumplimiento,6619
asesinó,6617
usuarios,6617
venden,6616
inicia,6615
haciéndolo,6613
mito,6613
asesinar,6612
goma,6610
perfección,6609
olas,6606
tatuaje,6606
penas,6605
bruno,6603
engañado,6601
proteínas,6596
vampiros,6595
inocencia,6594
vecina,6594
desayunar,6591
sana,6590
black,6589
ecuador,6587
quema,6587
fija,6585
iris,6585
álbum,6585
amada,6583
jodida,6583
novios,6583
tendrían,6576
pierden,6575
buscarla,6574
explotación,6574
árabe,6574
creador,6573
guillermo,6573
pensabas,6573
dimensiones,6572
italianos,6572
pierda,6572
créditos,6571
levantarse,6567
vomitar,6567
ayudaría,6566
sesiones,6563
urgencias,6561
declarado,6560
decías,6560
venían,6559
disparen,6557
volante,6557
juvenil,6556
trabajé,6556
trauma,6554
particulares,6550
recordaba,6548
ordenado,6547
genética,6546
significaba,6546
dorado,6545
pierdas,6543
metí,6542
romero,6542
indígenas,6540
reparto,6540
cometió,6538
corporal,6538
pop,6538
brigada,6536
natalie,6532
finanzas,6531
chaval,6528
panorama,6527
inflación,6522
we,6521
christine,6514
competición,6514
mentido,6510
suelto,6506
explosivos,6505
brindis,6503
termino,6503
ingeniería,6501
lejano,6500
claudia,6499
cosecha,6498
consigues,6497
esperad,6497
lobos,6497
merecía,6497
apetito,6496
enciende,6496
go,6493
reunirse,6493
eléctrico,6490
k,6488
jin,6486
trenes,6485
trece,6478
despertó,6472
ocupación,6471
mostrado,6470
kennedy,6468
privilegio,6468
esclavo,6467
padrino,6467
actuaciones,6466
decírmelo,6466
quitado,6466
cal,6464
olvidaré,6463
grabar,6461
comprometido,6458
conectado,6456
logramos,6455
oscuras,6454
cuánta,6451
mandado,6450
onu,6450
encontrarte,6449
comienzan,6444
bondad,6443
juramento,6442
gibbs,6439
quito,6439
correos,6434
imaginaba,6432
ponlo,6430
dificil,6427
shock,6427
cabra,6426
rezar,6426
use,6425
sacarte,6424
bla,6422
arquitecto,6421
ajo,6418
hoyo,6418
comió,6417
manchas,6417
bloqueo,6416
obligaciones,6416
quisieras,6414
ginebra,6413
furioso,6412
cualidades,6410
quedaría,6408
oírme,6404
prefieres,6404
obtenido,6403
tirando,6399
tómate,6396
lola,6395
trayectoria,6394
afectado,6391
héctor,6390
orina,6390
imaginas,6387
baby,6386
seguimiento,6386
temer,6386
tokio,6385
seguiremos,6383
unida,6383
toalla,6379
aman,6376
definir,6374
peligrosos,6374
b.,6371
barrera,6371
ayúdenme,6369
frutos,6369
tapa,6369
desconocida,6368
sos,6366
contarte,6364
hall,6362
mona,6362
probabilidades,6362
asegurarse,6361
algodón,6360
siesta,6360
parcial,6358
cargado,6357
leonard,6356
aventuras,6355
anuncios,6354
difusión,6351
decidieron,6350
motel,6348
gane,6347
confirmado,6346
reagan,6346
resultar,6346
activos,6344
certificado,6344
coalición,6343
completar,6343
previa,6343
poemas,6341
asilo,6337
cervezas,6336
retirado,6334
eterno,6333
soporte,6329
comencé,6328
lámpara,6328
juegan,6326
futura,6325
levante,6325
dedica,6324
seguidores,6324
citado,6323
inusual,6323
fijo,6322
graciosa,6321
preguntes,6317
centrales,6315
circunstancia,6314
respectivamente,6311
connor,6305
riley,6304
baloncesto,6303
músico,6302
carreteras,6297
cuidando,6297
ensayos,6297
sofía,6297
empieces,6296
mason,6295
quizas,6295
urbano,6293
test,6292
ida,6291
obligó,6290
manta,6289
llenas,6288
reformas,6288
luisa,6287
micrófono,6287
ortega,6287
coloca,6286
sucederá,6286
acudir,6284
curar,6283
provocó,6283
reacciones,6283
enfermería,6279
universitario,6278
moleste,6277
escudo,6274
matrícula,6274
surgió,6274
extrema,6273
sra,6270
alimentar,6269
cómplice,6269
domingos,6269
encendido,6267
vodka,6265
olvidaste,6262
lesión,6261
catalán,6260
liam,6260
subido,6260
injusto,6259
barrios,6257
humedad,6257
referencias,6257
participantes,6251
colin,6250
girar,6249
presiones,6249
querrías,6249
explicarlo,6248
pidieron,6248
convención,6247
ofrecido,6244
creció,6238
rifle,6238
falda,6237
directiva,6235
sillas,6235
et,6231
retorno,6231
supiste,6231
provocado,6230
meterme,6228
prepárate,6228
factura,6227
ajedrez,6224
relativamente,6223
abandono,6219
ciega,6217
lecciones,6216
borracha,6215
pilotos,6215
suspensión,6213
altamente,6212
furia,6212
wendy,6211
mentiste,6210
sandra,6209
intelectuales,6208
pesa,6207
superado,6207
lápiz,6206
identificado,6204
geniales,6203
travis,6202
intimidad,6201
catorce,6200
cursos,6200
exacta,6199
contrató,6198
raros,6197
sincera,6194
robaste,6190
advierto,6189
salvación,6187
durar,6179
alexander,6178
pasaje,6178
guerreros,6176
hacéis,6176
salva,6174
soñar,6174
hoteles,6173
incendios,6173
muros,6173
escuadrón,6171
terminará,6169
creando,6164
montaje,6164
nene,6164
recibimos,6160
supieras,6160
basa,6157
hábitos,6157
novelas,6155
traen,6154
inspección,6151
ralph,6145
star,6145
captura,6144
volverán,6144
normalidad,6143
audrey,6141
bilbao,6141
experimentos,6141
alternativas,6139
empiezas,6139
previo,6139
opina,6138
gritó,6137
gigantes,6135
ilegales,6132
bolivia,6131
soporto,6129
warren,6128
portal,6125
contarme,6122
félix,6122
fáciles,6120
na,6117
balance,6116
pagos,6115
kurt,6113
disponibles,6111
portero,6110
saludar,6110
a.,6108
pediré,6105
excepcional,6104
batman,6103
definitivo,6103
maletín,6103
dispone,6102
tracy,6102
nace,6101
caiga,6098
jugamos,6095
asia,6094
serios,6094
misiles,6092
penny,6092
buscaré,6091
básicos,6089
baños,6086
confirmó,6086
gatillo,6086
cortesía,6083
logan,6083
tragos,6081
araña,6079
financiación,6079
persecución,6079
medicinas,6078
otan,6074
serena,6074
fotógrafo,6073
confesar,6072
multa,6070
vigilar,6069
dí,6066
estima,6066
reglamento,6065
dirías,6064
empezaba,6064
envidia,6064
matas,6062
muéstrame,6061
paloma,6059
tumor,6059
maneja,6058
nora,6055
cambiará,6054
cobra,6054
alguacil,6053
id,6053
quieta,6052
vigila,6049
locas,6048
mandato,6047
deseando,6046
sudor,6042
alumno,6040
andaba,6040
ballet,6040
ultima,6039
llevara,6038
conquista,6032
cercanos,6031
cálculos,6031
corporación,6029
utilidad,6029
adoptar,6028
carla,6026
vistas,6022
marcar,6020
bastantes,6017
contenidos,6016
decirse,6012
ancho,6011
órbita,6011
encuentros,6009
presentimiento,6008
recuperado,6007
graham,6006
barón,6004
ganan,6004
kent,6004
carolina,6002
cintura,6001
nido,6000
almohada,5999
aplausos,5999
desesperación,5999
evan,5996
rosario,5996
pepe,5995
exilio,5991
love,5991
sangrando,5990
grecia,5989
colgado,5988
deshacerse,5987
contentos,5986
legislación,5984
lectores,5983
modales,5978
recta,5976
allen,5975
buscarte,5973
seth,5972
artificial,5971
puñado,5971
reduce,5971
notar,5970
paco,5969
andalucía,5968
preguntan,5968
sábanas,5967
licor,5966
sacando,5966
llamaban,5965
mentí,5963
especialidad,5962
portugal,5962
actitudes,5956
intentos,5956
cables,5955
externa,5954
mercancía,5952
raya,5952
trampas,5951
sorpresas,5950
enseñarte,5948
monos,5947
patada,5947
delincuentes,5946
pretendía,5946
malditas,5944
jovencita,5943
contactar,5940
determinación,5939
fina,5939
atravesar,5938
correspondientes,5938
mirado,5937
confuso,5936
piensen,5933
estelar,5932
pelos,5932
craig,5931
allison,5930
sammy,5930
artístico,5929
acompaña,5928
triple,5928
milagros,5927
echarle,5925
mochila,5925
nicole,5925
todavia,5925
atracción,5924
saliste,5922
asesor,5921
dejarle,5920
artística,5918
determinada,5918
específicamente,5918
interrogatorio,5918
proporción,5917
atreve,5915
homicidios,5915
admite,5914
aparecido,5913
stone,5913
afectados,5912
sandy,5912
considero,5911
opuesto,5910
químicos,5910
contaminación,5909
duncan,5908
numero,5907
tanques,5906
bart,5903
respiro,5902
bebo,5901
julián,5899
catalina,5898
rebelde,5897
diente,5896
protege,5896
distinguir,5895
philip,5894
amarilla,5893
preguntarme,5893
círculos,5892
litros,5892
básica,5891
contaste,5891
sigas,5890
masculino,5889
describir,5887
mansión,5884
muñecas,5884
espérame,5882
acabaron,5881
vendrás,5880
muchísimas,5878
preferido,5878
saludo,5878
increíbles,5877
rural,5877
afirmar,5875
vosotras,5875
cojo,5874
ruidos,5872
lotería,5869
pides,5869
case,5866
grosero,5865
temperaturas,5865
bigote,5864
kitty,5863
tiburón,5862
tomaba,5861
vega,5860
situado,5856
dinámica,5855
ocurrirá,5855
tronco,5852
exclusiva,5850
nazis,5849
complicada,5846
ordenar,5846
compuesto,5845
lea,5844
escucharme,5843
planificación,5843
ataúd,5842
rapidez,5842
lauren,5839
contratado,5838
localizar,5838
mitchell,5838
boleto,5835
poderosos,5833
afueras,5832
estudiado,5832
shh,5832
fiscales,5830
busque,5829
desesperada,5829
criado,5827
reservado,5827
sospechas,5827
fans,5825
necesitaremos,5825
críticos,5824
apoya,5823
hermosos,5823
salve,5821
colectiva,5819
determinados,5819
sagrada,5819
estreno,5817
nucleares,5816
tasas,5814
avanza,5810
coordinación,5810
encontrarán,5810
confías,5809
vivas,5808
dirán,5806
excusas,5806
gemelos,5806
saluda,5806
estarlo,5804
mecánico,5803
nicolás,5803
adrian,5802
aislamiento,5802
heredero,5802
plantea,5800
traslado,5800
aaron,5798
mel,5797
divina,5796
habrás,5796
sacaron,5795
aficionados,5794
decepcionado,5794
municipio,5794
avances,5793
obsesión,5790
emisión,5789
sumamente,5787
dándole,5785
asociaciones,5784
lentes,5784
voluntario,5784
documental,5783
equivoqué,5783
lucía,5782
occidente,5781
polémica,5781
originales,5778
busqué,5777
define,5776
collins,5775
comprendido,5773
destaca,5772
etapas,5772
sígueme,5772
enlace,5771
impresionado,5771
carbono,5770
ídolo,5770
earl,5768
pasaste,5767
retirarse,5767
romántica,5767
pida,5765
conservación,5764
goles,5764
tendencias,5764
inténtalo,5763
instancia,5762
representar,5762
discursos,5760
catedral,5756
recorrer,5756
restaurantes,5756
soportarlo,5756
comenzando,5753
comprobado,5752
pimienta,5752
recibirá,5752
terriblemente,5752
gusano,5751
propuso,5750
entendiste,5749
tomaremos,5746
corrección,5745
corrió,5744
galicia,5744
secuestrado,5744
castellano,5743
quietos,5742
simpático,5742
genes,5740
sonreír,5739
invitar,5736
clubes,5735
computadoras,5735
concejal,5735
marino,5735
cuidadosamente,5734
hemorragia,5734
placas,5731
fidel,5730
provincias,5730
coste,5728
dependencia,5727
individuales,5727
your,5727
corran,5725
sentimental,5722
suyas,5722
barbara,5721
polla,5721
asesinados,5720
cancelar,5719
entro,5719
sostener,5719
verduras,5719
atrapada,5717
galaxia,5717
indicado,5716
comenzamos,5713
ambición,5712
defectos,5712
paige,5712
viena,5712
martillo,5711
tranquilízate,5709
controles,5708
disfrutando,5707
cm,5706
eli,5706
desarrolla,5705
balcón,5704
molestes,5704
emocionada,5702
pondremos,5702
quédense,5700
quedara,5699
clan,5697
despertado,5697
pague,5697
meterte,5696
tiende,5696
be,5695
radar,5695
anciana,5694
mantengan,5694
interpretar,5692
bastardos,5691
terrenos,5691
halla,5689
manifiesta,5686
juegas,5684
brutal,5683
frecuentes,5683
ondas,5683
hadas,5682
creencias,5681
vestuario,5681
christopher,5680
controlado,5680
consideró,5676
falleció,5675
equivoca,5674
ji,5674
evita,5673
escritos,5672
coinciden,5671
equivoco,5670
gina,5668
águila,5667
lawrence,5665
borrar,5664
terminal,5663
adelantado,5659
aguarda,5658
cruce,5658
mostrarle,5658
físicamente,5657
terminaron,5657
favoritos,5656
enfrentarse,5655
guardián,5654
pesadillas,5652
probabilidad,5652
repugnante,5652
atacado,5651
bonnie,5651
desaparecida,5651
independientes,5650
industrias,5647
prestar,5645
murphy,5642
proceder,5642
agregar,5640
elefante,5640
noel,5639
etiqueta,5638
pondría,5638
gala,5637
hogares,5637
reunido,5637
únicas,5637
huéspedes,5636
tremendo,5636
botones,5635
alba,5634
capilla,5634
mitch,5634
tocaba,5634
ambiental,5632
sillón,5631
mientes,5630
simpson,5630
operar,5626
presta,5625
lograrlo,5624
objeción,5624
compromisos,5623
manhattan,5623
divino,5622
refleja,5622
mueven,5621
criada,5620
fox,5620
liberado,5619
publicó,5617
federico,5616
matarán,5616
alrededores,5614
extremos,5614
filme,5613
hábito,5611
proyección,5611
atado,5608
esperabas,5608
marcharse,5607
marica,5607
marchó,5606
aborto,5605
llamarla,5605
códigos,5604
estrictamente,5602
chimenea,5600
nombrado,5600
protegerte,5599
emergencias,5598
ocuparé,5598
harper,5597
extranjera,5596
zaragoza,5596
coordenadas,5595
propietarios,5595
reparar,5595
ronnie,5595
característica,5594
ejemplar,5593
pegó,5593
apagado,5592
aparatos,5592
cancha,5592
avisar,5591
jamón,5590
sordo,5590
adquirir,5589
admito,5588
portada,5588
diamante,5583
debbie,5581
heather,5579
publicar,5579
colocado,5577
intervenir,5577
leve,5577
traerme,5577
manteniendo,5576
residentes,5576
tour,5576
ampliación,5573
dueña,5570
protegido,5570
perdemos,5569
valentín,5569
cruzado,5568
vocación,5568
volviera,5568
enfrenta,5567
encaja,5566
orgullosos,5566
confirma,5562
altar,5560
amables,5559
jenna,5559
acusa,5558
alvarez,5558
inmensa,5558
estudia,5557
jabón,5556
anillos,5554
construyó,5554
ofensiva,5554
conversar,5553
quedarás,5553
tenerla,5552
pega,5550
bárbara,5548
freddy,5545
chistes,5544
cogí,5541
sanidad,5540
vagina,5540
continuidad,5538
mañanas,5538
saltó,5538
tristes,5537
muertas,5536
propaganda,5536
donald,5535
marqués,5535
fuéramos,5532
continuó,5531
leslie,5527
culpables,5525
adopción,5524
escasa,5524
extiende,5524
turner,5524
romanos,5523
disminución,5522
bo,5521
campus,5521
hamburguesa,5521
samuel,5520
pat,5519
integridad,5518
farmacia,5516
enseñarle,5513
cobre,5512
agarrar,5510
gramos,5510
boy,5509
cálculo,5509
invita,5509
firmas,5506
anderson,5505
condesa,5503
rodrigo,5502
puño,5501
walt,5501
presentarse,5498
considerable,5496
legalmente,5494
pagará,5494
mentales,5493
tirador,5493
cortos,5492
firmó,5490
bailarina,5489
encuentres,5489
audición,5488
avanzada,5483
culturas,5483
huyó,5483
lamentablemente,5483
sonriendo,5480
refugiados,5478
siguieron,5478
cristales,5476
saldremos,5476
cuñado,5471
duermo,5469
enteró,5469
expedición,5468
franklin,5467
tentación,5467
recurrir,5466
camas,5465
fallado,5465
avergonzado,5463
cuadra,5463
christian,5462
iniciales,5460
demostración,5459
evidencias,5459
oscuros,5459
responda,5456
saint,5456
chase,5455
espectador,5453
gustavo,5453
medicación,5453
salidas,5453
europeas,5452
bang,5451
pila,5451
buscarme,5450
sydney,5450
conferencias,5449
barney,5447
bruto,5447
casarnos,5447
mecánica,5446
musicales,5446
ejercer,5445
varón,5441
masiva,5440
quisiste,5440
trozos,5440
empuja,5438
superman,5437
telegrama,5436
cd,5434
us,5434
bañera,5431
habiendo,5431
pavos,5430
sentar,5430
caracas,5428
daisy,5428
fuegos,5428
gallo,5426
armonía,5425
eliminación,5425
acostado,5421
satisfacer,5420
chance,5419
brenda,5418
hans,5418
caribe,5417
existentes,5416
detenga,5415
plazas,5415
regresen,5415
ajuste,5414
jodidamente,5411
dormía,5410
mérito,5410
sándwich,5410
lance,5409
stuart,5408
ruinas,5407
jodan,5406
llamaría,5400
oler,5400
beca,5398
liderazgo,5398
mensajero,5396
sergio,5395
residuos,5393
esperé,5392
tierno,5392
veredicto,5391
célula,5390
terrestre,5390
visible,5390
cazadores,5388
discutiendo,5388
blue,5387
megan,5387
polonia,5387
síntesis,5387
afganistán,5382
tomada,5381
describe,5379
bodega,5378
subasta,5378
privacidad,5377
cuna,5376
capullo,5375
plumas,5375
salvaste,5374
can,5372
cubo,5370
boletos,5369
rodea,5368
bandeja,5367
compraste,5362
encantó,5362
destacar,5361
hacerles,5361
jules,5360
presidentes,5360
arriesgado,5357
jurídico,5357
terminaste,5355
cometí,5354
provincial,5353
ue,5353
enamorados,5352
frágil,5351
island,5351
casé,5350
convento,5350
novedades,5350
sentó,5349
fijado,5347
significativo,5346
coco,5345
conciertos,5345
preocuparme,5345
gestos,5344
rigor,5343
aprendiendo,5340
avanzado,5340
lleves,5340
billones,5333
caí,5333
escuches,5333
excelentes,5333
pasados,5333
trigo,5333
cambié,5330
escuchad,5330
muchachas,5328
pm,5326
llevarnos,5323
pudiese,5323
revela,5323
marrón,5322
chip,5320
jiménez,5320
jugó,5320
calcetines,5319
presupuestos,5318
malentendido,5316
afrontar,5314
entienda,5314
orgánica,5314
acuerda,5311
saliera,5310
torpe,5310
instrucción,5309
prometes,5307
enfrentamiento,5306
ferrocarril,5306
sucesos,5306
dados,5304
escuchan,5303
gotas,5303
jacques,5301
patrones,5301
invertir,5297
permitiré,5296
calvo,5295
pervertido,5291
apreciar,5289
equivalente,5289
ofertas,5287
racional,5287
siéntense,5286
decenas,5285
significar,5282
fritas,5281
aterrizar,5280
wade,5279
dejarás,5278
aterrizaje,5277
pagas,5276
necesitará,5274
realizan,5274
rechazó,5272
soñado,5272
aceptación,5271
pariente,5271
claros,5270
llegues,5267
ovejas,5267
tímido,5266
imaginado,5265
incluir,5265
canciller,5262
viaja,5261
comprando,5259
amenazó,5258
chofer,5258
queden,5258
vegetales,5258
antena,5257
rostros,5257
costillas,5255
kang,5255
físicas,5254
magnífica,5254
rol,5254
verlas,5254
shakespeare,5252
bernard,5251
convierten,5249
imperial,5249
utilizó,5248
artificiales,5247
irlanda,5247
específica,5246
arranca,5245
masaje,5244
may,5244
palos,5240
what,5240
bogotá,5239
dana,5239
hembra,5239
jardines,5238
lograron,5237
vigor,5236
kg,5235
suavemente,5235
hare,5234
sólido,5233
violenta,5233
escucharlo,5232
ilusiones,5232
perdonar,5232
consiguiente,5231
novato,5231
unir,5231
vaquero,5230
submarino,5227
agotado,5225
solíamos,5225
baker,5224
debieron,5224
desprecio,5224
persiguiendo,5224
sonó,5224
mentirosa,5222
salarios,5222
vacías,5220
enviando,5219
prevenir,5219
burro,5218
tomemos,5218
bonitos,5217
jill,5217
dejarán,5216
profundas,5213
dentista,5211
empresarial,5210
top,5210
convocatoria,5207
estadísticas,5206
phoebe,5205
ganaste,5204
longitud,5204
vínculo,5204
físicos,5203
long,5203
misiones,5203
expulsado,5201
introducir,5201
blair,5200
circular,5200
terminan,5199
metes,5198
jen,5197
cortinas,5195
ellie,5195
vic,5193
clay,5192
set,5190
destacó,5189
brooklyn,5188
recibieron,5187
legado,5186
cayeron,5185
leyó,5185
patricia,5185
estética,5182
rastros,5182
anunciar,5181
favorable,5180
suicida,5180
bruselas,5179
jurídica,5179
milán,5179
hágalo,5178
lamentable,5178
plenamente,5178
crónica,5173
consenso,5172
intentes,5172
vargas,5172
desee,5170
interesan,5170
maldad,5169
simón,5168
sabré,5165
queriendo,5164
vestir,5164
vulgar,5161
ayudan,5160
tara,5160
desgraciadamente,5159
herramienta,5159
isaac,5159
rechazar,5159
barata,5158
bebes,5157
encuesta,5157
revelar,5156
voluntarios,5154
danos,5153
sentiría,5152
prevención,5151
preocupo,5148
piratas,5145
cuidados,5144
prado,5143
operativo,5141
quitarle,5140
obstáculo,5133
exigencias,5131
útiles,5131
comí,5130
universitaria,5130
adams,5127
creerme,5126
software,5126
terraza,5125
desnudos,5124
mostrando,5124
vanessa,5123
callar,5122
localización,5122
aplica,5120
marinero,5119
sabrán,5119
delicada,5117
despierte,5117
protector,5117
rastrear,5115
sucios,5115
perrito,5114
tinta,5114
estrecha,5113
pense,5113
entras,5112
deseado,5110
q,5110
seattle,5110
infraestructura,5109
trama,5109
camarera,5107
iniciado,5107
afirmación,5106
misteriosa,5106
generar,5104
pagué,5104
cheques,5103
cocinero,5102
fingiendo,5101
ahorros,5100
ataca,5100
construyendo,5100
realista,5100
imprescindible,5098
matarnos,5098
noción,5097
pasaré,5097
renovación,5097
aceptarlo,5091
bus,5091
espías,5091
inyección,5091
práctico,5091
regresé,5090
respecta,5090
mendoza,5089
buscó,5084
despedirme,5084
curtis,5083
enfermeras,5083
convirtiendo,5080
solicitar,5080
adicional,5079
atraer,5079
alza,5074
docenas,5074
gases,5074
postal,5074
determinadas,5072
informaciones,5071
obstáculos,5071
pegar,5070
firmes,5068
electorales,5067
llévate,5067
tecnologías,5067
rechazado,5064
tablas,5064
nazi,5063
césped,5062
probando,5060
suicidó,5059
créame,5058
hablará,5057
psicópata,5057
adaptación,5056
mateo,5056
crucero,5055
mosca,5055
acércate,5054
estimado,5053
ajá,5051
lazos,5051
pam,5051
sonaba,5051
ansioso,5049
ll,5049
fino,5047
cleveland,5046
diseñado,5046
limitado,5046
post,5046
bajado,5045
mortales,5045
muriera,5045
obligados,5045
sacarme,5045
bata,5043
darás,5042
cerradas,5038
medir,5038
dejadme,5035
abuelos,5034
holanda,5033
jan,5033
trágico,5033
acoso,5032
entrenar,5031
terapeuta,5031
reconoces,5029
inauguración,5027
sugerencia,5027
entierro,5026
xviii,5026
miradas,5025
comienzos,5024
cumplió,5024
institucional,5024
cuota,5023
fracasado,5023
persigue,5022
plomo,5022
antigüedad,5021
experimentado,5021
integrantes,5020
amamos,5018
capturado,5018
quirófano,5017
benny,5016
subida,5015
arroyo,5014
contener,5014
fragmentos,5014
terremoto,5012
dinos,5011
gripe,5010
visiones,5010
atlántico,5008
urbana,5008
caldo,5007
enano,5007
sacarle,5007
hablaron,5005
saldré,5005
tuyas,5005
ayudarlos,5004
harvard,5004
semestre,5004
april,5003
contrabando,5002
facilitar,5002
propuesto,5002
beach,5001
infinito,5001
expuesto,5000
maravillas,4999
separar,4999
houston,4996
preguntaste,4995
trastornos,4994
culpar,4993
venas,4993
jugaba,4990
sentirlo,4990
ausente,4989
costos,4988
tuvieran,4987
deberia,4986
ahorro,4985
incluyen,4985
vinos,4985
vergonzoso,4984
vió,4984
infarto,4982
confidencial,4981
memorias,4981
policiales,4980
juana,4979
ruby,4979
pensaría,4978
soo,4977
hambriento,4976
singular,4976
mónica,4975
periodismo,4975
sientan,4975
hacíamos,4974
rencor,4974
protagonistas,4972
árabes,4972
agradecimiento,4970
inventado,4970
consentimiento,4967
acostarse,4966
servidor,4965
cuadrados,4964
comisiones,4961
compro,4961
gene,4961
que-,4961
complicaciones,4959
dichos,4959
odian,4959
ruina,4959
usé,4959
disparando,4958
habituales,4958
poseen,4958
televisor,4958
vinieras,4957
dulzura,4956
recto,4956
capas,4955
insoportable,4953
bajen,4952
finca,4952
jerusalén,4952
modificar,4952
suite,4952
comience,4951
revisa,4950
sirva,4950
agrega,4948
garantías,4948
ned,4948
sindical,4947
épocas,4946
eche,4945
gutiérrez,4945
ofender,4944
tejado,4942
colorado,4941
acordado,4940
asistentes,4939
entendía,4938
pertenecía,4937
vulnerable,4937
diremos,4936
prométeme,4936
agallas,4935
oral,4935
versiones,4935
lenguas,4934
halloween,4932
públicamente,4932
little,4931
tel,4931
booth,4930
culpo,4930
candidatura,4928
exhibición,4926
corresponsal,4925
jon,4922
maricón,4921
tortuga,4920
estrategias,4919
fax,4918
ideología,4918
inmigrantes,4918
opera,4918
rebelión,4918
suecia,4918
escondidas,4916
lecho,4916
ramírez,4915
reúne,4915
extrañar,4914
ridícula,4914
socialismo,4914
declara,4911
quedaban,4911
robé,4911
borrachos,4909
decida,4909
mutuamente,4909
atento,4908
correspondencia,4908
intentaron,4907
traía,4907
afortunada,4906
divertirse,4904
genera,4904
mueres,4903
sencillamente,4902
símbolos,4902
sacas,4901
supera,4901
iu,4900
conexiones,4897
continuamente,4897
ordena,4896
serpientes,4896
despedir,4891
hunter,4891
sharon,4891
ardiente,4890
one,4890
stella,4889
flecha,4888
recinto,4888
flash,4887
metiendo,4887
preocupas,4885
proviene,4885
samantha,4884
regionales,4883
aplauso,4882
tomarse,4882
ironía,4881
sufren,4880
crane,4879
hicieran,4879
velada,4879
mariano,4878
hacha,4877
acusados,4876
arrogante,4876
justificar,4876
patty,4875
reproducción,4874
agradecer,4873
cicatriz,4873
andan,4872
denise,4872
inútiles,4871
preocupen,4869
desconocidos,4868
joy,4868
cameron,4867
traerá,4867
guy,4866
manejarlo,4866
abandona,4865
administrador,4865
hablen,4865
hondo,4865
magnitud,4865
picado,4864
sacamos,4864
georgia,4863
suministro,4863
duke,4860
jung,4860
clásicos,4859
aca,4858
delincuente,4857
acerques,4856
diversidad,4856
vamonos,4856
difícilmente,4855
lateral,4855
corten,4854
ejecutar,4854
mascota,4853
menuda,4852
tratados,4852
douglas,4851
prostitutas,4851
conserva,4850
demos,4850
increible,4850
escocia,4849
cindy,4848
pro,4848
vitales,4848
córdoba,4847
oido,4846
soltar,4846
autorizado,4845
pareciera,4845
versos,4843
bicho,4841
detectar,4839
freddie,4838
gorra,4838
homero,4838
obrero,4838
woo,4838
eventualmente,4837
mates,4837
resultaba,4837
pedía,4836
gobernar,4835
sacerdotes,4835
connie,4834
destinados,4834
destrozado,4834
ejecutiva,4834
preocupaba,4834
bares,4833
modificaciones,4833
delegado,4832
chan,4831
excitante,4831
variables,4830
ciu,4829
integral,4829
vestíbulo,4829
com,4828
defecto,4828
examinar,4828
bingo,4827
deriva,4826
aparente,4823
explorar,4822
requieren,4821
restantes,4821
logré,4820
compre,4819
inesperado,4817
píldoras,4816
sentirte,4816
seminario,4815
acontecimiento,4813
bell,4812
encontraban,4811
aprendió,4810
castigado,4810
libremente,4809
rodar,4809
continuo,4807
hablaban,4807
hueles,4807
rapido,4806
pensaron,4804
dramático,4803
olvidarlo,4801
ego,4800
usuario,4799
ampliar,4798
quitarme,4798
requisitos,4798
boxeo,4796
nobles,4795
astuto,4793
retrasado,4792
drew,4791
envuelto,4791
compraré,4790
exista,4789
explicaré,4789
honorable,4785
limpias,4785
valen,4785
dirigía,4784
sorprendida,4784
habríamos,4783
olvidas,4782
formando,4781
golfo,4781
helena,4780
escondiendo,4779
iván,4778
paquetes,4778
up,4778
electrónica,4776
empate,4776
tocas,4776
oportuno,4775
romeo,4775
camaradas,4774
prepárense,4773
visitante,4773
harrison,4771
doscientos,4770
tercio,4770
admiro,4769
asumo,4769
crecen,4767
judy,4765
morris,4765
corren,4764
funcionado,4763
vanguardia,4763
crecí,4762
semilla,4761
ignorar,4760
pujol,4760
abejas,4759
boom,4759
regresará,4758
básicas,4757
convicción,4757
diaria,4756
dejarnos,4755
michel,4754
muñoz,4754
natal,4754
viajero,4754
espantoso,4753
llegaría,4753
perímetro,4751
echando,4750
vivían,4750
agustín,4749
lunar,4749
zorro,4749
limitaciones,4747
banesto,4746
poblaciones,4746
robos,4745
niego,4744
rápidos,4744
materias,4741
echaron,4740
manteca,4738
coja,4737
concesión,4736
linterna,4735
vago,4735
cigarro,4734
lloyd,4734
marea,4734
estrecho,4733
molestando,4732
significan,4732
thompson,4732
osos,4731
vuelos,4731
aparezca,4730
melissa,4730
resultan,4730
manga,4727
amelia,4726
detenerme,4726
promover,4725
reunió,4725
videos,4725
mirarme,4724
tenés,4724
condenados,4720
efectiva,4720
madison,4719
trevor,4718
península,4716
ap,4715
mantenía,4715
usualmente,4714
adolfo,4713
medicamento,4712
uruguay,4711
noventa,4710
consumidores,4709
existente,4709
nietos,4709
conozcas,4708
traicionado,4708
fallecido,4707
escuchaba,4706
alfred,4704
aroma,4704
universitarios,4703
cambiaron,4702
ocurren,4702
entendimiento,4701
poetas,4701
fieles,4700
papeleo,4700
inferiores,4699
pasteles,4699
métete,4697
simpatía,4696
remoto,4694
venus,4694
consiguen,4693
ignorancia,4693
inventó,4693
viajando,4693
ejemplares,4691
considerada,4690
incidentes,4688
maniobra,4688
molestado,4688
portátil,4688
prudente,4688
entretenimiento,4686
vih,4684
cubanos,4683
estallar,4683
desempleo,4680
realizadas,4680
contraseña,4679
santuario,4679
sostén,4679
abriendo,4678
estatuto,4678
relevante,4678
cometa,4675
cretino,4675
senos,4675
with,4675
religiosos,4674
suplico,4674
oir,4673
carteles,4672
concluir,4672
descuento,4672
retrocede,4672
arnold,4671
conocías,4671
mediterráneo,4671
naval,4671
quite,4671
encantaba,4670
inés,4669
leña,4669
llegaré,4669
rompí,4669
pantalón,4668
asociados,4666
jodas,4666
tradiciones,4666
duermes,4665
esperaban,4664
rana,4664
gays,4663
imbéciles,4663
asegurado,4662
veían,4662
autónoma,4661
batallas,4660
brilla,4660
llanto,4660
paró,4660
rory,4660
desear,4659
actúan,4658
inmigración,4658
sacaré,4658
relacionadas,4657
solían,4657
creías,4654
pistolas,4654
aparecieron,4653
campanas,4653
descarga,4653
abren,4651
sólida,4651
peculiar,4650
bailey,4649
ideales,4649
volverse,4649
guerrilla,4647
hamburguesas,4647
einstein,4646
pusimos,4645
costas,4644
aprobó,4643
busquen,4643
dominante,4642
necesitabas,4642
omar,4642
comerciantes,4641
continúan,4640
séptimo,4638
calibre,4637
katherine,4637
territorios,4637
edgar,4636
rivera,4634
atrae,4633
doctrina,4633
fuertemente,4633
orígenes,4633
pri,4631
disfrute,4628
debamos,4626
ias,4626
llevaste,4623
confesó,4622
tarda,4622
jurisdicción,4621
cabrones,4620
ramos,4620
sostuvo,4619
toledo,4619
cortas,4618
crudo,4618
esperábamos,4618
liberales,4618
valientes,4618
abundante,4617
escondite,4617
napoleón,4617
sid,4617
táctica,4617
movido,4616
oyeron,4616
revólver,4615
ponernos,4614
rehén,4614
tardar,4614
demostró,4613
transmitir,4613
conquistar,4612
dc,4611
serias,4611
honrado,4610
cubana,4607
llegarán,4606
adicto,4605
drake,4605
moscas,4605
valía,4605
costará,4604
suministros,4604
amparo,4603
laboratorios,4603
fumando,4602
pillado,4602
entraste,4601
j.,4601
toni,4601
estafa,4600
inmenso,4599
marcador,4599
optimista,4599
compleja,4598
grandeza,4598
protegiendo,4598
shaw,4598
consiguieron,4597
dominar,4597
seguían,4597
esfera,4595
admiración,4594
pasadas,4594
hierbas,4593
delantera,4592
eliminado,4592
salvarte,4591
toco,4590
venecia,4590
maurice,4586
reed,4586
torta,4585
automóviles,4584
nocturna,4584
contraste,4582
razon,4582
trimestre,4582
tuviese,4582
filmar,4581
perry,4581
pirata,4581
ayúdeme,4580
atlético,4579
educado,4579
melodía,4579
literaria,4576
agrícola,4573
automático,4573
dispararle,4572
inconveniente,4571
indispensable,4569
dormí,4568
engañando,4568
procedentes,4568
conservador,4567
kirk,4567
troy,4567
andas,4566
supuse,4566
trofeo,4566
cerradura,4565
oraciones,4565
conocieron,4564
conocían,4564
lesbiana,4564
supermercado,4564
aseguraré,4563
perdedores,4563
creencia,4562
dedicada,4562
estabamos,4562
sutil,4561
distracción,4557
traficante,4556
cuentes,4554
señalado,4554
tomarlo,4554
guardado,4553
advierte,4552
paja,4552
colinas,4551
navaja,4551
verificar,4551
estándar,4549
kilo,4549
cortina,4548
lanzado,4548
lex,4548
roba,4547
neal,4546
salinas,4545
escuchamos,4544
frecuentemente,4544
dirigen,4543
suban,4543
brooke,4542
encontraría,4542
limpiando,4542
teatral,4542
mide,4541
obsesionado,4541
canalla,4539
competencias,4538
obligada,4538
tiras,4537
entendió,4536
ingenieros,4536
resiste,4536
armando,4535
arreglos,4535
comisionado,4532
internas,4532
foro,4531
judía,4531
posteriores,4531
eficiente,4530
uniformes,4530
w,4529
navarro,4528
tejidos,4527
american,4526
rescatar,4526
corresponden,4525
rivales,4525
avanzando,4524
finalidad,4524
a.m.,4523
atacaron,4523
guardaespaldas,4523
gubernamental,4522
honestidad,4522
reportero,4522
wallace,4522
adulta,4521
contribuir,4521
colegios,4520
ofrecerle,4520
caravana,4518
comparado,4518
entere,4517
modernos,4514
censura,4513
cruza,4513
cruzando,4513
pelotón,4512
deliciosa,4511
mantendrá,4511
oírte,4511
anunciado,4509
iluminación,4508
creyendo,4506
apártate,4505
barras,4505
quedarán,4505
aplicaciones,4504
zach,4504
encontrarnos,4503
nicky,4502
sheila,4501
superficial,4501
moriré,4500
oyendo,4500
tobillo,4500
tregua,4500
caña,4499
deportiva,4499
convertirme,4498
inventar,4498
alison,4497
asegurarnos,4497
afectan,4496
tratamientos,4496
d.,4494
disponer,4494
oyen,4494
peligros,4494
homosexual,4492
jódete,4492
adquisición,4491
agradecida,4491
hongos,4491
deténgase,4490
meg,4490
consideraba,4489
préstamos,4489
conectar,4488
dejad,4485
preocupan,4483
revisando,4483
compositor,4482
católicos,4481
cañones,4480
mick,4480
presentaron,4480
rené,4478
ahorrar,4477
misericordia,4477
vaticano,4477
ofreciendo,4476
pendejo,4476
bronce,4475
entraba,4475
griegos,4475
gastado,4473
biología,4472
molestias,4472
amber,4470
cardíaco,4469
espadas,4468
descanse,4467
imponer,4467
kit,4467
ceder,4466
observaciones,4466
naomi,4465
mudo,4464
zumo,4463
bastón,4462
terminemos,4462
procede,4460
contribución,4458
musulmanes,4457
cohete,4456
confirmación,4456
educativo,4456
mantenerte,4456
palmas,4456
autobuses,4454
derrotar,4454
matamos,4454
quiebra,4454
gustaban,4451
estatales,4449
evitando,4449
caramelos,4448
sip,4448
cuide,4447
fantasías,4447
involucrados,4447
extraterrestres,4446
virtudes,4446
laborales,4445
concha,4444
cuelga,4444
dorada,4444
montado,4444
violín,4442
this,4441
habitualmente,4440
eve,4439
personalidades,4439
cuernos,4437
palmer,4437
provecho,4437
leones,4436
leerlo,4434
fibra,4433
debías,4432
granero,4432
secundarios,4432
académico,4431
escúcheme,4431
manejando,4430
arregla,4429
solitaria,4429
violentos,4429
mm-hmm,4427
rompiendo,4427
separa,4427
xvi,4427
concreta,4426
unió,4424
zapatillas,4424
creíste,4423
vagabundo,4422
magistrado,4421
alla,4420
mariscal,4420
antepasados,4419
c.,4419
convincente,4418
gimnasia,4418
arreglaré,4416
alteraciones,4415
déjanos,4415
históricos,4415
time,4415
dawson,4413
perspectivas,4413
acepte,4412
episodios,4412
expresiones,4411
desaparecieron,4410
relativa,4410
chaleco,4409
nevera,4409
atlanta,4407
celebra,4407
primos,4407
joel,4406
soñé,4406
comemos,4405
fabricación,4405
advertí,4404
digna,4404
ríen,4404
bobo,4403
caramelo,4403
creativo,4402
seguirán,4400
abrí,4399
atiende,4399
disputa,4399
permíteme,4398
veinticinco,4398
informática,4395
llamará,4395
abc,4394
cansancio,4393
disposiciones,4392
experimentar,4392
republicano,4390
caía,4389
mariana,4389
futuros,4388
continuará,4387
conocidas,4385
espectro,4385
facturas,4385
gusanos,4385
boris,4383
religiosas,4382
conseguiremos,4381
escribiste,4379
instalado,4378
jodidos,4378
sepamos,4377
agarró,4375
elaborado,4375
quedaremos,4375
usarla,4375
enterrar,4374
tuviéramos,4374
concierne,4373
gratitud,4372
ohh,4370
evaluar,4368
concluyó,4367
diplomático,4367
dudar,4366
acompañar,4363
explique,4363
africa,4360
inicialmente,4360
variable,4360
zack,4359
afectar,4357
bonos,4357
ingresar,4357
criar,4355
agresivo,4354
acompaño,4352
realizados,4352
contienen,4350
aficionado,4348
esconderse,4348
banderas,4347
exportaciones,4347
secundario,4347
escribía,4346
escolares,4344
herir,4344
titulares,4344
corría,4343
lema,4343
represión,4343
dichas,4342
éxitos,4341
escriba,4340
echaré,4339
invento,4339
sebastian,4339
hermandad,4338
muevan,4338
pis,4337
componente,4336
juicios,4336
atardecer,4335
dorothy,4335
vegetal,4335
jesus,4334
reportaje,4334
rosie,4334
traerlo,4334
católico,4332
depósitos,4331
hazte,4331
mientas,4331
capitales,4329
cálmese,4329
escopeta,4328
gráfico,4328
hockey,4328
ardiendo,4327
específicos,4327
concéntrate,4326
dejarlos,4326
convierta,4325
becky,4324
ocupo,4322
trabaje,4321
aprendiste,4320
empeño,4320
aislado,4319
relleno,4319
suceso,4319
deterioro,4318
carece,4317
departamentos,4317
choi,4316
convertirá,4316
incorporación,4316
latín,4316
regina,4316
cemento,4313
músculo,4312
registrar,4312
divirtiendo,4311
est,4311
perseguir,4311
comenzará,4310
confiado,4310
leonardo,4310
riñón,4310
billetera,4308
mueras,4308
narcotráfico,4308
durará,4307
montones,4307
inminente,4306
invitada,4306
existido,4305
river,4305
asustó,4304
respirando,4304
tardará,4304
sitúa,4303
conocerle,4302
nostalgia,4301
cargas,4300
roll,4300
veis,4300
asociado,4299
corredores,4299
injusticia,4299
viajeros,4297
capitalismo,4296
varones,4296
dallas,4295
aterrador,4292
damon,4292
discreción,4292
pantano,4292
mortalidad,4290
solicitado,4290
defiende,4289
modesto,4289
claves,4288
irlandés,4288
parecería,4288
enseño,4287
modificación,4287
anuncia,4286
mantenerme,4286
polis,4286
denuncias,4285
proposición,4285
descubrieron,4284
favores,4284
freno,4283
lograste,4283
acercando,4282
doyle,4282
velo,4282
capturar,4281
aceptable,4280
bando,4280
admitió,4279
bate,4279
lydia,4279
láser,4279
menciona,4279
comprometida,4277
pillo,4277
compartimos,4275
envíe,4275
mo,4275
monumento,4275
vacuna,4275
trataré,4274
estúpidas,4273
regulación,4273
vaqueros,4273
logros,4272
yoga,4272
convivencia,4270
quienquiera,4270
armar,4269
cuaderno,4269
huye,4269
cuchillos,4268
morirás,4268
administrativo,4267
biológica,4267
semejantes,4267
ie,4266
desaparecidos,4265
burke,4263
colón,4263
sendero,4263
acta,4262
constantes,4262
ternura,4262
breves,4261
contemplar,4261
escucharon,4261
lastimado,4261
matarlos,4261
creéis,4260
gatito,4260
granos,4259
incidencia,4259
narrador,4258
sometido,4256
íntimo,4256
impone,4255
pagarle,4255
valoración,4255
merced,4254
monja,4254
decepción,4253
yang,4252
jordi,4251
ofrezco,4249
anuales,4247
madura,4247
metiste,4247
sensores,4247
cuevas,4246
llevarán,4245
pensaré,4245
tremenda,4245
indias,4244
phillip,4243
minerales,4242
umbral,4242
valga,4242
acogida,4241
ai,4241
cultivos,4240
difunto,4240
rotos,4240
armadura,4239
fundador,4239
orleans,4238
botín,4237
acompañe,4236
casamos,4236
finn,4236
rodaje,4236
arrancar,4235
charlar,4235
insisto,4235
jovencito,4235
negativos,4235
categorías,4234
corregir,4234
alec,4233
peña,4233
robbie,4233
correa,4232
manada,4232
propongo,4232
ultimo,4232
beverly,4231
nikki,4228
pierce,4228
barril,4227
químico,4226
brisa,4225
fuí,4224
libra,4224
artillería,4223
ningun,4223
acostumbrada,4222
valladolid,4222
farsa,4220
lindsay,4220
patadas,4220
árbitro,4220
compramos,4219
creían,4219
bud,4218
lluvias,4218
data,4215
imagínate,4215
matanza,4215
peste,4215
khan,4214
recomendación,4214
creada,4213
fisher,4213
húmedo,4213
castle,4212
fábricas,4211
marc,4210
sacrificios,4209
trataron,4209
distante,4208
mojado,4207
noté,4207
pensiones,4205
cuidadoso,4204
flotando,4204
jungla,4202
líos,4202
austria,4201
campesino,4201
cubiertos,4201
potente,4198
corteza,4196
noah,4196
delta,4195
filadelfia,4195
municipios,4194
cuadrado,4193
pongamos,4192
aparcamiento,4191
reconstrucción,4191
sirena,4191
delgada,4190
hal,4190
espectáculos,4189
aragón,4188
engañó,4188
gentil,4187
alias,4186
escultura,4186
abandonada,4185
bendito,4185
israelí,4185
convencional,4184
usada,4184
escogido,4183
lindos,4183
sacarla,4183
wyatt,4183
esther,4182
externo,4180
linea,4179
nieta,4179
caleb,4178
consta,4178
llevarle,4178
redondo,4178
retiró,4178
lazo,4177
tolerancia,4177
moore,4176
sobrevivido,4176
espléndido,4175
laurel,4175
prefieren,4175
stark,4175
er,4173
realizando,4173
navarra,4172
pretender,4172
sun,4171
hanna,4170
sucesión,4170
cállese,4168
pnv,4168
empleos,4167
aah,4166
abordar,4166
acusó,4166
dispare,4166
dramática,4165
olla,4165
decisivo,4164
gallinas,4164
japonesa,4164
libertades,4164
monseñor,4164
buque,4163
ordenes,4163
recibiste,4163
situada,4163
winston,4163
vertical,4162
conducía,4161
silencioso,4161
trastorno,4161
honduras,4160
volvimos,4160
fractura,4159
laberinto,4159
falló,4157
sobrio,4157
observado,4156
cepillo,4155
huésped,4155
equivocados,4154
votantes,4154
apoyado,4153
codo,4150
elevada,4150
encendida,4150
fachada,4150
deprimido,4148
cerrando,4145
lava,4145
mejorando,4145
mostrador,4145
murray,4145
tomates,4144
mejorado,4143
residente,4143
movió,4142
orinar,4142
reza,4142
tiburones,4141
elegí,4140
escolta,4139
generosa,4139
benjamin,4138
caca,4138
cam,4138
catalana,4138
che,4138
indicar,4138
pabellón,4138
arriesgar,4137
territorial,4137
broadway,4136
out,4136
dolares,4134
esenciales,4133
peggy,4133
vigente,4133
colombiano,4132
encuestas,4132
devuelve,4130
campañas,4129
llamaremos,4129
observador,4128
destruye,4127
newton,4127
entremos,4126
pintado,4126
racista,4126
regimiento,4126
richie,4126
alboroto,4125
daphne,4124
huracán,4124
lastimar,4124
aprobar,4123
considerarse,4123
pásame,4123
vendré,4123
típica,4122
tomaría,4121
generosidad,4120
conscientes,4119
destruyó,4119
mikey,4119
lecturas,4118
recogido,4118
vitamina,4118
brasileño,4117
indicios,4117
limitada,4117
gustos,4116
reposo,4116
santander,4116
debimos,4115
gama,4115
facultades,4114
gustaria,4114
instintos,4114
plana,4113
promete,4113
claudio,4112
rechaza,4112
marruecos,4111
ordeno,4111
inestable,4110
argentinos,4108
li,4106
liras,4105
déme,4104
plaga,4103
tocan,4103
dadas,4102
excursión,4102
proporciona,4102
curiosa,4101
distinción,4101
municiones,4101
silva,4101
solicitó,4100
tomarme,4100
encantará,4099
regaló,4099
empleada,4098
bono,4097
clavo,4097
espuma,4096
series,4096
cargada,4095
oímos,4095
exploración,4092
fallar,4092
inmortal,4091
luchas,4091
molestarte,4091
playas,4091
indígena,4090
protestas,4090
esperaremos,4089
feroz,4089
oía,4089
transportes,4088
colgando,4087
nuca,4087
parlamentario,4087
credibilidad,4086
manny,4086
evans,4085
respetable,4085
reveló,4085
crucial,4083
cómico,4082
perdidas,4082
escasos,4081
mariposa,4081
robots,4081
comparar,4080
delantero,4080
extras,4080
pipa,4079
escaso,4078
expedientes,4078
preguntaré,4078
fidelidad,4077
incluidos,4077
peligrosas,4077
wall,4076
cesar,4075
erica,4075
mandé,4075
parados,4075
adora,4074
felix,4074
lindas,4074
masacre,4074
gregorio,4073
acerque,4072
picante,4072
simultáneamente,4072
discusiones,4071
sujeta,4070
mera,4069
precedentes,4069
dieciocho,4068
inclusive,4068
sobrevivió,4068
leon,4067
putos,4067
relojes,4067
densidad,4066
valiosa,4064
cúpula,4062
frito,4062
intuición,4062
jornadas,4062
sonrió,4062
garantizo,4061
vendo,4061
pulmón,4059
tire,4059
aparta,4058
niñez,4058
suspendido,4057
shirley,4056
chantaje,4055
esperes,4055
móviles,4055
boyd,4054
propina,4054
conociera,4053
lees,4053
pensaban,4053
comprador,4052
mejilla,4051
navegación,4051
positivos,4051
necesitarás,4050
picasso,4050
pólvora,4050
pasajero,4049
acordamos,4048
cotidiana,4048
ajeno,4046
aliado,4046
joya,4046
lara,4046
panel,4046
tablero,4046
rio,4045
dieciséis,4044
amiguito,4043
cría,4043
glenn,4042
proponer,4042
párrafo,4042
burton,4041
baúl,4040
echas,4040
mapas,4040
golpeando,4039
aparecía,4038
camilla,4038
explicado,4038
kansas,4038
condujo,4035
escudos,4035
mezclar,4035
salvarme,4034
devolveré,4033
experimental,4031
atraviesa,4030
presentarte,4029
caerá,4028
cálido,4027
dependiendo,4027
marx,4027
demócrata,4026
detesto,4026
dong,4026
fijar,4026
ordenadores,4026
pasaban,4026
vitaminas,4026
xvii,4026
abundancia,4024
maletero,4024
abraham,4023
cobardes,4022
hostil,4022
mcgee,4022
ariel,4021
cecilia,4021
porción,4021
comunicarse,4020
eché,4020
ganadores,4020
afición,4019
foster,4018
generador,4018
déjate,4017
cargando,4015
columnas,4015
hablara,4015
hermanito,4015
complejidad,4014
salchichas,4014
supervisor,4013
acondicionado,4012
grey,4012
reunidos,4012
soberanía,4012
sospecho,4012
averigua,4011
precaución,4011
pino,4010
ingenio,4009
mudó,4009
psicológico,4007
arrestar,4006
bestias,4006
burla,4005
prevista,4005
asturias,4004
by,4004
cerebros,4004
confundida,4004
defenderse,4004
monasterio,4004
suaves,4004
suéltalo,4003
meto,4002
galleta,4001
elvis,4000
luchador,4000
perderte,4000
permitía,4000
bloques,3999
incómoda,3997
mayordomo,3997
causando,3996
levantarme,3996
rocky,3995
tumbas,3995
tijeras,3994
colaboradores,3993
planea,3993
aleja,3992
huelo,3992
carros,3991
nacionalista,3991
revelación,3991
atras,3989
presentará,3989
banquete,3987
caballería,3987
extinción,3987
amorosa,3986
cera,3986
inquietud,3986
voló,3986
stefan,3985
navegar,3983
gps,3982
hubiesen,3982
cansados,3981
ríes,3981
usaste,3977
financieras,3976
influencias,3976
jessie,3976
arruinó,3975
necesitaban,3975
consultar,3974
occidentales,3974
monje,3973
dimisión,3972
arizona,3971
variaciones,3971
pasillos,3970
muñeco,3968
ficha,3967
encontrarle,3966
literario,3966
niñita,3966
nudo,3966
atascado,3965
profundos,3965
elaine,3964
convirtieron,3963
decides,3962
hectáreas,3962
morgue,3962
ugt,3962
kathy,3961
barnes,3960
parlamentarios,3960
excesivo,3959
marilyn,3959
registró,3959
temblando,3958
clyde,3957
exigir,3955
incertidumbre,3955
debas,3953
escoria,3953
rutas,3953
sinceridad,3953
perpetua,3952
provisiones,3952
relacionada,3952
comparte,3951
pasarme,3950
laguna,3949
campbell,3948
convenció,3948
referente,3948
colaborar,3947
cascos,3946
excesiva,3946
comprueba,3945
guante,3945
morirán,3945
regresamos,3945
diabetes,3944
exponer,3944
sullivan,3943
tecnológico,3943
explicarle,3942
reclamar,3942
venda,3942
ocurría,3941
dobles,3940
llueve,3940
moisés,3940
claude,3939
kid,3939
póngase,3939
acostarme,3938
biológico,3937
grueso,3937
contempla,3936
decoración,3936
capítulos,3935
theo,3934
llover,3933
nombrar,3933
sospechar,3933
incapacidad,3932
z,3932
metáfora,3931
permitan,3931
sentirás,3931
disminuir,3930
rudo,3930
debíamos,3929
estímulo,3929
pasaremos,3929
prohibición,3929
tienden,3929
cacería,3928
derrotado,3927
srta,3927
flora,3926
nomás,3925
temen,3925
accionistas,3924
celebrando,3924
disculpo,3924
gallego,3924
lote,3924
paraguas,3924
rex,3924
adecuadamente,3923
intentaste,3922
atrevas,3921
demora,3921
ratones,3920
provisional,3919
consumidor,3918
limpios,3917
nombramiento,3917
refrigerador,3917
complejos,3916
ebrio,3916
efectuar,3916
otto,3916
destacado,3914
directivos,3914
específicas,3914
empezaste,3913
espejos,3913
saquen,3913
descubrimos,3912
campeones,3910
informaron,3910
admitirlo,3909
medina,3909
aceptas,3908
administrativa,3907
catástrofe,3907
encantar,3907
estableció,3907
kilómetro,3907
respeta,3907
salchicha,3907
afán,3906
reaccionar,3906
sabés,3905
severo,3905
explico,3902
delegados,3901
guardo,3901
inscripción,3901
vázquez,3901
publica,3900
tucker,3900
maquinaria,3898
finalizar,3897
pagamos,3897
pálido,3897
reconstruir,3895
bishop,3893
escondida,3893
chi,3892
grand,3892
creatividad,3891
malvada,3891
soviético,3890
sonia,3889
marcel,3886
esencialmente,3885
quemó,3885
buzón,3884
won,3884
encerrada,3883
máscaras,3883
rector,3882
vacíos,3882
frasco,3881
insignificante,3881
perlas,3881
atrevido,3880
grabando,3880
hallado,3878
idiomas,3877
legítimo,3877
pensará,3877
conductores,3876
olga,3876
posada,3876
acompañante,3875
vendrías,3875
ayudarles,3874
impresiones,3874
responden,3874
ayudé,3873
diviértete,3873
millonario,3873
recogió,3873
utilizados,3873
acera,3872
monta,3872
amabilidad,3871
esteban,3871
empezaremos,3870
comencemos,3869
ejércitos,3869
sirvo,3869
plantilla,3866
parecida,3865
concedido,3863
practicando,3863
fundamento,3862
pretenden,3862
vigilante,3862
elegidos,3861
cubiertas,3860
tramo,3859
emisora,3858
sospechosa,3858
ciegos,3857
telefónicas,3857
vendedores,3857
organizada,3856
tiré,3856
adjunto,3855
drogado,3855
transparente,3855
enviaste,3854
infantiles,3854
usaron,3854
distancias,3853
resultaron,3853
cometiendo,3852
cruzó,3852
stewart,3852
merecido,3851
denunció,3850
eugenio,3850
madurez,3850
publicaciones,3850
relativo,3850
aseguran,3848
cereales,3847
world,3847
eficiencia,3846
bici,3845
despido,3845
éxtasis,3844
granjero,3843
irónico,3843
austin,3842
habré,3842
tribal,3841
necesitábamos,3840
pesados,3840
garras,3839
valentía,3839
menem,3838
litro,3837
integrado,3836
sentarnos,3836
acercan,3835
ocupan,3835
presentada,3835
visitó,3835
abiertamente,3834
apuro,3834
asesinaron,3834
bancaria,3834
déjelo,3834
pensábamos,3834
amores,3833
aumentando,3833
interiores,3833
nueces,3833
ésas,3833
contamos,3832
jinete,3832
misterios,3832
retira,3832
sombreros,3832
sumo,3832
moción,3831
ponerla,3831
canarias,3830
extranjeras,3830
augusto,3829
jeffrey,3828
pulgar,3828
entrenado,3826
carson,3825
lenny,3823
tess,3823
tranquilamente,3823
aumentado,3821
ballena,3821
bailes,3820
adquirido,3819
independientemente,3819
gen,3818
melanie,3818
deberias,3817
congelado,3815
fibras,3815
neumáticos,3815
obedecer,3815
traerte,3815
latas,3814
milord,3814
nasa,3812
estrado,3811
célebre,3810
enterarse,3810
cumplen,3809
forzado,3809
gwen,3809
rompecabezas,3809
generalitat,3808
hacerlos,3808
debiera,3806
judiciales,3806
testificar,3806
toqué,3806
cogeré,3805
monto,3805
aprovechando,3804
cc,3804
destinada,3804
sindicales,3802
sonny,3802
tenias,3802
tve,3802
conducción,3801
monroe,3801
soga,3801
ciudadana,3800
expulsión,3799
genético,3799
propósitos,3799
pusiera,3797
edades,3796
tocino,3795
caes,3794
taberna,3794
paradero,3793
sensibles,3793
suene,3793
quedaste,3792
debéis,3791
anfitrión,3790
durmió,3790
cumpliendo,3789
fuma,3789
poseer,3789
raj,3788
turnos,3788
entiendas,3787
permitiría,3787
abismo,3786
atentamente,3786
congresista,3786
empujar,3785
elaborar,3784
incluida,3784
nobel,3784
destacan,3782
devuelto,3781
jodiendo,3781
horarios,3780
acercamiento,3779
brandy,3779
variar,3779
verdaderas,3779
conseguirá,3778
supuesta,3778
celebrado,3777
denominado,3776
terminando,3776
estricto,3775
impulsos,3775
muscular,3775
pruebe,3775
quitarte,3774
bélgica,3772
cierren,3772
puertos,3772
esclavitud,3771
erik,3770
foco,3770
receptor,3770
pretexto,3769
talentos,3769
ahh,3768
fases,3768
colonial,3767
oliva,3767
buck,3766
escribes,3766
ocultando,3766
detengan,3765
mares,3764
traseros,3764
estate,3763
amos,3762
olviden,3762
preciosas,3762
road,3762
disfruten,3761
aguanto,3760
fiona,3760
negado,3760
carlo,3759
urss,3759
hormigas,3758
masculina,3758
botes,3756
sábados,3756
costes,3755
mrs,3755
rudy,3755
tarifas,3754
apodo,3753
cueste,3753
hablábamos,3753
partió,3753
túneles,3753
terminada,3752
cuadras,3751
diccionario,3751
claus,3750
perfectos,3749
piper,3749
produciendo,3749
retroceder,3749
monk,3748
períodos,3748
habernos,3746
comunitario,3745
pescadores,3745
veterano,3745
bichos,3744
chileno,3744
ortiz,3744
abro,3743
gordos,3743
reynolds,3742
creerá,3741
trabajadora,3741
apropiada,3740
núñez,3740
randall,3740
funcional,3739
ganarse,3739
realizará,3739
avery,3737
dee,3737
sabias,3737
hallamos,3736
cago,3735
efectivos,3735
enseñarme,3735
mediana,3734
turco,3734
caracteriza,3733
insistir,3733
meredith,3733
ra,3733
recomiendo,3733
romana,3733
cadera,3732
rompiste,3732
hermanita,3731
hamilton,3730
mundiales,3730
republicanos,3730
síganme,3730
amenazado,3729
encarga,3729
toallas,3729
ayudes,3728
cuñada,3728
enseñando,3728
impaciente,3728
males,3728
noroeste,3728
sacan,3727
sexualidad,3727
revisado,3726
disparé,3725
marcharme,3724
ronald,3724
sobredosis,3724
haley,3723
localizado,3723
parcialmente,3723
stevie,3723
detenerse,3722
explotó,3722
mercurio,3722
pascua,3722
quemaduras,3722
admirable,3721
filósofo,3721
alienígena,3720
perdono,3720
pieles,3719
comparten,3717
costar,3716
licenciado,3716
marge,3716
mostraba,3716
joyce,3715
marcó,3715
permanecen,3715
aceptan,3713
espaciales,3713
abel,3712
entres,3712
chad,3711
ocuparme,3711
sugirió,3711
marcho,3710
nacionalistas,3710
willy,3710
anton,3709
cuenca,3709
manipulación,3709
querés,3709
val,3709
yo-,3709
fraternidad,3708
parques,3708
aurora,3707
camisas,3707
talvez,3705
mero,3704
empiecen,3701
reside,3701
enviados,3700
tropa,3699
enteras,3698
furiosa,3696
tratos,3695
bóveda,3694
esperma,3694
alterado,3693
porter,3693
senadores,3693
buddy,3692
privilegios,3692
puestas,3692
compensar,3690
silver,3690
vicky,3688
restauración,3687
cabellos,3686
jet,3686
ladrillos,3686
concretamente,3685
violó,3685
coral,3684
pañales,3683
tubos,3683
apuntó,3682
asado,3681
wells,3681
ganaron,3680
asombrosa,3679
doncella,3678
escritora,3678
recordarlo,3678
voluntariamente,3678
acusada,3677
pretendo,3677
motivación,3676
lena,3675
scotty,3675
carnes,3674
llamara,3674
mírala,3674
sexualmente,3674
alejarse,3673
carnicero,3673
prostitución,3673
valerie,3673
conejos,3672
indiferencia,3672
sentiste,3672
angie,3671
aprieta,3671
bacterias,3671
digitales,3671
get,3671
significativa,3671
bennett,3670
citar,3669
colonias,3669
sherlock,3669
frías,3668
tango,3668
dinamita,3667
manolo,3667
gubernamentales,3666
mear,3666
adoptado,3665
beba,3665
cantaba,3664
emboscada,3664
hada,3664
hammond,3664
helados,3664
incrementar,3664
monarquía,3664
puentes,3664
radicales,3664
redonda,3664
labores,3663
lester,3663
aprecia,3662
colchón,3662
llegaban,3662
tope,3662
formidable,3661
gritaba,3661
conseguirás,3660
rodeada,3660
arias,3659
mención,3659
culpabilidad,3658
gancho,3658
christina,3657
secos,3657
barriga,3656
frenos,3656
suceden,3656
peluca,3655
alojamiento,3654
compensación,3654
moriría,3653
definido,3652
recipiente,3652
problemática,3651
natalia,3650
cachorro,3649
desarrolló,3648
automáticamente,3647
dante,3647
necesitaría,3647
puros,3647
pito,3646
stalin,3646
haríamos,3645
alimenta,3644
extracción,3644
inversores,3643
suicidarse,3643
actuó,3642
ohio,3642
saldría,3642
dañado,3640
dibujar,3640
santidad,3640
bésame,3639
cathy,3639
involucrada,3639
supervisión,3639
contenedor,3638
crueldad,3638
contabilidad,3637
ministra,3637
discreto,3636
cicatrices,3635
paraguay,3635
sasha,3635
tomarte,3635
bernardo,3634
marines,3634
advertir,3633
aguda,3633
detroit,3633
matarle,3633
saltando,3633
extraterrestre,3631
like,3631
surgido,3631
an,3630
dejarse,3630
km.,3630
tos,3630
alquilar,3628
celeste,3628
entrañas,3628
sexta,3628
encontrada,3627
profeta,3627
todopoderoso,3627
dependen,3625
sobrevivientes,3625
enmienda,3624
rodean,3624
adicionales,3623
cool,3623
parecerá,3623
trates,3623
considerados,3622
griffin,3622
supuestos,3622
violet,3622
paralelo,3621
homicida,3620
mejillas,3620
dispares,3619
nerviosos,3619
adán,3618
du,3618
hudson,3617
marchado,3617
monjas,3617
l.a.,3616
reciba,3615
ciudadanía,3614
peinado,3614
singh,3614
temes,3614
asombro,3613
extrañé,3613
beatriz,3611
procedente,3611
sidney,3611
vivirá,3611
voluntaria,3611
agudo,3610
are,3610
cambiarme,3610
revisé,3610
agujas,3609
tendido,3609
woody,3609
alienígenas,3608
fórmulas,3608
monica,3608
conducido,3607
decano,3607
aporte,3606
forzar,3605
dedicó,3604
recordando,3604
carnaval,3603
divertirnos,3603
enterprise,3603
escasez,3603
valla,3603
dedicación,3602
demente,3601
dejaras,3600
lagos,3600
víspera,3600
exitoso,3598
artefacto,3597
bufete,3597
callate,3597
catálogo,3597
cuchara,3596
insulto,3596
trasladado,3596
asustar,3594
andre,3593
champagne,3593
giovanni,3593
cambiaría,3592
comprobarlo,3592
perderá,3592
despidió,3591
ejercito,3591
extraer,3591
revolucionaria,3591
besa,3590
cortada,3590
dominicana,3590
encargó,3590
milla,3590
parroquia,3590
perdería,3590
vigencia,3590
destruida,3589
maduro,3588
usaré,3588
desacuerdo,3587
montes,3586
rubén,3586
sonando,3586
calzoncillos,3585
cambiarlo,3585
contador,3585
cólera,3585
estuviéramos,3585
anteojos,3584
bay,3584
esclava,3584
mineral,3584
qu,3584
recomienda,3584
abrieron,3583
dragones,3583
know,3583
pub,3583
prepare,3582
anónimo,3581
facebook,3581
celulares,3580
colapso,3580
compartido,3580
planteamiento,3580
utilizada,3580
zoológico,3579
aprobada,3578
hormonas,3577
nacionalidad,3577
presionar,3577
recogiendo,3577
burguesía,3576
convertí,3576
calificó,3574
dwight,3574
hope,3574
canadiense,3573
ignorante,3573
parad,3572
participó,3572
concluye,3571
unico,3571
comenta,3570
tarifa,3569
ésos,3569
agradecerte,3568
atacan,3568
determina,3568
devoción,3568
gal,3568
monitor,3568
sucias,3568
tensiones,3568
denny,3567
grabaciones,3567
envían,3566
desperdicio,3565
optimismo,3565
oxford,3565
ramo,3564
llámeme,3563
tribus,3563
hurra,3562
internado,3562
sanciones,3562
wes,3562
blusa,3561
explicarte,3561
júpiter,3561
novias,3560
transforma,3560
accidentalmente,3559
exportación,3559
síntoma,3558
mozo,3557
nativos,3557
tesoros,3557
encontrara,3556
nápoles,3556
déjale,3553
galaxias,3552
homosexuales,3552
violar,3552
denunciar,3551
apuntando,3550
formada,3550
rejas,3550
besó,3549
cucharada,3549
lavandería,3549
tenso,3549
arzobispo,3548
dijeras,3548
encubierto,3548
mostraron,3548
ponme,3548
asignado,3547
malestar,3547
políticamente,3547
cógelo,3546
reid,3545
cumpla,3543
pureza,3542
contraria,3541
movía,3541
roberts,3541
serrano,3540
miramos,3539
salían,3539
inventario,3537
per,3537
transcurso,3537
advertido,3536
grasas,3536
detuvieron,3535
solías,3535
triángulo,3535
afectada,3534
echarme,3534
emitir,3534
recomendaciones,3533
reggie,3533
sustituir,3533
virtual,3533
escenarios,3532
flynn,3532
maniobras,3532
naciste,3531
yoon,3530
dirijo,3529
energías,3529
avergonzada,3528
tomara,3528
atacando,3527
crío,3527
sustitución,3527
suenas,3526
justifica,3525
manicomio,3525
programado,3525
llamarle,3524
molina,3523
sinvergüenza,3523
acumulación,3522
agradecerle,3522
sentirá,3522
eternamente,3521
hubieses,3521
reemplazar,3521
tae,3521
deseamos,3520
viví,3520
cantan,3519
cha,3519
pica,3519
reese,3519
sensaciones,3519
tazas,3517
batallón,3516
oveja,3516
kay,3515
existían,3514
autónomas,3513
colocó,3512
jefferson,3512
pintores,3512
testimonios,3511
cordón,3510
clínico,3509
mantengo,3509
elegida,3508
formato,3508
violeta,3508
alteración,3506
sonda,3506
frenar,3505
marcada,3505
resuelve,3505
roldán,3505
blues,3504
captar,3504
adolescencia,3503
peticiones,3502
cassie,3500
humillación,3500
adecuadas,3499
aparecerá,3499
caderas,3499
cargamento,3499
ciegas,3499
metida,3499
capitalista,3498
sheldon,3498
benito,3496
vagón,3496
convertirte,3495
demuestran,3495
fijamente,3494
mulder,3494
suspira,3494
financiamiento,3492
frustración,3492
viviente,3492
disfraces,3491
mierdas,3491
desesperadamente,3490
enojar,3490
informante,3490
renacimiento,3490
salamanca,3490
significaría,3490
talleres,3490
ganará,3489
libera,3489
doler,3488
exclusivo,3488
esqueleto,3487
contratación,3486
participaron,3486
tacto,3486
helada,3485
separadas,3485
exposiciones,3484
tratara,3484
volcán,3484
ari,3483
sirviente,3483
surgen,3483
viajado,3483
arrestaron,3482
ejecutivos,3482
hilos,3482
pacífica,3482
instantes,3481
practica,3481
quisieron,3481
estudió,3479
señalan,3479
tormentas,3479
off,3478
sirvientes,3478
trío,3478
ganancia,3477
comerciante,3476
instalar,3476
josep,3476
olvidemos,3476
usos,3476
afirman,3475
corrí,3475
librería,3475
fichas,3474
pasajes,3473
pronóstico,3473
cuidaré,3472
excepciones,3472
llevarlos,3472
asume,3471
construcciones,3471
freud,3471
bromeo,3470
matara,3469
prevé,3469
aportar,3468
callada,3467
schmidt,3467
andré,3466
cavar,3466
dawn,3466
herrera,3466
chávez,3465
maravillosos,3465
comenzaba,3464
concretas,3464
not,3464
ático,3464
repetición,3463
seguidos,3463
fu,3462
alá,3460
medallas,3460
desaparecen,3458
temores,3458
aviación,3455
preservar,3455
repentinamente,3455
variedades,3455
comas,3454
hunt,3454
marineros,3454
militantes,3454
invertido,3453
celebró,3452
futuras,3452
huido,3452
south,3452
querrán,3451
down,3450
pedirme,3450
ubicado,3450
toquen,3449
acompañarme,3448
conjunta,3448
luto,3447
permites,3447
sugerir,3447
afp,3446
cuan,3446
reparación,3446
ángela,3446
adquiere,3445
boletín,3444
conectados,3443
elegancia,3443
letal,3443
relieve,3443
defensas,3442
escucharte,3442
patear,3442
permanentemente,3442
tímida,3442
soviéticos,3441
valer,3441
contárselo,3439
popularidad,3439
queen,3438
crack,3437
pagaron,3437
quitaron,3437
salvarlo,3437
dejaban,3436
dinamarca,3436
diámetro,3436
epidemia,3436
puramente,3436
robinson,3436
ganadora,3435
hostia,3434
salvarla,3434
actuado,3433
cercanas,3431
discriminación,3431
metales,3431
espeluznante,3430
mentalidad,3430
arranque,3429
cliff,3429
decidiste,3429
refresco,3429
nadia,3428
marvin,3427
verbal,3427
cosquillas,3426
perdonado,3426
veteranos,3425
rodando,3424
suero,3424
je,3423
normativa,3423
patente,3423
bailarín,3421
dolorosa,3421
himno,3421
holandés,3421
médula,3421
restricciones,3421
saliva,3421
vendí,3421
empuje,3420
explosivo,3420
muestre,3420
chiflado,3419
klaus,3419
metieron,3419
have,3418
pc,3418
químicas,3418
uds,3418
centenar,3417
afortunados,3416
decís,3416
impuso,3416
partidarios,3415
arde,3414
asquerosa,3414
participan,3413
atletas,3412
jr,3412
tequila,3412
aliviar,3411
noruega,3411
uses,3411
hara,3410
matones,3408
ocuparse,3408
agnes,3407
caracteres,3407
franz,3407
protegerme,3407
cartón,3406
fugitivo,3406
permaneció,3405
taxista,3405
salvé,3404
atleta,3403
derivados,3402
moriremos,3402
acelerar,3401
evacuación,3401
dj,3400
estadística,3400
financiar,3400
parlamentaria,3400
stevens,3400
burgos,3399
chau,3399
científicas,3399
despegue,3399
disminuye,3399
incorrecto,3399
despidieron,3398
hábil,3398
polly,3398
apretado,3397
conste,3397
flaco,3397
transformar,3397
beckett,3396
bosnia,3396
ambicioso,3395
avisado,3395
dictador,3395
dvd,3395
mátalo,3395
traidores,3395
acostarte,3394
discúlpenme,3394
iniciativas,3394
poirot,3394
construida,3393
champaña,3392
comodidad,3392
proporcionar,3392
racha,3392
capacidades,3391
abdomen,3390
globos,3390
unen,3389
atentados,3388
burt,3388
cap,3388
cruzada,3388
elsa,3388
reflexionar,3387
octavo,3386
resulte,3386
acepté,3385
entregas,3385
griega,3385
palestinos,3385
reflejos,3385
suelos,3385
juntar,3384
niles,3384
ofrecieron,3384
orlando,3384
regresemos,3384
saldrás,3384
álvarez,3384
françois,3383
hércules,3383
lake,3383
sesos,3383
sustituto,3383
coordinador,3382
anónima,3381
maravillosas,3381
yate,3381
énfasis,3381
mantenerla,3380
morfina,3380
soda,3380
tardó,3380
precauciones,3378
brady,3377
ingenuo,3377
amenazando,3376
cambiamos,3376
corazon,3376
curado,3376
garantiza,3376
mirarlo,3376
semen,3376
derribar,3375
sorprendería,3375
matty,3374
muslos,3374
publicada,3374
agricultores,3373
comunismo,3373
llevarás,3373
nobleza,3373
fríos,3372
recetas,3372
auditorio,3371
munición,3371
verga,3371
investiga,3370
jonas,3370
confederación,3369
maridos,3369
arregló,3368
duquesa,3368
follar,3367
atenas,3366
cucharadas,3366
enseñe,3365
pentágono,3365
recaudación,3365
vegetación,3365
brecha,3364
admirador,3363
cejas,3363
sucesor,3363
denomina,3362
docentes,3361
establecimientos,3361
faltar,3361
sugiriendo,3361
tratarse,3361
puñetazo,3360
sensual,3360
bond,3359
celia,3359
erin,3359
mademoiselle,3359
but,3358
prejuicios,3358
regreses,3358
roman,3358
salazar,3358
alcohólico,3357
fanáticos,3357
observó,3357
casero,3356
bandidos,3355
jardinero,3354
obtenidos,3354
empujó,3353
vinagre,3353
málaga,3352
fabricar,3351
frescos,3351
tambor,3351
tatuajes,3351
monetaria,3350
sácame,3350
asustaste,3348
coñac,3348
entenderá,3348
orfanato,3348
roland,3348
bauer,3346
enviamos,3346
mini,3346
fenomenal,3345
trayecto,3345
enseñé,3344
lizzie,3344
contemporánea,3343
usados,3343
infantería,3341
apuntar,3339
dividir,3339
ordinario,3339
psicológica,3339
dinosaurios,3338
kira,3338
solicita,3338
vidal,3338
concretos,3337
aproximación,3336
cerro,3336
conserje,3336
frontal,3336
calcio,3335
cambias,3335
cheryl,3335
dixon,3335
odiar,3334
planear,3334
recupera,3334
diecisiete,3333
pollos,3333
siniestro,3333
conservadores,3332
cállense,3332
preparen,3332
comentar,3331
comeré,3331
ivan,3331
mandíbula,3330
cerámica,3329
chen,3329
amargo,3328
brindar,3328
decidida,3328
infiel,3328
nicholas,3328
presentarme,3328
presunto,3328
nolan,3327
subterráneo,3327
ajena,3326
bién,3326
levanté,3326
meten,3326
payasos,3326
elevar,3325
leíste,3325
leía,3324
conrad,3323
molestaría,3322
palanca,3322
honestos,3321
calorías,3319
chicle,3319
fray,3319
helicópteros,3319
interminable,3319
plasma,3319
prioridades,3319
recogida,3319
cambiaste,3318
chispa,3318
queramos,3318
victorias,3318
acudió,3317
calvin,3316
denme,3316
seguiría,3316
trance,3316
burns,3315
p.m.,3315
atraparon,3314
señas,3314
subo,3314
casual,3312
curvas,3312
protegida,3312
america,3311
obedece,3311
chang,3310
cómodos,3310
puños,3310
agradables,3309
agradecería,3309
cody,3309
tecnológica,3309
muda,3308
parámetros,3308
íntima,3308
baterías,3306
donante,3306
ladrillo,3306
trayendo,3306
avísame,3305
miedos,3305
gray,3304
quinientos,3304
recortes,3304
adecuados,3302
educativa,3301
interacción,3301
leyendas,3301
agonía,3300
carruaje,3300
explicarme,3300
telefono,3300
vivian,3300
detectado,3299
renunció,3299
diciéndome,3298
dormiste,3298
molino,3298
gravemente,3297
productividad,3297
resaca,3297
alcaldía,3296
creería,3296
dámela,3296
apretar,3295
cohetes,3295
m.,3295
enviada,3294
verónica,3294
adicción,3293
concede,3293
cristóbal,3293
mandy,3293
negación,3293
dispositivos,3292
cobro,3291
detendrá,3290
donación,3290
levanto,3290
minoría,3290
duerma,3289
esperó,3289
perderse,3289
confiaba,3288
hallazgo,3288
consistente,3287
acompañada,3286
ayudara,3286
halcón,3286
ram,3286
sacrificar,3286
satélites,3286
señalando,3286
duermen,3285
honores,3285
investigado,3285
organiza,3285
interruptor,3284
cortando,3282
facil,3282
fallas,3282
grayson,3282
moléculas,3282
supongamos,3282
circuitos,3281
concentrado,3280
filete,3280
luchado,3280
sueña,3280
rindo,3279
torero,3279
ricas,3278
acabemos,3277
hablabas,3277
inmóvil,3277
faro,3276
biografía,3275
despegar,3275
kane,3275
nevada,3275
pensara,3275
producirse,3275
descuida,3274
sácalo,3274
comía,3273
constancia,3273
hills,3273
tardado,3273
enséñame,3272
mármol,3272
estabais,3270
formulario,3270
formó,3270
crearon,3269
diseños,3269
girando,3269
atentos,3268
arterial,3267
escocés,3267
cuervo,3266
disparan,3266
acabando,3265
fort,3265
colesterol,3264
conmoción,3264
perderlo,3264
hidrógeno,3263
cocción,3262
palacios,3262
defensiva,3261
mantendré,3261
quitarse,3261
celdas,3260
espionaje,3260
súbete,3259
consiguiendo,3258
fomento,3258
mozart,3258
respondido,3258
cocinera,3257
palomas,3256
parrilla,3256
ring,3256
absurda,3255
at,3254
figuran,3254
mordió,3254
fletcher,3253
resonancia,3253
alterar,3252
bombardeo,3252
diciéndole,3252
dirigirse,3252
mascotas,3251
morena,3251
diariamente,3250
descrito,3249
realizaron,3249
sentamos,3249
e-mail,3248
intervenciones,3248
servía,3248
citada,3247
mínimos,3247
pasarán,3247
riñones,3247
turquía,3247
favoritas,3246
fragmento,3243
gemelas,3243
notables,3243
suenan,3243
matriz,3242
temperamento,3242
acercarme,3241
recuperó,3241
traficantes,3241
acordó,3240
comiste,3240
enamoré,3240
guardaba,3240
stephanie,3240
consideramos,3239
preguntaron,3239
tanner,3239
calefacción,3238
desplazamiento,3238
miento,3237
evelyn,3236
expresado,3236
fanático,3235
importará,3235
june,3235
enseñanzas,3234
fuesen,3234
lucky,3234
moverme,3233
riego,3233
just,3232
armamento,3231
adelanto,3230
configuración,3229
controlada,3228
entrará,3228
funcionaba,3228
picnic,3228
anti,3227
diarias,3227
encargada,3226
sanitario,3226
cagar,3225
echan,3225
ambientales,3224
bragas,3224
gilbert,3223
méritos,3223
aprovechó,3222
burbuja,3222
darwin,3222
eléctricas,3222
reforzar,3220
air,3219
führer,3219
consejeros,3218
day,3218
electrónicos,3218
sensacional,3218
ampliamente,3217
archer,3217
pondrán,3217
apunto,3216
chandler,3216
mora,3216
hipócrita,3215
ofendido,3215
percibir,3215
conductas,3214
mutuo,3214
courtney,3213
cápsula,3213
encontrarlos,3213
forenses,3213
guardas,3213
herr,3213
interferir,3213
caros,3212
pinochet,3212
sirvienta,3212
cooperar,3211
invité,3211
pearl,3211
east,3210
lodo,3210
mandan,3210
desarrollan,3209
carajos,3207
recordado,3207
primas,3205
rusty,3204
karma,3203
arrojó,3202
compuesta,3202
guarde,3202
mátame,3202
contradicción,3201
irregular,3201
olía,3201
resfriado,3201
escribiré,3200
roosevelt,3198
balanza,3197
ejecutado,3197
pala,3197
palestina,3197
tito,3197
magdalena,3196
guerrilleros,3194
náuseas,3194
hugh,3193
caigo,3191
chelsea,3191
considere,3190
deténganse,3190
ingenioso,3190
silvia,3190
clic,3189
directos,3188
exigen,3188
experta,3188
serviría,3188
estilos,3187
expreso,3187
masivo,3187
conozcan,3186
country,3186
establo,3185
viajó,3185
matemática,3184
jubilación,3183
llévalo,3183
bendita,3182
implacable,3182
variación,3182
ando,3181
construye,3181
alejada,3180
canela,3180
matón,3180
preferencia,3180
teórico,3180
bolos,3179
rogers,3179
pastilla,3178
basurero,3177
camisetas,3177
brennan,3176
cubriendo,3176
chatarra,3175
anochecer,3174
casaste,3174
interesaba,3174
velázquez,3174
húmeda,3173
olvidaba,3173
banquero,3172
barreras,3172
desconfianza,3172
planteado,3172
prohibida,3171
emocionalmente,3170
preparó,3170
empezaré,3169
salmón,3169
calcular,3168
conseguirte,3168
cangrejo,3167
pijama,3167
recordé,3167
recuerdes,3167
telescopio,3167
ayudaste,3166
cachorros,3165
grites,3165
representaciones,3165
alcanzan,3164
esperándote,3164
lejana,3164
abrirá,3163
t.,3163
trapo,3163
cocinando,3161
guzmán,3161
aspiraciones,3160
contemporáneo,3160
fanny,3160
limita,3160
matrimonios,3160
referirse,3160
comprensible,3159
imitación,3159
mg,3159
significó,3159
blando,3158
cory,3158
estupideces,3158
luca,3158
nana,3158
billar,3157
compadre,3156
eramos,3156
palomitas,3156
venezolano,3156
menta,3155
robada,3155
secas,3155
suegra,3155
agrícolas,3154
felicito,3154
antibióticos,3151
doris,3151
henri,3151
propiamente,3151
yerno,3151
cogiendo,3150
gerardo,3150
comprometidos,3149
enseñaron,3149
afectó,3148
exigencia,3148
valió,3146
arenas,3145
aumentó,3145
celebrarlo,3145
escoge,3145
florencia,3145
permanencia,3145
sylvia,3145
comporta,3143
encerrados,3143
contable,3142
emisiones,3142
lloviendo,3142
there,3142
maternidad,3141
mentalmente,3141
mineros,3141
perras,3140
preguntamos,3140
retórica,3140
wang,3140
calabaza,3138
dexter,3138
subí,3138
consideraciones,3137
impresionar,3137
misil,3137
convencida,3136
irregularidades,3136
perderé,3136
condenada,3135
despreciable,3135
detenerlos,3135
firmeza,3135
inspirado,3135
veloz,3135
cuerno,3134
pirámide,3134
fraga,3133
píldora,3133
confiesa,3132
preparativos,3132
procurador,3132
intérpretes,3131
saldrán,3131
secciones,3131
aburrimiento,3130
defensores,3130
descifrar,3130
organizó,3130
cádiz,3129
moveos,3129
abrirse,3128
precisó,3128
confiable,3127
contará,3127
pésimo,3127
pasemos,3126
pertenezco,3126
discutimos,3125
inseguridad,3125
nacen,3125
ernie,3124
creyeron,3123
plazos,3123
revelado,3123
aceptamos,3122
desaparezca,3122
archie,3121
dividido,3121
eleva,3121
movernos,3121
ponle,3121
pág,3121
respectivos,3121
cualidad,3120
francesas,3120
artie,3119
satisfecha,3119
bloqueado,3118
casamiento,3118
refieren,3118
repentino,3118
cosita,3116
devolvió,3116
ediciones,3116
marcelo,3115
obtuve,3115
cuarentena,3114
perderás,3114
elegiste,3113
fideos,3113
huida,3113
secuestradores,3113
tías,3113
ballenas,3112
declaro,3112
golpearon,3112
moviéndose,3112
provocando,3112
remota,3112
corrida,3111
dolió,3111
jeep,3111
significación,3111
sopla,3111
ucd,3111
arteria,3110
bebió,3110
ensayar,3110
pizca,3110
quedate,3110
spike,3109
útero,3109
nacidos,3108
puré,3108
temporalmente,3108
impecable,3107
spock,3107
tripas,3107
preciosos,3106
espina,3105
hee,3105
justos,3105
arrepiento,3104
atún,3104
rodolfo,3104
simpática,3104
acelera,3103
ancestros,3103
fumo,3103
mande,3103
tambores,3103
deb,3102
emplear,3102
serenidad,3102
arbustos,3101
desempeño,3101
pasto,3101
seriedad,3101
verso,3101
venció,3100
buda,3099
paranoico,3099
conocernos,3098
disparaste,3098
solicitudes,3098
turista,3098
estricta,3097
lloraba,3097
robados,3097
desarrollando,3096
hastings,3096
lemon,3096
zapatero,3096
donovan,3095
mejoras,3094
sermón,3094
almacenes,3092
perderemos,3092
perdonen,3092
poética,3091
abría,3090
apelación,3090
comprarme,3090
flechas,3090
hallaron,3090
judith,3090
verdades,3090
fabulosa,3089
lázaro,3089
puntas,3089
creativa,3088
porfavor,3088
mudarse,3087
severa,3087
siguiera,3087
tutor,3087
girl,3086
baltimore,3084
castigar,3084
convocado,3084
ganaba,3084
poste,3084
resolverlo,3084
vuelan,3084
acusar,3083
col,3083
julieta,3083
reconocen,3083
rompieron,3083
atraco,3082
cat,3082
guardan,3082
ventanilla,3081
confíe,3080
usual,3080
aluminio,3079
calentar,3079
molestó,3078
colombianos,3076
comete,3076
módulo,3076
no.,3076
caminaba,3075
antoine,3074
portugués,3074
press,3073
suponiendo,3073
mandatario,3072
bolívar,3071
bájate,3071
pianista,3071
pasiones,3070
silenciosa,3070
aprovecha,3069
llevada,3069
xena,3069
dañar,3068
exigente,3068
imaginario,3068
jae,3068
médicas,3068
ocultas,3068
legítima,3066
paulo,3066
parecidos,3065
compran,3064
corrido,3064
anita,3063
comicios,3063
subrayó,3063
caminata,3062
higiene,3062
deliberadamente,3061
realizarse,3061
desarrollados,3060
tropical,3060
alaska,3059
gavin,3059
ligas,3059
pelicula,3059
brett,3058
deberíais,3058
aceptada,3057
corral,3057
cynthia,3057
insultos,3057
langosta,3057
conociendo,3056
danielle,3056
sueco,3056
bradley,3054
podrias,3054
atrapó,3053
compuestos,3053
modernas,3053
pulgadas,3052
perseguido,3051
potenciales,3051
dom,3050
pajarito,3050
envíen,3049
vascos,3049
aclaró,3048
brick,3048
buscaban,3048
carpeta,3048
gratuita,3048
inaceptable,3048
otorga,3048
éso,3048
implicado,3047
raquel,3047
contradicciones,3044
pakistán,3044
asustados,3043
cuotas,3043
encargarme,3043
termines,3043
calderón,3042
rotación,3042
abuelita,3041
mirándome,3041
moría,3041
conveniencia,3040
oponente,3040
polaco,3040
acabé,3039
brody,3039
deportivos,3039
infecciones,3039
pegarle,3039
confrontación,3038
rendir,3038
abusos,3037
ayuden,3037
consultas,3037
motocicleta,3037
noto,3037
ocupó,3037
tirada,3037
barbacoa,3036
dental,3036
escombros,3036
punk,3036
repertorio,3035
rodney,3035
cantantes,3034
engaña,3034
arrancó,3033
calabozo,3033
exagerado,3033
marinos,3033
estatura,3032
notó,3032
colectivos,3031
fran,3030
dirigiendo,3029
insecto,3029
mola,3029
óptica,3029
descansando,3028
separarnos,3028
secretas,3027
admisión,3026
indiferente,3026
mula,3026
olímpico,3026
dependiente,3025
infinita,3025
pais,3025
primitivo,3025
unica,3025
canasta,3024
ejerce,3024
porta,3024
tensa,3024
unirte,3024
azotea,3023
múltiple,3023
sugerencias,3023
vínculos,3023
agresiva,3022
cosmos,3022
pidas,3022
paces,3020
ellis,3019
prepararé,3019
embarazoso,3018
ecuación,3017
finch,3017
atraparlo,3016
deshacer,3016
saltos,3016
designado,3014
despliegue,3014
domina,3014
plantear,3014
puntual,3014
xxi,3014
defendiendo,3013
invención,3013
jerarquía,3013
cartero,3012
exactitud,3012
moverte,3012
debates,3011
esplendor,3011
felizmente,3011
titulado,3011
favorece,3010
incumbencia,3010
mercancías,3010
reúnen,3010
valorar,3010
ventilación,3010
cee,3009
demócratas,3009
excesivamente,3009
méndez,3009
respetado,3009
satanás,3009
aporta,3008
escogió,3007
trinidad,3007
madrileño,3006
uvas,3006
estupido,3005
podia,3005
celebrará,3004
centenares,3004
intruso,3004
taxis,3004
traerla,3004
llámalo,3003
sanitaria,3003
aleluya,3002
escondió,3002
casera,3001
disfruto,3001
mataran,3001
retratos,3001
suelte,3001
echaba,3000
improbable,3000
asunción,2999
expulsar,2999
psicólogo,2999
sincronización,2999
apartamentos,2998
coges,2998
look,2998
e.,2997
precedente,2997
suspender,2997
was,2997
aportación,2996
asumiendo,2995
deciden,2995
ignora,2995
sosteniendo,2995
herman,2994
ofrecerte,2994
presentaba,2994
tacos,2994
telón,2994
atómica,2993
curas,2993
importaciones,2993
actúas,2992
lynn,2992
mandaron,2992
cancelado,2991
estímulos,2991
il,2991
museos,2991
enterar,2990
plástica,2990
arruinaste,2989
corrupto,2989
ferrari,2988
domínguez,2987
flexible,2987
hallaba,2987
sa,2987
auxiliar,2986
calmar,2986
frasier,2986
juguemos,2986
quemando,2986
rurales,2986
soto,2986
ciclos,2985
consume,2985
bromeaba,2984
grises,2984
justificación,2984
modalidad,2984
reclama,2984
doméstico,2983
elemental,2983
medieval,2983
alambre,2982
casaré,2982
cálida,2982
permítanme,2982
átomos,2982
enfrentamos,2981
explicaría,2981
registrada,2981
rich,2981
wally,2981
bernie,2980
paseando,2980
cesta,2979
cierran,2979
africano,2978
estanque,2977
perejil,2977
deprimente,2976
exitosa,2976
filo,2976
copiado,2975
formalmente,2975
obtención,2975
compradores,2974
despedirse,2974
hoguera,2974
recupere,2974
relajarte,2973
suciedad,2973
confusa,2972
marketing,2972
sonriente,2972
borda,2971
irresponsable,2971
abrimos,2970
creíamos,2970
discutido,2969
quisieran,2969
facial,2968
now,2968
sueltos,2968
superó,2968
frio,2967
separamos,2967
goya,2966
recibes,2966
innumerables,2965
xavier,2965
bates,2964
cortaron,2964
fatiga,2964
productivo,2964
acostumbrados,2963
pasaportes,2963
reemplazo,2962
barca,2961
entregue,2961
gerald,2961
hervir,2961
pondrás,2961
ash,2960
cruces,2960
levanten,2960
representado,2960
supuso,2960
caldera,2959
curiosamente,2959
logran,2959
protegerla,2959
temprana,2959
doblar,2958
vigo,2958
mango,2957
violaciones,2957
halló,2956
encontrados,2955
gráfica,2955
roban,2955
abras,2954
indicaciones,2954
solares,2954
exagerando,2953
frescas,2953
inodoro,2953
multas,2953
feas,2952
tradicionalmente,2952
traicionó,2952
adaptarse,2951
bandido,2951
coña,2951
externos,2951
israelíes,2951
rodeados,2951
marchas,2950
metálico,2950
reporteros,2950
frijoles,2949
renuncio,2949
obtienen,2948
americanas,2947
baba,2947
estructural,2946
fabricante,2946
lesbianas,2946
colmo,2945
cóctel,2945
monjes,2945
proporciones,2945
hipoteca,2944
humillante,2944
mermelada,2944
sanos,2944
asustando,2943
aula,2943
censo,2943
incorporar,2943
relatos,2943
taco,2943
sabrías,2942
trágica,2942
arsenal,2941
interrupción,2941
relajarse,2941
tenerlos,2941
aéreas,2940
operador,2940
catalanes,2938
edwards,2938
escáner,2938
lider,2938
apasionado,2936
faltó,2936
respetos,2936
élite,2935
byron,2934
ocurriera,2934
pertenecer,2934
trabajaban,2934
whoo,2934
denver,2933
envenenado,2933
lidia,2933
mostrarme,2932
amistoso,2931
participado,2931
realismo,2931
conteste,2930
escalar,2930
intentará,2930
mocoso,2930
morimos,2930
considerablemente,2929
emisoras,2929
deshacerme,2928
mirarte,2928
visitado,2928
guardando,2927
insuficiente,2927
seríamos,2927
apariencias,2926
directorio,2926
walsh,2926
administraciones,2925
amnistía,2924
pálida,2924
repartir,2924
royal,2924
luciano,2923
traten,2923
trueno,2923
hablarlo,2922
recibía,2922
refirió,2922
veterinario,2922
regresaste,2921
bombero,2920
gobernante,2920
haberlos,2920
insomnio,2920
price,2920
paguen,2919
uva,2919
conecta,2917
desnudas,2917
decido,2916
manipular,2916
privatización,2916
ward,2916
índole,2916
fluido,2915
llamarse,2915
perdía,2915
taquilla,2915
burbujas,2914
comprendí,2914
creamos,2914
mirá,2914
phoenix,2914
apuros,2913
celestial,2913
juzgados,2913
monarca,2913
vejez,2913
disturbios,2912
microondas,2912
prometer,2912
susana,2912
coherente,2911
duran,2910
porvenir,2910
elegantes,2909
joshua,2909
instancias,2908
perla,2908
perteneces,2908
camille,2907
extender,2907
narcóticos,2907
repitió,2907
historiador,2906
ámbitos,2906
clínicas,2905
pretendes,2905
proteína,2905
recordaré,2905
simone,2905
telefónico,2905
cigarros,2904
obispos,2904
ocúpate,2904
orgasmo,2904
ofrecía,2903
vicio,2903
villano,2903
clarín,2902
papás,2902
placeres,2902
viola,2902
animado,2901
entrenando,2900
importó,2900
recuento,2900
suben,2900
astronauta,2899
conocerlos,2899
doméstica,2899
seguidas,2899
arreglaremos,2898
busquemos,2898
late,2898
registra,2898
elefantes,2897
acorde,2896
coman,2896
p.,2896
turístico,2896
chófer,2894
estropeado,2894
mandaré,2894
apos,2893
consumir,2893
confieso,2892
laurie,2892
oviedo,2892
forzada,2891
originalmente,2891
presentarles,2891
anormal,2890
apoyan,2890
persiguen,2890
construyeron,2889
escritas,2889
jefatura,2889
ofrecí,2889
aconsejo,2888
soltó,2888
surgir,2887
transparencia,2886
volved,2886
corra,2885
liv,2885
baxter,2884
lisboa,2884
borrado,2883
calificación,2883
comprarle,2883
concesiones,2883
producida,2883
regresando,2883
veinticuatro,2883
vengarse,2883
jared,2882
life,2882
capricho,2881
luchó,2881
obrera,2881
predecir,2881
válido,2881
extradición,2880
mostaza,2880
supervivientes,2880
transmite,2880
divierte,2879
erección,2879
atravesando,2878
clarke,2878
lin,2878
or,2878
peruano,2878
pornografía,2878
salvando,2878
echamos,2877
eminencia,2877
sirviendo,2877
lloras,2876
paisajes,2876
psiquiátrico,2876
timón,2876
patología,2875
co,2874
planteamientos,2874
progresos,2874
transportar,2874
calcula,2873
bert,2872
camello,2872
nudos,2872
aislados,2871
aceptaré,2870
elijo,2870
gorila,2870
rotas,2870
francotirador,2869
horizontal,2869
introduce,2869
sonora,2869
tráelo,2869
acosté,2868
asegúrese,2868
soborno,2868
ocupe,2867
penales,2867
denominación,2866
orillas,2866
oz,2866
cross,2865
atrevo,2864
equivale,2864
analistas,2863
bordes,2863
fármacos,2863
dilema,2862
empezará,2862
serra,2862
realidades,2861
afectadas,2860
apocalipsis,2859
cafés,2859
nadando,2859
pedo,2859
transformado,2858
deberiamos,2857
empacar,2857
honra,2857
murcia,2857
es-,2856
juegues,2856
salvavidas,2856
cyrus,2855
enseñan,2855
gregory,2854
ábrelo,2854
explosiones,2853
históricas,2853
íntimos,2853
aquéllos,2852
fujimori,2852
impidió,2852
intérprete,2852
mostrarles,2852
sartén,2852
song,2852
observadores,2851
anotar,2850
emplea,2850
solemne,2850
feto,2849
acercándose,2848
ciervo,2848
componen,2848
hospitalidad,2848
pero-,2848
superioridad,2848
dotado,2847
llenó,2847
prosperidad,2847
atrapa,2846
bajé,2846
continental,2846
complicidad,2845
deberás,2845
suéter,2845
dieran,2844
haciéndose,2844
inesperada,2844
praga,2844
tragar,2844
destruyendo,2843
seguras,2843
alvaro,2842
aprendiz,2842
disgusto,2842
púrpura,2842
alexis,2841
póquer,2841
powell,2840
sanción,2840
potter,2839
alegres,2838
ocultos,2838
regresan,2838
suéltala,2838
acercaba,2837
asma,2837
faltas,2837
movida,2837
nuez,2837
olvidamos,2837
violador,2837
ajustar,2836
descubra,2836
integrada,2836
marcial,2836
tácticas,2836
arrastrado,2835
delhi,2835
resurrección,2835
retrocedan,2835
vé,2835
audaz,2834
mínimas,2834
participa,2834
chao,2833
nacionalismo,2833
penetrar,2833
constituido,2832
mudar,2832
abeja,2831
altitud,2830
enfades,2830
good,2830
véase,2830
enfrentamientos,2829
agraria,2828
naranjas,2828
preparo,2828
antídoto,2827
batido,2827
cogerlo,2827
conducto,2827
expuestos,2827
iros,2827
superarlo,2827
agrado,2826
competente,2825
condón,2825
pescador,2825
rezando,2824
cierro,2823
comunicar,2823
diplomática,2823
glen,2823
legislativo,2822
olímpicos,2822
perfectas,2822
celebrada,2821
hyun,2821
natación,2821
navidades,2821
prudencia,2821
agrupación,2820
bum,2820
emite,2820
picada,2820
robles,2820
radiante,2819
ácidos,2819
ánimos,2819
casita,2818
jerez,2818
amistades,2817
emocionales,2817
extendido,2817
gasolinera,2817
glorioso,2817
pamela,2817
progresiva,2817
depender,2816
implantación,2816
victima,2816
letrero,2815
modernidad,2815
preside,2815
reactor,2815
suposición,2815
guardería,2814
nieves,2814
regresaron,2814
sadie,2814
ayudaron,2813
eléctricos,2812
enormemente,2812
kung,2812
llegarás,2812
manuscrito,2812
peleamos,2812
calmado,2811
cohen,2811
filmación,2811
topo,2811
zanahoria,2811
cruzados,2810
muerde,2810
empresariales,2808
esquemas,2808
patos,2808
poblado,2808
amablemente,2807
amoroso,2807
niegan,2807
ayudaba,2806
pasarlo,2806
retener,2806
secta,2806
bebía,2805
correctas,2805
kenneth,2805
dureza,2802
reducida,2802
telecomunicaciones,2802
añadido,2801
desafíos,2801
descubrimientos,2801
patética,2801
pelirroja,2801
servidores,2801
aproxima,2800
estalló,2800
inquieto,2800
perdonarme,2800
reportes,2800
veros,2800
devuélveme,2799
índices,2799
ch00ffff,2798
imprenta,2798
violada,2798
ava,2797
protesto,2797
desgraciados,2796
diarrea,2796
infernal,2796
permisos,2796
podrido,2796
tolerar,2796
docente,2794
calificado,2793
comprarte,2793
eleanor,2793
limusina,2793
perjuicio,2793
procesar,2793
survivor,2793
buffy,2792
manager,2792
ético,2792
conversión,2791
esquinas,2791
seleccionar,2791
cárceles,2790
desesperados,2790
inquietante,2790
mantenemos,2790
psíquico,2790
asignación,2789
diligencia,2788
modernización,2788
pilas,2788
culos,2787
lógicamente,2787
barriles,2786
importación,2786
líquidos,2786
mantenernos,2786
comunitaria,2785
estudiantil,2785
maní,2785
surf,2785
divide,2784
plancha,2784
referido,2784
validez,2784
abres,2783
adelantó,2783
dejaran,2783
diseñador,2783
seguid,2783
asusté,2782
herrero,2782
tardaré,2782
gobernación,2781
rupert,2781
acabaría,2780
agáchate,2780
buques,2780
fracción,2780
informal,2780
machos,2780
sometidos,2780
tinieblas,2780
almacenamiento,2779
calentamiento,2779
denle,2779
pobrecito,2779
autoestima,2778
beethoven,2778
duermas,2778
manifestado,2778
necesitado,2778
tramando,2778
bolígrafo,2777
rezo,2777
conlleva,2776
reconocí,2776
unirme,2776
keller,2775
morada,2775
patata,2775
preston,2775
ansiosa,2774
estudié,2774
fabricantes,2774
volado,2774
contundente,2773
relevancia,2773
rompa,2773
chulo,2772
compañia,2772
huérfanos,2772
mantas,2772
negativas,2772
produzca,2772
adrenalina,2771
anular,2771
ocupaba,2771
percibe,2771
párate,2771
alejados,2770
conducen,2769
desafortunado,2769
hart,2769
respectivas,2769
stacy,2769
asustes,2768
corro,2768
firmemente,2768
mienten,2768
profecía,2768
teóricos,2768
arreglando,2767
belle,2767
benjamín,2767
hembras,2767
trámite,2767
cajero,2766
manifestantes,2766
padrastro,2766
carencia,2765
elija,2765
locuras,2765
reírse,2765
violado,2765
amé,2764
trasladar,2764
creerás,2763
got,2763
mariposas,2763
toc,2763
wong,2763
distingue,2762
religiones,2762
integran,2761
lila,2761
temporadas,2761
alucinaciones,2760
equipamiento,2760
flauta,2760
quitas,2759
zoo,2759
hallan,2758
they,2758
razas,2757
susie,2757
geográfica,2756
lavabo,2756
apuntan,2755
cese,2755
pagarlo,2755
preparé,2755
protestar,2755
boxeador,2754
cuestan,2754
informativo,2754
joon,2754
vendía,2754
bota,2753
facilita,2753
implicados,2753
monty,2753
pronunciar,2753
aguirre,2752
levantarte,2752
relaciona,2752
crezca,2751
lucir,2751
produjeron,2751
estatutos,2750
sugieren,2750
vómito,2750
adoran,2749
atravesó,2749
denominada,2749
escapando,2749
garzón,2749
interrogar,2749
adversario,2748
chilenos,2748
instructor,2748
mencioné,2747
opone,2747
senté,2747
arrojar,2746
descartar,2746
descubren,2746
devuelva,2746
dondequiera,2746
delirio,2745
futbol,2745
seleccionado,2745
vainilla,2745
hazle,2744
manchester,2744
clavos,2742
defendió,2742
disfrutado,2742
guardianes,2742
perdon,2742
tributo,2742
auge,2741
controlan,2741
séptima,2741
norteamérica,2740
obligar,2740
xiii,2740
charlas,2739
encargará,2739
timmy,2739
aguilar,2738
meditación,2738
pedidos,2738
pertenencias,2738
tenedor,2738
asumió,2737
metropolitana,2737
preliminar,2737
brooks,2736
consciencia,2736
fósiles,2736
sucedía,2736
gibson,2735
solana,2735
enojo,2734
narrativa,2734
ninja,2734
nómina,2734
square,2734
capitan,2733
rituales,2733
chilena,2732
insensible,2732
paracaídas,2732
retire,2732
trajimos,2732
ambientes,2731
intermedio,2731
miserables,2731
arca,2730
terminen,2730
trescientos,2730
golpeé,2729
lionel,2729
soñaba,2729
destinos,2728
quejarse,2728
sacaremos,2728
escuchame,2727
hispano,2727
usaban,2727
cerebrales,2726
dea,2726
africanos,2725
inclinación,2725
lastima,2725
remate,2725
au,2724
condones,2724
contestado,2724
joda,2724
labio,2724
mitos,2724
musica,2724
temporales,2724
hundido,2723
indicada,2723
partiendo,2723
prendas,2723
virginidad,2723
indemnización,2722
joyería,2722
usen,2722
arroja,2720
cante,2720
cervantes,2720
enteros,2720
preguntarse,2720
activar,2719
luchan,2719
confunde,2718
enfrentan,2718
micro,2718
sirenas,2718
mensual,2717
nalgas,2717
proximidad,2717
inconvenientes,2716
coser,2715
impotencia,2715
paramos,2715
antemano,2714
demandar,2714
morirse,2714
emprender,2713
besado,2712
olvidando,2712
sátur,2712
tibia,2712
tinto,2710
bocado,2709
decadencia,2709
encajar,2709
trascendencia,2709
autógrafo,2708
mayormente,2708
amarillas,2707
cerraron,2707
establecidos,2707
prototipo,2707
rocío,2707
vanidad,2707
leales,2706
luchamos,2706
milenio,2706
presionando,2706
sanguíneo,2706
tierna,2706
prefería,2705
profundidades,2705
respondiendo,2705
bloquear,2704
curación,2704
reflexiones,2704
alucinante,2703
pediría,2703
proveedor,2703
tonos,2703
concluido,2702
horacio,2702
nixon,2702
reunieron,2702
aprueba,2701
mezclado,2701
rincones,2701
daga,2700
repuesto,2700
constituir,2699
desvío,2699
eugene,2699
pagarme,2699
capacitación,2698
emperatriz,2698
subieron,2698
gorro,2697
intercambiar,2697
irrelevante,2697
volúmenes,2697
insulina,2696
jura,2696
vestirse,2696
warner,2696
g.,2695
representaba,2695
hood,2694
molde,2694
supieran,2694
ss,2693
agradecemos,2692
cristianismo,2692
prestó,2692
avisa,2691
judías,2691
camilo,2690
detenerte,2690
encendió,2690
frustrado,2690
summer,2690
yale,2690
matthews,2689
rayas,2688
regularmente,2688
temblar,2688
tontas,2688
descendientes,2687
galerías,2687
ta,2687
verdugo,2687
vladimir,2687
clemente,2686
ente,2686
referéndum,2686
revolucionarios,2686
amen,2685
enigma,2685
legión,2685
plátano,2685
zanahorias,2685
compañeras,2684
preocuparnos,2684
preparan,2684
reinado,2684
wesley,2684
yu,2684
comiencen,2683
excitación,2683
expone,2683
vencida,2683
marion,2682
arruinando,2681
brillar,2681
burdel,2681
finge,2681
soberano,2681
arrastra,2680
decisiva,2679
detén,2679
existió,2679
relajado,2679
vasca,2679
vencedor,2679
sucediera,2678
automática,2677
mantuvieron,2677
mudarme,2677
sherman,2677
vivieron,2677
tomadas,2676
pónganse,2675
quijote,2675
està,2674
rasgo,2674
demostrarlo,2673
disculpan,2673
equivocó,2673
filmando,2673
if,2673
limonada,2673
salirse,2673
suegro,2673
tanya,2673
zombi,2673
arrastrar,2672
lanzando,2672
sacos,2672
concentrarme,2671
hambrientos,2671
mallorca,2671
pellejo,2671
rupias,2671
convencerme,2670
diseñar,2670
impulsar,2670
okey,2670
signifique,2670
gobernantes,2668
producciones,2667
suizo,2667
confundir,2666
manto,2666
piña,2666
franca,2665
ingenua,2665
here,2664
neutral,2664
tigres,2664
callie,2663
chester,2663
déjenlo,2663
imposibles,2663
sang,2663
gemela,2661
levantando,2661
partidas,2661
dárselo,2660
explota,2660
inventé,2660
monopolio,2660
prepararse,2660
joo,2659
milo,2659
pelean,2659
barbilla,2658
décimo,2658
obligatorio,2658
preocupante,2658
informativos,2657
maligno,2657
pardo,2657
usaremos,2657
deportivas,2656
indicadores,2656
interpreta,2656
line,2656
abandonaron,2655
angelo,2655
géneros,2655
riquezas,2655
sandwich,2655
actualización,2654
dedicar,2654
favorables,2654
hot,2654
vieras,2654
baratos,2653
pinto,2653
ponla,2653
rendirse,2653
homo,2652
penetración,2652
procesamiento,2652
álvaro,2652
desagradables,2651
fermín,2651
jenkins,2651
kat,2651
atendiendo,2650
conocéis,2650
pezones,2648
audio,2647
d.c.,2647
hughes,2647
peg,2647
aclara,2646
distraído,2646
honda,2646
moon,2646
puntuación,2646
venderlo,2646
vístete,2646
alabado,2645
ancha,2645
gates,2645
presiona,2645
procura,2645
reunirnos,2645
seguirme,2645
quité,2644
amarte,2643
bagdad,2643
grandiosa,2643
panza,2643
mojada,2642
besarte,2641
nino,2641
ilegalmente,2640
mueves,2640
ángulos,2639
recuperarse,2638
tocarlo,2638
vírgenes,2638
dure,2637
echen,2637
extendió,2637
vistos,2637
bacon,2636
receptores,2636
subimos,2636
dirigimos,2635
frances,2635
saldo,2635
bofetada,2634
escondidos,2634
poderosas,2634
soporta,2634
avisaré,2633
infectado,2633
lori,2633
portland,2633
descuidado,2632
discoteca,2632
sonrisas,2632
windows,2632
asesores,2631
establecida,2631
académica,2630
reunimos,2630
rito,2630
shin,2630
disfrazado,2629
previsión,2629
tyson,2628
acordar,2627
atar,2627
relevo,2627
shelly,2627
cabecera,2626
colombiana,2626
completos,2626
estes,2626
gail,2626
idéntico,2625
shannon,2625
testículos,2625
criados,2624
ginger,2624
home,2624
supimos,2624
vii,2624
evacuar,2623
locutor,2623
morder,2623
remolque,2623
lloró,2621
hernán,2620
panda,2620
reno,2620
sostenido,2620
arcilla,2619
filtro,2619
louie,2619
sushi,2619
asiático,2618
ce,2618
inapropiado,2618
paolo,2617
razonamiento,2617
sanguínea,2617
doctorado,2616
averiguado,2614
debidamente,2614
enseñaste,2614
estatus,2614
sentaba,2614
ajustes,2613
ardilla,2613
comprendió,2613
edith,2613
energético,2613
localidades,2613
milímetros,2613
pautas,2613
ternera,2613
terrestres,2613
arrogancia,2612
cazando,2612
mutua,2612
ocio,2612
afirmaciones,2611
bocas,2611
descargar,2611
plantar,2611
continuaba,2610
fortalecer,2610
trámites,2610
garrett,2609
gu,2609
procesado,2609
muelles,2608
remedios,2608
turcos,2608
ahogado,2607
discípulos,2607
previsiones,2607
servirle,2607
trabajaré,2607
arañas,2606
cabras,2606
carrillo,2606
goa,2606
suzanne,2606
ajenos,2605
columbia,2605
juliette,2605
estrelló,2604
judas,2604
norteamericanas,2604
carnet,2603
destacados,2603
espiando,2602
imposibilidad,2602
latinoamericanos,2602
legisladores,2602
rodeo,2602
cambies,2601
fitz,2601
latino,2601
stop,2601
vena,2601
belga,2600
dedicados,2599
mari,2599
matrimonial,2599
partidario,2599
retrete,2599
volverme,2598
guarida,2597
ligado,2597
rompen,2597
wu,2597
sacaba,2596
pib,2595
pinky,2595
resistente,2595
ceremonias,2594
presentaré,2594
recordará,2594
eligieron,2592
beatles,2591
sastre,2590
churchill,2589
happy,2589
ideológica,2589
prestaciones,2589
auténticos,2588
funda,2588
pos,2588
aumentan,2587
especializado,2587
perón,2587
tia,2587
ivy,2586
jamaica,2586
mandos,2586
rebaño,2586
disculparte,2585
gruesa,2585
intestino,2585
comunión,2584
devolverle,2584
ramera,2584
reclamo,2584
acostaste,2583
buscaremos,2583
cebo,2583
delincuencia,2583
galán,2583
point,2583
abigail,2582
aplicado,2582
beta,2582
contenía,2582
iniciación,2582
jarra,2582
pagarás,2582
poseía,2582
regazo,2582
roque,2582
anestesia,2581
habremos,2581
indiana,2581
invitarte,2581
miraban,2581
prd,2581
relámpago,2581
denunciado,2580
eliges,2579
brevemente,2578
pisar,2578
prenda,2578
scully,2578
corporaciones,2577
quisiéramos,2577
sofisticado,2577
anécdota,2576
dedicas,2576
identifica,2576
carlota,2575
comportarse,2575
sorprender,2575
bachillerato,2574
explorador,2574
reía,2574
divisiones,2573
entusiasta,2573
escriben,2573
fotógrafos,2573
humildad,2573
recibirán,2573
agradecidos,2572
fauna,2572
fascista,2571
triunfar,2571
ugh,2571
acelerador,2570
enterrada,2570
haced,2570
martini,2570
núcleos,2570
pulsera,2570
ally,2569
compatriotas,2569
cálmense,2569
escondes,2569
incapaces,2569
suspiro,2569
tumores,2569
coronas,2568
cásate,2568
gestiones,2568
inquieta,2568
regresas,2568
vil,2568
amabas,2567
cenas,2567
rió,2567
springfield,2567
centroamérica,2566
irías,2566
mirarla,2566
musulmán,2566
regulares,2566
carpa,2565
cocodrilo,2565
efectividad,2565
eventual,2565
inversa,2565
maratón,2565
ofensivo,2565
fabio,2564
ow,2564
elimina,2563
jade,2563
north,2563
place,2563
sophia,2563
asistió,2562
compás,2562
concejales,2562
hombrecito,2562
sellos,2562
tortilla,2562
abe,2561
conjuntos,2561
entrara,2561
georges,2561
renunciado,2561
tocarme,2561
traerle,2561
ambiciones,2560
combates,2560
nacida,2560
olvidan,2560
convencidos,2559
lancha,2559
online,2559
trasplante,2559
kara,2558
redada,2558
agradece,2557
deshazte,2557
iva,2557
presentarle,2557
dobla,2556
magistrados,2556
acusan,2555
duelen,2555
piérdete,2555
camarote,2554
dales,2554
der,2554
innovación,2554
ademas,2553
buscarle,2553
consolidación,2553
salones,2553
vara,2553
who,2553
dele,2552
alejarme,2551
ame,2551
energética,2551
invitarme,2551
latinoamérica,2551
let,2551
porche,2551
restricción,2550
suélteme,2550
tate,2550
atenta,2549
bajan,2549
entusiasmado,2549
nikita,2549
pagarán,2549
pío,2549
recado,2549
desgraciada,2548
ganarme,2548
hiciese,2547
melancolía,2547
montando,2547
ponían,2547
transformó,2547
acierto,2546
centenario,2546
gabrielle,2546
intentaremos,2546
clausura,2545
cónsul,2545
olvidarse,2545
bulto,2544
cogiste,2544
distinguido,2544
déjalos,2544
limpiado,2544
octavio,2544
she,2544
ulises,2544
atribuye,2543
echarte,2543
veto,2543
acabada,2542
apuntes,2542
repita,2542
bah,2541
hassan,2541
nat,2541
sor,2541
vinculado,2541
arreglé,2540
cinematográfica,2540
corté,2540
hundió,2540
paseos,2540
espléndida,2539
gabe,2539
proyectar,2539
tacones,2539
agregado,2538
pizarra,2538
andes,2537
redención,2537
salid,2537
high,2536
productiva,2536
night,2535
sabios,2535
viajan,2535
abarca,2534
contaron,2534
escalones,2534
vídeos,2534
antaño,2533
citados,2533
grúa,2533
natasha,2533
comarca,2532
cultivar,2532
bryan,2531
bufanda,2531
hallé,2531
réplica,2531
terminaba,2531
narración,2530
pertenecientes,2530
planeas,2530
agotada,2529
debida,2529
divertirme,2529
luther,2528
insignia,2527
mueran,2527
suponen,2527
wright,2527
artefactos,2526
escaparon,2526
philippe,2526
tiraste,2526
válida,2525
académicos,2524
dirigidos,2524
enterarme,2524
exijo,2524
libreta,2524
mantienes,2524
ordinaria,2524
recreo,2524
secuestrada,2524
válvula,2524
jueza,2523
penumbra,2522
previos,2522
arregle,2521
especulación,2521
hagáis,2521
radica,2521
confió,2520
económicamente,2520
encárgate,2520
huelen,2520
legislatura,2520
quítame,2520
contención,2519
plantado,2519
buzz,2518
crueles,2517
descender,2517
bancarias,2516
provocan,2516
urbanos,2516
detenerla,2515
conseguía,2514
record,2514
turística,2514
beben,2513
cómplices,2513
deprimida,2513
espiral,2513
traicionar,2513
donaciones,2512
wolf,2512
guardó,2511
movilización,2511
gelatina,2510
interpretaciones,2510
millie,2510
peleado,2510
templos,2510
gasta,2509
permitieron,2509
estatuas,2508
euskadi,2508
movilidad,2508
peón,2508
quemada,2507
reunirme,2507
traduce,2507
ubicada,2507
continúen,2506
madam,2506
bailarines,2505
cooperativa,2505
sensato,2505
sumar,2505
agarre,2504
clarence,2504
magos,2504
aduana,2503
culpas,2503
encontrando,2503
hayes,2503
zar,2503
apoyó,2502
concuerda,2502
lastimarte,2502
non,2502
ritmos,2502
google,2501
maxwell,2501
algas,2500
bajamos,2500
brote,2500
levantada,2500
zamora,2500
caídos,2499
codicia,2499
cuido,2499
engañarme,2499
rabino,2499
reflejan,2499
rápidas,2499
trent,2499
creerte,2498
estimular,2498
inmune,2498
lacey,2498
madrileña,2498
abundantes,2497
indudablemente,2497
irracional,2497
tratará,2497
introdujo,2496
old,2496
zedillo,2496
atajo,2495
consultorio,2495
dedican,2495
imprudente,2495
saltado,2495
abrirlo,2494
antorcha,2494
cebollas,2493
estructurales,2493
insistencia,2493
mack,2493
spa,2493
yace,2493
colgó,2492
whitney,2492
adhesión,2491
contribuye,2491
crónicas,2491
nacieron,2490
sabrina,2490
seúl,2490
favorecer,2489
jun,2489
national,2489
po,2489
yugoslavia,2489
consistía,2488
formaciones,2488
orgánico,2488
presentaciones,2488
varía,2488
cuanta,2487
extensa,2487
faldas,2487
jasper,2487
ingresó,2486
pagaría,2486
paternidad,2486
príncipes,2486
reuter,2486
famosas,2485
hacerlas,2485
jerome,2485
procedencia,2485
traemos,2485
establecen,2484
identidades,2484
julien,2484
pillar,2484
editores,2483
falsificación,2483
separan,2483
sostienen,2483
tostadas,2483
phillips,2482
desperdiciar,2481
chismes,2480
fallos,2480
hector,2480
pagaba,2480
sodio,2480
tammy,2480
viviré,2480
barb,2479
pozos,2479
rellenar,2479
allanamiento,2478
aquélla,2478
conduzco,2478
discutirlo,2477
islam,2477
marcharte,2477
revisen,2477
cimientos,2475
inofensivo,2475
logre,2475
resentimiento,2475
abandone,2474
back,2474
enviará,2474
interferencia,2473
primitiva,2473
argelia,2472
motos,2472
mudamos,2472
protagonismo,2472
protegerlo,2472
atraído,2471
autora,2471
mangas,2471
divisas,2470
milton,2470
molecular,2470
muslo,2470
padece,2470
rentabilidad,2470
trazado,2470
enseñarles,2469
influir,2469
observan,2469
banana,2468
creíble,2468
damien,2468
paras,2468
tapadera,2468
ahogó,2467
besando,2466
nocturnos,2466
solteros,2466
monetario,2465
bárbaro,2464
comportamientos,2464
resolvió,2464
enamoró,2463
asegurarte,2462
henderson,2462
marciales,2462
márquez,2462
nutrición,2462
pegamento,2462
regalado,2462
vinculación,2462
basados,2461
brazalete,2461
calzones,2461
cobran,2461
legalidad,2461
sociología,2461
sudamérica,2461
amigable,2460
hirviendo,2460
marisa,2460
michigan,2460
sorprendentemente,2460
convocar,2459
ocurriría,2459
alquilado,2458
email,2458
envidio,2458
noveno,2458
patricio,2458
evitado,2457
hulk,2457
retos,2457
supieron,2457
escoba,2456
conque,2455
gerry,2455
encargue,2454
mimi,2454
transcurrido,2454
agárrate,2453
cantos,2453
sucesivamente,2453
tendréis,2453
abrazar,2452
atada,2452
colocación,2452
cuéntanos,2452
germán,2452
operadora,2452
tardis,2452
trish,2452
esferas,2451
soja,2451
proteja,2450
simbólico,2450
visitando,2450
arquitectos,2449
greene,2449
imaginarme,2449
patrullas,2449
pensemos,2449
registrados,2449
echemos,2448
reacciona,2448
alterada,2447
calificaciones,2447
congelador,2447
estais,2447
levantamiento,2447
vieran,2447
coruña,2446
mara,2446
obligaron,2446
visa,2446
wagner,2446
ayudantes,2445
bam,2445
colas,2445
comprarlo,2445
dinastía,2445
rondas,2445
sequía,2445
brien,2444
elevación,2444
fosa,2444
parálisis,2444
crawford,2443
matices,2443
producía,2443
contraté,2442
entrego,2442
florence,2442
sobrevive,2441
blog,2440
destrozar,2440
permanezca,2440
raja,2440
tobillos,2440
huérfano,2439
mantenlo,2439
sígame,2439
obvia,2438
enemiga,2437
pobrecita,2437
semanal,2437
sudando,2437
sumario,2437
apúrense,2436
bancario,2436
encaje,2435
interese,2435
barranco,2434
disculparse,2434
flexibilidad,2434
fusil,2434
lastimó,2434
perderme,2434
tortugas,2434
transformaciones,2434
aceptará,2433
preparatoria,2433
presentando,2433
sub,2433
vestía,2432
anónimos,2431
divertidas,2431
exclamó,2431
itinerario,2431
presidenciales,2431
armstrong,2430
menciones,2430
primordial,2430
atroz,2429
banqueros,2429
chocó,2429
disney,2429
importara,2429
inventando,2429
legendario,2429
nutrientes,2428
resplandor,2428
capitana,2427
escaparse,2427
recuperando,2427
vendes,2427
clive,2426
gritan,2426
prisiones,2426
secuestró,2426
contarles,2425
haití,2425
alcalá,2424
cerramos,2424
fomentar,2424
obediencia,2424
octava,2424
way,2424
alianzas,2423
besarme,2423
espontánea,2423
explican,2423
permitirse,2423
descubrirlo,2421
gemma,2421
tarzán,2421
terminas,2421
encargados,2420
franja,2419
intacto,2419
mills,2419
repentina,2419
restaurar,2419
adictos,2418
analista,2418
asociada,2418
dani,2418
defendido,2418
sudáfrica,2418
thor,2418
provienen,2417
samper,2417
corres,2416
devon,2416
gold,2416
identificó,2416
mauricio,2416
paradoja,2416
prepararme,2416
refuerzo,2416
visuales,2416
administrar,2415
aspirantes,2415
carlitos,2415
esperaría,2415
malvados,2415
ad,2414
aria,2414
elvira,2414
gardner,2414
harriet,2414
montana,2414
potencialmente,2414
sueldos,2413
aislada,2412
chocar,2412
competidores,2412
derrame,2412
juegue,2412
moderado,2412
suman,2412
zombis,2412
callas,2411
percy,2411
certamen,2410
empeorar,2410
granjeros,2410
insuficiencia,2410
pensándolo,2410
díganme,2409
estables,2408
inspira,2408
renovar,2408
roble,2408
salarial,2408
celo,2407
desechos,2407
intentándolo,2407
catedrático,2406
enfrentado,2406
librarse,2406
mismísimo,2406
ocupará,2406
ostras,2406
plenitud,2406
secuestrar,2406
bebí,2405
amuleto,2404
contarnos,2404
desees,2404
reinos,2404
castaño,2403
cocinas,2403
comprobando,2403
desaparecidas,2403
frecuencias,2403
mae,2403
molestarme,2403
acompañó,2402
aspirina,2402
cuestionar,2402
jang,2402
lomo,2402
carreta,2401
indignación,2401
vendemos,2401
agresividad,2400
invisibles,2400
peterson,2400
ande,2399
anota,2399
completado,2399
inestabilidad,2399
inevitablemente,2399
lechuga,2399
procesión,2399
quitan,2399
deshacerte,2398
dirían,2398
reservada,2398
tiren,2398
aplicada,2397
detector,2397
preferible,2397
republicana,2397
donnie,2396
gigantesco,2396
manía,2396
recital,2396
abrazos,2395
convenios,2395
dependerá,2395
destinadas,2395
reparaciones,2395
asistieron,2394
cairo,2394
descomposición,2394
urnas,2394
aportaciones,2393
deshacernos,2393
aceptaron,2392
esconden,2392
marquesa,2392
videojuegos,2392
iniciaron,2391
segmento,2391
siria,2391
tribuna,2390
escalofríos,2389
gideon,2389
prohíbe,2389
visibles,2389
alcanzaron,2388
arrastrando,2388
brujo,2388
gitanos,2388
pesadas,2388
seguirás,2388
soplón,2388
tac,2388
tóxicos,2388
vivan,2388
extremidades,2387
permitirme,2387
terminaré,2387
transmisor,2386
acertado,2385
equivocadas,2385
frentes,2385
pascual,2385
reconciliación,2385
sufría,2385
abrirla,2384
posturas,2384
precisar,2384
socialmente,2384
bon,2383
borrador,2383
cuidarte,2383
necesitáis,2383
aléjense,2382
discreta,2382
olfato,2382
textura,2382
apagó,2381
invitaciones,2381
pulmonar,2381
apestoso,2380
enteramente,2380
objetiva,2380
permito,2380
shelby,2380
tarado,2380
impotente,2379
suéltenme,2379
trataste,2379
uy,2379
conceder,2377
controlarlo,2377
decidirá,2377
drogadicto,2377
muralla,2377
repetirlo,2377
veronica,2377
característico,2376
comercialización,2376
imagine,2376
dolly,2375
dígales,2375
psicosis,2375
adrián,2374
madrina,2374
pantallas,2374
permanentes,2374
vendas,2374
proa,2373
silvestre,2373
activado,2372
funeraria,2372
peyton,2372
recordarle,2372
criticar,2371
dominado,2371
janice,2371
tornado,2371
emitido,2370
parciales,2370
abandonados,2369
generado,2369
peluquería,2369
pre,2369
provenientes,2369
alf,2368
estratégica,2368
regresaremos,2368
sacarlos,2368
temblor,2368
tirón,2368
acude,2367
compraron,2367
escapé,2367
gustara,2367
sobrenatural,2367
valley,2367
admitido,2366
despejen,2366
trabajaron,2366
acompañan,2365
ayudarás,2365
cambien,2365
escalada,2365
pierdan,2365
terminara,2365
debut,2364
destruidos,2364
fósforo,2364
psiquiatría,2364
yeso,2364
eun,2363
grieta,2363
ncis,2363
potencias,2363
radios,2363
revancha,2363
debilidades,2362
delicadeza,2362
detenida,2362
enterrados,2362
telas,2362
amarga,2361
berta,2361
complejas,2361
háganlo,2361
hale,2360
revise,2360
aceptaría,2359
georgie,2359
jacinto,2359
relevantes,2359
reventar,2359
avisó,2358
honrar,2358
interrogado,2358
light,2358
llevados,2358
center,2357
secuestrador,2357
tazón,2357
torrente,2357
absorción,2356
anotó,2356
queens,2356
apágalo,2355
hambrienta,2355
barbie,2354
injusta,2354
modalidades,2354
pagaste,2354
amazonas,2353
complace,2353
externas,2353
filmes,2353
potable,2353
benson,2352
ilustración,2352
innecesario,2352
montgomery,2352
negligencia,2352
tenor,2352
vivíamos,2352
genios,2351
holt,2351
intervino,2351
lingüística,2351
matemático,2351
obligan,2351
aprendes,2350
dese,2350
estimulante,2350
llévala,2350
marchando,2350
monumental,2350
murciélago,2350
ocupando,2350
alejar,2349
bancarrota,2349
cobertizo,2349
creadores,2349
escasas,2349
poético,2349
xv,2349
atrapan,2348
cabos,2348
fundó,2348
arruiné,2347
nicaragüense,2347
andaluz,2346
coincidencias,2346
frederick,2346
golpeaste,2346
vigilado,2346
indicio,2345
rastreo,2345
constitucionales,2344
interpretado,2344
pruébalo,2344
right,2344
vs,2344
agresor,2343
envuelta,2343
gremio,2343
recorte,2343
riendas,2343
sentías,2343
analiza,2342
agarré,2341
bin,2341
esculturas,2341
firmada,2341
iluminado,2341
sorda,2341
centrado,2340
grabados,2340
jinetes,2340
paralizado,2340
urbanización,2340
confían,2339
cubren,2339
intacta,2339
reiteró,2339
fracturas,2338
carrito,2337
ideológico,2337
clasificado,2336
delia,2335
saques,2335
consigas,2334
designación,2334
desprende,2334
granadas,2334
inspectores,2334
rabo,2334
trompeta,2334
amplios,2333
anhelo,2333
cambiaré,2333
legislativa,2333
lloro,2333
pamplona,2333
pedirá,2333
lucifer,2332
mediocre,2332
darren,2331
describió,2331
impresionada,2331
veíamos,2331
cortan,2330
instrumental,2330
mártir,2330
acantilado,2329
atrapamos,2329
bicicletas,2329
expectativa,2329
lamenta,2329
sutton,2329
nervio,2328
robarle,2328
anomalías,2327
aplastar,2327
recuperarlo,2327
briggs,2326
etiquetas,2326
acusando,2325
anzuelo,2325
gales,2325
imitar,2325
moro,2325
pescados,2325
predicador,2325
recomendó,2325
varsovia,2325
concentrarse,2324
contarlo,2324
miriam,2324
prescindir,2324
geometría,2323
presuntos,2323
animación,2322
atractivos,2322
competitividad,2322
juveniles,2322
contéstame,2321
fugaz,2321
registraron,2321
consulado,2320
devuelvo,2320
electores,2320
frustrante,2320
detección,2319
hyde,2319
permanecerá,2319
esconderte,2318
pesas,2318
relájese,2318
cariñoso,2317
demencia,2317
estéril,2317
fundada,2315
ascender,2314
asustan,2314
ladrona,2314
arcos,2313
avena,2313
batir,2313
despedirte,2313
fmi,2313
iberia,2313
llevemos,2313
salvará,2313
viable,2313
vocales,2313
astronautas,2311
detengas,2311
extrañamente,2311
mudanza,2311
cometas,2310
convertiría,2310
presenten,2310
aspira,2309
calculado,2309
esteroides,2309
luminoso,2309
olvídelo,2309
sucesivas,2309
apresúrate,2308
aspirante,2308
dejarías,2308
peluche,2308
reich,2308
afeitar,2307
belén,2307
decorado,2307
magnético,2306
metodología,2306
modesta,2306
sustancial,2306
sólidos,2306
anterioridad,2305
becca,2305
esquí,2305
jose,2305
jurar,2305
protegidos,2305
rosado,2305
tailandia,2305
teórica,2305
ajustado,2304
ayúdanos,2304
geográfico,2303
mensuales,2303
terciopelo,2303
carecen,2302
compatible,2302
elevador,2302
estocolmo,2302
hallazgos,2302
necesiten,2302
pagarte,2302
temple,2302
aspirar,2301
mediano,2301
stu,2301
vales,2301
beck,2300
cinturones,2300
enviaremos,2300
sangrado,2300
subtítulo,2300
ty,2300
elías,2299
finas,2299
laterales,2299
orientales,2299
presas,2299
ratos,2299
calmarte,2298
presumir,2298
tiran,2298
abu,2297
antigüedades,2297
generalizada,2297
látigo,2297
psíquica,2297
divertidos,2296
espirituales,2296
productora,2296
burocracia,2295
gata,2295
lejanos,2295
masajes,2295
sapo,2295
traigas,2295
vulnerables,2295
cabreado,2294
clientela,2294
cruda,2294
desastres,2294
enfrentó,2294
superficies,2294
únete,2294
darías,2293
hungría,2293
amargura,2292
divertirte,2292
encerrar,2292
aburridos,2291
olvidarte,2291
pum,2291
dedico,2290
desciende,2290
durán,2290
existiera,2290
irresistible,2290
folleto,2289
mencionados,2289
escobar,2288
intensamente,2288
ordene,2288
tomarnos,2288
alfombras,2287
cancela,2287
clavado,2287
detuve,2287
incorpora,2287
ano,2286
asciende,2286
canario,2286
daniels,2286
gemelo,2286
positivas,2286
secuencias,2286
funcionaría,2285
preferencias,2285
visitarme,2285
complicadas,2284
cáscara,2284
faltaban,2284
fotográfica,2284
jugué,2284
kramer,2284
palm,2284
tenerife,2284
tiffany,2284
y-,2284
aduanas,2283
colonos,2283
controlando,2283
educada,2283
entendería,2283
importas,2283
marianne,2283
subía,2283
superintendente,2283
caudillo,2282
herald,2282
integrar,2282
obama,2282
erupción,2281
pensarán,2281
respondí,2281
serbios,2281
tubería,2281
centímetro,2280
gozar,2280
manguera,2280
vértigo,2280
abriré,2279
becas,2279
décima,2279
expuesta,2279
lanzas,2279
precisas,2279
calzado,2278
conjuntamente,2278
generan,2278
márchate,2278
precisos,2278
sinfonía,2278
zeus,2278
causan,2277
celebridad,2277
estela,2277
anomalía,2276
barbero,2276
huerto,2276
informativa,2276
news,2276
respondo,2276
toronto,2276
femeninas,2275
lilly,2275
parásitos,2275
accesorios,2274
gráficos,2274
paraba,2274
senor,2274
aquiles,2273
proveedores,2273
calienta,2272
desconoce,2272
dormimos,2272
hornos,2272
revuelta,2272
allende,2271
arrepentimiento,2271
fundadores,2271
operan,2271
polar,2271
sant,2271
sufrieron,2271
adoptada,2270
diputación,2270
dispárale,2270
elevados,2270
genitales,2270
bridget,2269
dedicarse,2269
imprimir,2269
pandillas,2269
divorciado,2268
guías,2268
how,2268
avergüenza,2267
lámparas,2267
tocarla,2267
accidental,2266
amsterdam,2266
lapso,2266
paradas,2266
primario,2266
saturno,2266
comamos,2265
detienen,2264
dormiré,2264
ilustre,2264
jugará,2264
latido,2264
revelan,2264
amarillos,2263
deportistas,2263
entendiendo,2263
histérica,2263
podriamos,2263
pretensión,2263
reconocerlo,2263
ames,2262
milicia,2262
parecías,2262
apolo,2261
convoy,2261
dormidos,2261
elisa,2261
honorarios,2261
invitaron,2261
lujuria,2261
comenzaremos,2260
extraordinarias,2260
grabó,2260
ponerlos,2260
dormitorios,2259
entrante,2259
invencible,2259
mareado,2259
prestas,2259
computador,2258
consorcio,2258
fabrica,2258
moncloa,2258
acabara,2257
andrews,2257
canaria,2257
cometidos,2257
jonah,2257
ocasionalmente,2257
opio,2257
porcelana,2257
recordarte,2257
tomarla,2257
darían,2256
isabelle,2256
novelista,2256
perdamos,2256
ritos,2256
fluye,2255
higiénico,2255
apareciendo,2254
cotidiano,2254
hemisferio,2254
segovia,2254
matilde,2253
mendigo,2253
novena,2253
respóndeme,2253
russ,2253
concebir,2252
conformidad,2252
licencias,2252
see,2252
analizando,2251
diplomáticos,2251
tenerme,2251
arabia,2250
choca,2250
escúchenme,2250
estafador,2250
operando,2250
satisfechos,2250
imán,2249
persistente,2249
pídele,2249
sanitarios,2249
solicito,2249
xii,2249
completas,2248
faena,2248
lunático,2248
mentor,2248
reconocida,2248
yes,2248
cursi,2247
marsella,2247
nochebuena,2247
rinde,2247
víbora,2247
montevideo,2246
billie,2245
cocido,2245
cuidarme,2245
excitado,2245
informarle,2245
interrumpido,2245
lucrecia,2245
metía,2245
anselmo,2244
note,2243
vicki,2242
yoo,2242
aw,2241
críos,2241
remordimiento,2241
separada,2241
sospechaba,2241
alusión,2240
brújula,2240
extremadura,2240
macleod,2240
tomarán,2240
concursos,2239
dependencias,2239
empujando,2239
popa,2239
cláusula,2238
dora,2238
fundamentos,2238
teclado,2238
unanimidad,2238
acabaré,2237
atacada,2237
coherencia,2237
crió,2237
egipcio,2237
intenten,2237
mordido,2237
naturalidad,2237
when,2237
alergia,2236
dispararé,2236
pinzas,2236
muevo,2235
vocabulario,2235
anatomía,2234
conforman,2234
cortaré,2234
hyung,2234
nitrógeno,2234
sangriento,2234
banquillo,2233
biológicos,2233
levantes,2233
acercamos,2232
castellana,2232
concedió,2232
fíjese,2232
munich,2232
sobras,2232
apple,2231
transacción,2231
calme,2230
cook,2230
involucra,2230
recibida,2230
seo,2230
convergencia,2229
corazonada,2228
descuido,2228
ernest,2228
estratégico,2228
eugenia,2228
bajaron,2227
especializada,2227
expresamente,2227
contribuyentes,2226
gire,2226
olores,2226
sultán,2226
llévatelo,2225
opresión,2225
planteó,2225
usaría,2225
brent,2224
obtuvieron,2224
pintando,2224
contribuido,2223
discípulo,2223
fijos,2223
notablemente,2223
ordené,2223
suspenso,2223
aguante,2222
buscándote,2221
cenamos,2221
entretenido,2221
prisionera,2221
antonia,2220
presentados,2220
carpintero,2219
cayera,2219
pope,2219
weaver,2219
alcaldes,2218
exploradores,2218
portador,2218
agitado,2217
arreglamos,2217
ceniza,2217
pinos,2217
petra,2216
pudiendo,2216
sabroso,2216
correspondía,2215
antón,2214
conectada,2214
fuere,2214
music,2214
requerimientos,2214
confirman,2213
crystal,2213
duramente,2213
estribor,2213
lienzo,2213
obligatoria,2213
océanos,2213
significativas,2213
eches,2212
mística,2212
sintiera,2212
adquirió,2211
definida,2211
diálogos,2211
lona,2211
maquina,2211
marine,2211
sereno,2211
tuberías,2211
valles,2211
adriana,2210
inolvidable,2210
pensarás,2210
shepherd,2210
opuestos,2209
racismo,2209
realistas,2209
rechazada,2209
reverencia,2209
detras,2208
mantenerlos,2208
marche,2208
planeo,2208
protocolos,2208
realice,2208
esponja,2207
establecidas,2207
indudable,2207
respondía,2207
adornos,2206
hb,2206
parecemos,2206
protegerse,2206
revivir,2206
organizadores,2205
vice,2205
anos,2204
buenísimo,2204
dejémoslo,2204
educativos,2204
holden,2204
novatos,2204
reunirá,2204
tranvía,2204
intentemos,2203
materna,2203
micrófonos,2203
tocamos,2203
transacciones,2203
adoraba,2202
amalia,2202
christy,2202
comandos,2202
deficiencias,2202
disponen,2202
entenderás,2202
fijación,2202
preparadas,2202
molestan,2201
recorre,2201
ganaremos,2200
morse,2200
profundizar,2200
respire,2200
ayuntamientos,2199
decencia,2199
creerán,2198
mabel,2198
pekín,2198
ayudamos,2197
comprenden,2197
inversionistas,2197
tic,2197
acuéstate,2196
comeremos,2196
dominic,2196
ocupadas,2196
patán,2196
rap,2196
trujillo,2196
utilice,2196
brindemos,2195
grandote,2195
significativos,2195
superan,2195
trataban,2195
inclusión,2194
accedió,2193
banks,2193
desventaja,2193
indicador,2193
legitimidad,2193
nigel,2193
sangrienta,2193
solucionarlo,2193
tuberculosis,2193
vocal,2193
bellos,2192
confié,2192
escrituras,2192
meteré,2192
audiencias,2191
observaba,2191
wanda,2191
afirmativo,2190
bocadillo,2190
descubierta,2190
acostó,2189
charco,2189
llegados,2189
molestas,2189
rasguño,2189
avatar,2188
destrozada,2188
maddie,2188
coincidir,2187
formales,2187
litoral,2187
meramente,2187
nash,2187
nata,2187
subiré,2187
cumplida,2186
embarazadas,2186
manejado,2186
mosquitos,2186
preparaba,2186
vibraciones,2186
encargarse,2185
enviarle,2185
talones,2185
xi,2185
comerse,2184
descontento,2184
omega,2183
pedirles,2183
vacante,2183
chupa,2182
podés,2182
tonelada,2182
encerró,2181
fumas,2181
separe,2181
amplitud,2180
fritos,2180
presenciar,2180
www,2180
x.,2180
arrugas,2179
cansé,2179
comunicó,2179
espantosa,2179
guapas,2179
madeleine,2179
pizarro,2179
apague,2178
bromear,2178
clayton,2178
acelerado,2177
cereal,2177
hunde,2177
mostrará,2177
probé,2177
rollos,2177
suavidad,2177
sábana,2177
ajenas,2176
critica,2176
metabolismo,2176
pasarse,2176
permanezcan,2176
status,2176
venezolana,2176
yardas,2176
intoxicación,2175
moe,2175
bronca,2174
condolencias,2174
detenernos,2174
comuna,2173
cucharadita,2173
curry,2173
eficaces,2173
electo,2173
panqueques,2173
trasladó,2173
vendiste,2173
borges,2172
consejera,2172
from,2172
heidi,2172
satán,2172
senda,2172
tractor,2172
yenes,2172
idéntica,2171
obesidad,2171
quedaras,2171
timothy,2171
échale,2171
cabrera,2170
degradación,2170
descubriste,2170
mágicos,2170
sencillas,2170
vicios,2170
leeré,2169
atrevería,2168
ferry,2168
hoyos,2168
publicitario,2168
repasar,2168
atrapé,2167
indicación,2167
pegada,2167
besé,2166
dirigidas,2166
agitación,2165
asia-team,2165
hábitat,2165
pasarte,2165
frankenstein,2164
latidos,2164
lloré,2164
operativos,2164
viajaba,2164
convertiste,2163
reproducir,2163
complemento,2162
intriga,2162
bmw,2161
bolívares,2161
hayley,2161
morado,2161
neill,2161
reinas,2161
tapar,2161
encierro,2160
exquisito,2160
acuérdate,2159
grifo,2159
sellado,2159
sobreviviente,2159
díganos,2158
vito,2158
yuri,2158
cambridge,2157
charley,2157
herbert,2157
llegaran,2157
llevabas,2157
marissa,2157
repercusiones,2157
bastará,2156
conocerse,2156
creyente,2156
esmeralda,2156
fritz,2156
invadir,2156
no-,2156
tóxico,2156
volverte,2156
wheeler,2156
humillado,2155
permitiendo,2155
preocupar,2155
progresivamente,2155
travesía,2155
aló,2154
arrepentido,2154
cineasta,2154
magnética,2154
movemos,2154
previas,2154
casara,2153
comentado,2153
dorados,2153
pintó,2153
cali,2152
despejar,2152
subes,2152
vence,2152
castigada,2151
floyd,2151
ilumina,2151
pasatiempo,2151
pisa,2151
programada,2151
reportera,2151
resultará,2151
variantes,2151
bbc,2150
iraq,2150
tessa,2150
bailamos,2149
darcy,2149
presentamos,2149
pronunció,2149
zumbido,2149
alarmas,2148
compartiendo,2148
dactilares,2148
euforia,2148
radicalmente,2148
choza,2147
gusten,2147
kai,2146
mentiría,2146
balsa,2145
bank,2145
experimentando,2145
ganso,2145
moralidad,2145
recordemos,2145
sacará,2145
conceptual,2144
llenado,2144
raramente,2144
arriesgarme,2143
fi,2143
liza,2143
maureen,2143
opinan,2143
sanders,2143
amnesia,2142
arrastró,2142
convencionales,2142
fallé,2142
greta,2142
mudado,2142
otis,2142
púdrete,2142
actuaba,2141
centra,2141
directivo,2141
economías,2141
pretensiones,2141
rendido,2141
vaughn,2141
venías,2141
curiosos,2140
fiar,2140
fluidos,2140
formaron,2140
noreste,2140
adelantar,2139
espinas,2139
fresas,2139
guarnición,2139
hostilidad,2139
interrumpió,2139
loro,2139
tómala,2139
africana,2138
buey,2138
cleopatra,2138
creyera,2138
especias,2138
ponce,2138
uranio,2138
vagos,2138
gitano,2137
quiten,2137
quites,2137
abstinencia,2136
enfrentarme,2136
euro,2136
filipinas,2136
introducido,2136
lanzaron,2136
ordenamiento,2136
culpes,2135
repetía,2135
rossi,2135
vals,2135
vendrían,2135
entraré,2134
escalas,2134
i.,2134
rentable,2134
brujería,2133
costura,2133
enfermó,2133
simulación,2133
sándwiches,2133
bocadillos,2132
forestal,2132
gerard,2132
preventiva,2132
queráis,2132
siembra,2132
atuendo,2131
carlton,2131
enojes,2131
inmortalidad,2131
levantaba,2131
presenté,2131
brinda,2130
conocerme,2130
continuamos,2130
recogen,2130
rivas,2130
sancho,2130
shows,2130
destreza,2129
destruirlo,2129
génesis,2129
realeza,2129
setiembre,2129
traido,2129
vip,2129
callarte,2128
descarta,2128
espiar,2128
fijó,2128
managua,2128
patentes,2128
párpados,2128
democráticos,2127
instaló,2127
jaque,2127
liberalismo,2127
recogerlo,2127
surgieron,2127
utopía,2127
yanquis,2127
postales,2126
transferido,2126
ventura,2126
anima,2125
empujón,2124
grosera,2124
infame,2124
marxista,2124
ca,2123
dispararme,2123
disponía,2123
escucharla,2123
h.,2123
hm,2123
limitó,2123
remover,2123
cambiarte,2122
cases,2122
conmovedor,2122
consistencia,2122
exactos,2122
excita,2122
reaccionó,2122
secuestraron,2122
trajera,2122
callejero,2121
chorro,2121
mallory,2121
obstrucción,2121
respetan,2121
viceversa,2121
creados,2120
encantados,2120
fastidio,2120
fresa,2120
imaginando,2120
mencionaste,2120
ordenación,2120
unánime,2120
aeropuertos,2119
balde,2119
escándalos,2119
subsecretario,2119
torturas,2119
campesina,2118
catalunya,2118
flamenco,2118
racial,2118
socia,2118
ahorrado,2117
alemanas,2117
ranas,2117
sientate,2117
abrigos,2116
aprenden,2116
cary,2116
monumentos,2116
afectará,2115
alcohólica,2115
alimentan,2115
devolverlo,2115
donny,2115
estallido,2115
lineal,2115
publicitaria,2115
reservados,2115
abad,2114
difundir,2114
escalón,2114
organizando,2114
quemados,2114
vencidos,2114
aperitivo,2113
articulación,2113
cruzan,2113
desarrollada,2113
exclusión,2113
modificado,2113
negarse,2113
póliza,2113
requisito,2113
admiradores,2112
bruscamente,2112
clare,2112
formaba,2112
puras,2112
engañaste,2111
latinoamericano,2111
ponche,2111
arrestados,2110
infectados,2110
limitar,2110
cerré,2109
motín,2109
mudé,2109
dictamen,2108
egipcios,2108
futbolista,2108
metidos,2108
parásito,2108
state,2108
delfines,2107
diseñada,2107
expulsada,2107
lang,2107
redujo,2107
sagrados,2107
travieso,2107
alcoba,2106
conservadora,2106
démosle,2106
metan,2106
aceptando,2105
atrasado,2105
comunica,2105
dúo,2105
encierra,2105
vinculados,2105
brendan,2104
evangelio,2104
quejarte,2104
rifles,2104
supresión,2104
alérgico,2103
elevadas,2103
mail,2103
vagabundos,2103
abdominal,2102
acompañaré,2102
albergue,2102
diplomacia,2102
pregúntele,2102
provocación,2102
dispuso,2101
reelección,2101
representando,2101
retrasar,2101
artísticas,2100
camarones,2100
cuidadosa,2100
quitaré,2100
hindú,2099
ike,2099
progresista,2099
ba,2098
convicciones,2098
disponibilidad,2098
faz,2098
presentador,2098
sinceros,2098
triunfos,2098
agotador,2097
confíes,2097
desmayó,2097
vizcaya,2097
bi,2096
liquidación,2096
asumido,2095
déjenos,2095
preferida,2095
cumplí,2094
desaparecerá,2094
paranoia,2094
truman,2094
aplican,2093
butler,2093
alejarte,2092
encendidas,2092
fijas,2092
parcela,2092
perdiera,2092
ventilador,2092
emmett,2091
garantizado,2091
marín,2091
opuesta,2091
sudar,2091
ayudarán,2090
civilizaciones,2090
cora,2090
encarcelado,2090
guadalajara,2090
rías,2090
sostenía,2090
cantó,2089
chupar,2089
flojo,2089
irlandeses,2089
quiza,2089
sloan,2089
soplo,2089
acuesta,2088
apuñalado,2088
permanecido,2088
podríais,2088
cascada,2087
cirujanos,2087
graduado,2087
madrastra,2087
ofensa,2087
opino,2087
roz,2087
arrestos,2086
side,2086
cafe,2085
copiar,2085
grietas,2085
homer,2085
notario,2085
odiaría,2085
acerqué,2084
adivino,2084
arreglará,2084
comprobé,2084
vestirme,2084
riéndose,2083
sacarnos,2083
urbanas,2083
arder,2082
cautela,2082
familiarizado,2082
felicity,2082
acercar,2081
anguita,2081
atravesado,2081
autónomo,2081
bailan,2081
brasileña,2081
leroy,2081
pasarle,2081
aristóteles,2080
huecos,2080
illinois,2080
militante,2080
arce,2079
costera,2079
excesos,2079
mamíferos,2079
medellín,2079
restante,2079
admítelo,2078
atrevió,2078
mecánicos,2078
asustarme,2077
bastaba,2077
complacer,2077
confesado,2077
ire,2077
master,2077
operadores,2077
temática,2077
bromea,2076
capitanes,2076
colaborador,2076
compara,2076
ocurrieron,2076
yi,2076
búfalo,2075
cajones,2075
extenso,2075
historiadores,2075
perfiles,2075
platón,2075
prestarme,2075
situados,2075
area,2074
convencerlo,2074
expresan,2074
luchadores,2074
mediación,2074
ruega,2074
utilizadas,2074
darío,2073
limitación,2073
terceros,2073
abraza,2072
deseable,2072
entenderías,2072
farol,2072
sustituido,2072
trapos,2072
hamlet,2071
pensáis,2071
seducir,2071
sombrío,2071
alicante,2070
cagado,2070
celebran,2070
democráticas,2070
enseñas,2070
gibraltar,2070
glucosa,2070
salvarle,2070
adicta,2069
aprenda,2069
barroco,2069
cantas,2069
cds,2069
creímos,2069
edmundo,2069
etc.,2069
gradualmente,2069
horca,2069
recibos,2069
tramposo,2069
want,2069
compartida,2068
hirió,2068
irritante,2068
protegernos,2068
dinosaurio,2067
ezra,2067
ligar,2067
traducir,2067
buscarlos,2066
cantina,2066
cosechas,2066
perderla,2066
abstracto,2065
labial,2065
prólogo,2065
determinante,2064
devolución,2064
enteraste,2064
interrogatorios,2064
arafat,2063
estimación,2063
guadalupe,2063
iríamos,2063
kentucky,2063
saul,2063
aura,2062
costaba,2062
entrenadores,2062
protectora,2062
semejanza,2062
vengar,2062
aa,2061
descansen,2061
domésticos,2061
grabada,2061
morton,2061
peregrinos,2061
pidiera,2061
preste,2061
techos,2061
vendieron,2061
violentas,2061
rendición,2060
veías,2060
volador,2060
fiable,2059
traería,2059
cogieron,2058
geoffrey,2058
stein,2058
amplias,2057
combatientes,2057
electrones,2057
importado,2057
insolente,2057
quitando,2057
redactor,2057
abrázame,2056
films,2056
guiar,2056
ingrediente,2056
puntería,2056
carnicería,2055
congelada,2055
enviarme,2055
sangrar,2055
sistemática,2055
bajaba,2054
comieron,2054
encendedor,2054
especializados,2054
mágicas,2054
señalaron,2054
sordos,2054
dalton,2053
deciros,2053
dude,2053
gratuito,2053
marfil,2053
prince,2053
separarse,2053
someterse,2053
apestas,2052
consigamos,2052
creerías,2052
fracasos,2052
mentirosos,2052
prefirió,2052
rampa,2052
simmons,2052
vitalidad,2052
canceló,2051
francine,2051
rindas,2051
sugieres,2051
boo,2050
bridge,2050
evasión,2050
filósofos,2050
guapos,2050
mejoría,2049
mutación,2049
ojala,2049
terco,2049
terminaría,2049
afectando,2048
deportista,2048
ling,2048
alcaide,2047
lentos,2047
lucen,2047
tiranía,2047
tiraron,2047
vaga,2047
carné,2046
cass,2046
congelados,2046
desenlace,2046
filial,2046
madonna,2046
mantendremos,2046
sabores,2046
alférez,2045
corruptos,2045
intermediario,2045
porcentajes,2045
salvarnos,2045
ósea,2045
aléjese,2043
bailas,2043
disimular,2043
evidentes,2043
oyentes,2043
alcoholismo,2042
analizado,2042
arrestada,2042
ecológico,2042
llenando,2042
oppa,2042
conduzca,2041
deducir,2041
entregaron,2041
ofrecemos,2041
rima,2041
traductor,2041
dinámico,2040
dividida,2040
emilia,2040
faraón,2040
juárez,2040
organizados,2040
quebrado,2040
atletismo,2039
dominó,2039
lograba,2039
carril,2038
entretanto,2038
karate,2038
potasio,2038
alimentaria,2037
existan,2037
vivirás,2037
conocíamos,2036
conseguirme,2036
contratista,2036
costoso,2036
ingrid,2036
levantan,2036
mon,2036
rodeos,2036
senadora,2036
tengáis,2036
avanzados,2035
jedi,2034
sicilia,2034
aprovechamiento,2033
chiapas,2033
femeninos,2033
vernon,2033
callen,2032
combustibles,2032
gloriosa,2032
hablaría,2032
burlas,2031
haciéndole,2031
máximos,2031
nah,2031
oírla,2031
apoyando,2030
desarmado,2030
disolución,2030
enfriar,2030
recesión,2030
educar,2029
impedido,2029
impiden,2029
román,2029
condenar,2028
elenco,2028
previstas,2028
arriesgarse,2027
bautista,2027
celebramos,2027
currículum,2027
inclina,2027
inundaciones,2027
marinas,2027
matarás,2027
pijamas,2027
proxima,2027
decepcionada,2026
eligen,2026
reestructuración,2026
votado,2026
acudieron,2025
allan,2025
humphrey,2025
lenin,2025
previstos,2025
candy,2024
casará,2024
chanel,2024
espectaculares,2024
martí,2024
uña,2024
acabados,2023
caíste,2023
enamorarse,2023
forastero,2023
incorporado,2023
lino,2023
rompo,2023
sorbo,2023
buscará,2022
espesa,2022
históricamente,2022
dominación,2021
erótico,2021
goza,2021
larguémonos,2021
tened,2021
acostar,2020
barça,2020
buscador,2020
cucarachas,2020
diploma,2020
fertilidad,2020
presiento,2020
concejo,2019
dirigiéndose,2019
enanos,2019
explicaba,2019
idénticos,2019
ming,2019
teatros,2019
vayámonos,2019
voyager,2019
bartolomé,2018
regresaba,2018
violentamente,2018
cayo,2017
parecidas,2017
silueta,2017
casillero,2016
delantal,2016
dewey,2016
formularios,2016
globalización,2016
inmobiliario,2016
intervienen,2016
plantación,2016
apéndice,2015
disciplinas,2015
rentas,2015
vómitos,2015
encargaremos,2014
ganarle,2014
nombró,2014
asistido,2013
indirecta,2013
mencionada,2013
permitirnos,2013
vertebral,2013
acercarte,2012
obtienes,2012
perdonaré,2012
recogí,2012
ascendente,2011
fascistas,2011
focos,2011
gladys,2011
implantes,2011
pego,2011
peruana,2011
plural,2011
sanitarias,2011
shelley,2011
submarinos,2011
subvenciones,2011
actrices,2010
chispas,2010
combinado,2010
gustarle,2010
mumbai,2010
márgenes,2010
colisión,2009
directas,2009
pecadores,2009
stacey,2009
combinar,2008
comparto,2008
nuera,2008
oswald,2008
publicados,2008
sueltas,2008
abrid,2007
contactado,2007
prolongado,2007
acampar,2006
cenicienta,2006
confidencialidad,2006
donar,2006
inquilinos,2006
inundación,2006
negociando,2006
repitiendo,2006
sucursal,2006
warp,2006
aplastado,2005
componer,2005
ocular,2005
publico,2005
rígido,2005
silbato,2005
sugar,2005
tirano,2005
united,2005
valiosos,2005
caídas,2004
entrenados,2004
granjas,2004
incorrecta,2004
obsesionada,2004
susceptible,2004
confiamos,2003
estante,2003
ofendas,2003
woods,2003
almendras,2002
crecieron,2002
disminuido,2002
extraordinariamente,2002
hongo,2002
iniciada,2002
asustarte,2001
finos,2001
paralelamente,2001
afecte,2000
aprenderás,2000
bajaré,2000
planeamos,2000
animar,1999
esconderme,1999
prometedor,1999
ruidoso,1999
suelten,1999
candidata,1998
contemporáneos,1998
dense,1998
expuso,1998
fascismo,1998
hala,1998
isabella,1998
levantas,1998
mandando,1998
tires,1998
casaron,1997
escapan,1997
habeis,1997
molestaba,1997
picos,1997
proponen,1997
recogeré,1997
sureste,1997
consultado,1996
contenedores,1996
kev,1996
recomendable,1996
sobresaliente,1996
conduces,1994
magnus,1994
medico,1994
recaudar,1994
veréis,1994
alumna,1993
contara,1993
estacionado,1993
mississippi,1993
presunta,1993
recoja,1993
transferir,1993
busques,1992
gracie,1992
juró,1992
poción,1992
preliminares,1992
probemos,1992
pupilas,1992
trabajen,1992
corras,1991
filetes,1991
haciéndome,1991
mao,1991
ataquen,1990
comestibles,1990
faltado,1990
inmobiliaria,1990
merlín,1990
néstor,1990
perverso,1990
pistolero,1990
dígamelo,1989
guinea,1989
psc,1989
pulpo,1989
sustento,1989
boys,1988
casta,1988
chistoso,1988
cocinado,1988
cofre,1988
crías,1988
equivocación,1988
ollie,1988
aceleración,1987
compartirlo,1987
darryl,1987
gallagher,1987
indiscutible,1987
oklahoma,1987
paran,1987
refrescos,1987
sung,1987
diecinueve,1986
miraré,1986
alejó,1985
elegimos,1985
huerta,1985
reservar,1985
bull,1984
casualmente,1984
combinaciones,1984
golpee,1984
hardy,1984
juré,1984
rastreando,1984
sacramento,1984
sorteo,1984
contestador,1983
convenciones,1983
destructor,1983
express,1983
francesca,1983
lina,1983
lorca,1983
permanecía,1983
preocuparía,1983
stanford,1983
olvidarme,1982
panadería,1982
abanico,1981
cono,1981
guardé,1981
murdoch,1981
negarlo,1981
podrida,1981
poseído,1981
suicidas,1981
manejan,1980
posesiones,1980
previsible,1980
rafa,1980
relativos,1980
bendiciones,1979
escrúpulos,1979
esperará,1979
estándares,1979
cerco,1978
combina,1978
edna,1978
lucio,1978
picar,1978
alternativo,1977
encubierta,1977
inexplicable,1977
invernadero,1977
milady,1977
pilares,1977
troncos,1977
acumulado,1976
llano,1976
ordenada,1976
bronx,1975
caerse,1975
chivo,1975
kerry,1975
maricas,1975
team,1975
velasco,1975
adoptó,1974
afirmaba,1974
bebamos,1974
califica,1974
cuarteles,1974
frost,1974
invitaste,1974
mezquita,1974
nº,1974
olvidaron,1974
vigilantes,1974
expulsados,1973
implicaciones,1973
inquisición,1973
retroceso,1973
talentoso,1973
jugadas,1972
montreal,1972
planeaba,1972
protegen,1972
competitivo,1971
crié,1971
escondí,1971
regresara,1971
cumplidos,1970
mindy,1970
valenciana,1970
velocidades,1970
administrativos,1969
enviarlo,1969
joanna,1969
lloran,1969
probó,1969
entrenamientos,1968
fundado,1968
ajusta,1967
dolía,1967
negaron,1967
psicológicos,1967
convicto,1966
esposos,1966
gamma,1966
luthor,1966
presto,1966
recuperará,1966
sometida,1966
liberados,1965
sosa,1965
alérgica,1964
animados,1964
bach,1964
contienda,1964
estufa,1964
incluidas,1964
lente,1964
nico,1964
proyecciones,1964
sonado,1964
bailo,1963
caminó,1963
camp,1963
conseguiría,1963
intervalo,1963
patriota,1963
sacrificado,1963
subconsciente,1963
apartar,1962
bea,1962
capataz,1962
cartagena,1962
casan,1962
dire,1962
imposición,1962
lamentar,1962
logrará,1962
mitología,1962
ratito,1962
verbo,1962
convertirlo,1961
mueble,1961
represalias,1961
avisos,1960
convence,1960
hablarles,1960
morrison,1960
muestro,1960
construimos,1959
creek,1959
oo,1959
repercusión,1959
cereza,1958
neumonía,1958
take,1958
bárbaros,1957
chequeo,1957
feminista,1957
lavadora,1957
terapéutica,1957
trey,1957
vota,1957
administrativas,1956
angustias,1956
caracoles,1956
consolidar,1956
costilla,1956
hawai,1956
sobrevivirá,1956
estara,1955
estudiaba,1955
molestos,1955
caviar,1954
corporales,1954
empeorando,1954
huelgas,1954
lentitud,1954
linaje,1954
sirves,1954
adversarios,1953
alcohólicos,1953
américas,1953
aspiración,1953
brusco,1953
cho,1953
hundir,1953
interpol,1953
separaron,1953
vejiga,1953
autorizada,1952
contenida,1952
controversia,1952
cortadas,1952
crecía,1952
expliqué,1952
osito,1952
represento,1952
usará,1952
proyecta,1951
raciones,1951
respondes,1951
atropellado,1950
disgustado,1950
egoísmo,1950
impaciencia,1950
prosa,1950
samurai,1950
semáforo,1950
sonreía,1950
trofeos,1950
excepcionales,1949
objetividad,1949
repetidas,1949
repleto,1949
acuden,1948
manifiestan,1948
representada,1948
seleccionados,1948
deseen,1947
estropear,1947
finlandia,1947
terminarlo,1947
duchas,1946
duende,1946
esperándome,1946
johan,1946
melinda,1946
seguiste,1946
transbordador,1946
anualmente,1945
causada,1945
escuchará,1945
inyecciones,1945
chin,1944
impresionantes,1944
inflamación,1944
sobria,1944
antropología,1943
entraremos,1943
totales,1943
australiano,1942
cava,1942
golpearme,1942
lograremos,1942
porciones,1942
viii,1942
afiliados,1941
azufre,1941
baratas,1941
colocan,1941
gastando,1941
julius,1941
propietaria,1941
compositores,1940
concertación,1940
desequilibrio,1940
leen,1940
librado,1940
manifestaron,1940
porsche,1940
asfixia,1939
cisne,1939
desmayado,1939
flanco,1939
muñecos,1939
tendió,1939
aprisa,1938
calificar,1938
cárdenas,1938
drenaje,1938
hi,1938
pronunciado,1938
secuestros,1938
urgentes,1938
aidan,1937
duérmete,1937
malik,1937
máximas,1937
strike,1937
apto,1936
cercanías,1936
sentaos,1936
setas,1936
viviremos,1936
coged,1935
contesté,1935
diferencial,1935
elementales,1935
harley,1935
impreso,1935
rahul,1935
lágrima,1934
motivado,1934
quentin,1934
receso,1934
aliviado,1933
dinozzo,1933
escotilla,1933
modus,1933
villanos,1933
willis,1933
aposentos,1932
ignorando,1932
maestría,1932
alzheimer,1931
bs,1931
complot,1931
continentes,1931
destruirá,1931
irían,1931
portado,1931
preferirías,1931
proceda,1931
átomo,1931
atrajo,1930
folletos,1930
janeiro,1930
ofrenda,1930
ribera,1930
theresa,1930
ibamos,1929
mccoy,1929
peli,1929
resume,1929
señalaba,1929
caminamos,1928
resta,1928
sirvieron,1928
zoey,1928
concebido,1927
escaños,1927
producidos,1927
alain,1926
atlantic,1926
invasores,1926
olvidará,1926
pitido,1926
pony,1926
sublime,1926
asesoramiento,1925
roles,1925
cubos,1924
fascinación,1924
asaltos,1923
mutantes,1923
providencia,1923
satisfactorio,1923
abatido,1922
bye,1922
cuadrante,1922
discretamente,1922
hiciéramos,1922
maine,1922
sergei,1922
anexo,1921
bryce,1921
cargados,1921
cuidará,1921
desconocidas,1921
primarias,1921
trineo,1921
yard,1921
asustas,1920
chocolates,1920
clínicos,1920
leonor,1920
sarcasmo,1920
teóricamente,1920
volvían,1920
contestas,1919
firmaron,1919
lunas,1919
montó,1919
petrolera,1919
polacos,1919
yogur,1919
entenderse,1918
estéis,1918
france,1918
inicios,1918
positivamente,1918
verificación,1918
vidrios,1918
cenando,1917
uh-huh,1917
vicario,1917
continuemos,1916
inseguro,1916
prieto,1916
rebaja,1916
retirarme,1916
salvarse,1916
capucha,1915
carnada,1915
gigantesca,1915
recibirás,1915
refiriéndose,1915
abdominales,1914
bree,1914
tristemente,1914
bennet,1913
buscabas,1913
comités,1913
consideradas,1913
convencí,1913
jeanne,1913
mercenarios,1913
ultimamente,1913
agradas,1912
dispuestas,1912
equivocan,1912
gobernadores,1912
hillary,1912
informados,1912
klein,1912
paradigma,1912
pasarás,1912
promotor,1912
póngame,1912
alcanzo,1911
betsy,1911
confortable,1911
despiadado,1911
eliminados,1911
hip,1911
orgánicos,1911
pauline,1911
prolongada,1911
querella,1911
rod,1911
torturado,1911
aceitunas,1910
aseguraba,1910
broche,1910
humildes,1910
marcando,1910
retención,1910
vasto,1910
aprieto,1909
butch,1909
corregido,1909
juzgando,1909
neumático,1909
presentadas,1909
salte,1909
acostumbra,1908
comparecencia,1908
escondía,1908
gritas,1908
levántese,1908
pintada,1908
thesubfactory,1908
acompañaba,1907
acompañados,1907
funcionara,1907
ganadería,1907
huyeron,1907
patterson,1907
scarlett,1907
subdirector,1907
suburbios,1907
lanzador,1906
prestada,1906
adorno,1905
anticuerpos,1905
cumplo,1905
detonador,1905
ganaré,1905
higgins,1905
próximamente,1905
springs,1905
sucesivos,1905
abastecimiento,1904
ansiosos,1904
camacho,1904
cogen,1904
destruyeron,1904
formular,1904
gonna,1904
heroico,1904
madeline,1904
opinar,1904
abandonando,1903
aro,1903
atacados,1903
ayudaremos,1903
propinas,1903
colada,1902
identificados,1902
admirar,1901
galileo,1901
hawkins,1901
llevaran,1901
thatcher,1901
latinoamericana,1900
ministerios,1900
newman,1900
paralela,1900
parche,1900
twitter,1900
volverías,1900
abandoné,1899
recordatorio,1899
vistiendo,1899
amenazar,1898
asfalto,1898
grité,1898
horrores,1898
malone,1898
mesías,1898
pañuelos,1898
anulación,1897
apoyada,1897
moros,1897
patrocinio,1897
prójimo,1897
basándose,1896
cartuchos,1896
créanme,1896
cuidarse,1896
infiltrado,1896
rastreador,1896
viral,1896
daros,1895
llamamiento,1895
pegarme,1895
bandos,1894
bufón,1894
mantuve,1894
puerco,1894
vacunas,1894
comunitarios,1893
ada,1892
apártense,1892
arrojado,1892
arruina,1892
formaban,1892
jurados,1892
regalar,1892
arrepentirás,1891
comprobó,1891
insólito,1891
katrina,1891
llenan,1891
mérida,1891
póker,1891
serbia,1891
tostada,1891
yegua,1891
ancestral,1890
atadas,1890
atreven,1890
efectuado,1890
hepatitis,1890
jode,1890
necesitemos,1890
remonta,1890
tremendamente,1890
xiv,1890
rush,1889
averigüe,1888
disparas,1888
facciones,1888
iras,1888
isidro,1888
puja,1888
ramiro,1888
chavales,1887
cierres,1887
distritos,1887
memorable,1887
penitencia,1887
seguirlo,1887
cometen,1886
estimulación,1886
obtenga,1886
prever,1886
seducción,1886
tómese,1886
comerme,1885
correctos,1885
jarabe,1885
quemaron,1885
robamos,1885
acompañarnos,1884
colby,1884
bikini,1883
comprobación,1883
herederos,1883
liberada,1883
plantel,1883
proceden,1883
solitarios,1883
stanton,1883
actúe,1882
amistosa,1882
entrevistado,1882
mitin,1882
palestino,1882
paneles,1882
prodigio,1882
r.,1882
amó,1881
observamos,1881
altavoz,1880
caitlin,1880
comienzas,1880
privilegiada,1880
relajarme,1880
remordimientos,1880
ábrela,1880
acosta,1879
arterias,1879
atributos,1879
conversando,1879
detallado,1879
institucionales,1879
mejoramiento,1879
practicado,1879
suplente,1879
ahogando,1878
bunny,1878
heredado,1878
iraquí,1878
jurídicas,1878
ombligo,1878
servilleta,1878
definen,1877
prepararte,1877
romperé,1877
strauss,1877
troya,1877
tórax,1877
connecticut,1876
devoto,1876
gozo,1876
hágame,1876
ingles,1876
kgb,1876
mandas,1876
mercosur,1876
recreación,1876
extraordinarios,1875
jeans,1875
reivindicaciones,1875
sobornos,1875
apuntado,1874
entregará,1874
addison,1873
apartados,1873
debra,1873
hazaña,1873
mixta,1873
otorgado,1873
sentían,1873
sorprendentes,1873
transferencias,1873
beneficia,1872
enfadar,1872
extorsión,1872
informada,1872
pizzas,1872
relativas,1872
reuniremos,1872
construyen,1871
cumplan,1871
preguntándome,1871
prácticos,1871
pulgas,1871
óxido,1871
arrancado,1870
imaginarlo,1870
montada,1870
asuste,1869
burlando,1869
improvisar,1869
indirectamente,1869
klingon,1869
limpie,1869
manténgase,1869
traga,1869
ubicar,1869
anticuado,1868
cortejo,1868
estiércol,1868
expresarse,1868
llamemos,1868
moribundo,1868
ración,1868
repetido,1868
retorcido,1868
bacalao,1867
michele,1867
more,1867
acerquen,1866
agotamiento,1866
detenemos,1866
resultaría,1866
sanz,1866
solucionado,1866
tomados,1866
viviera,1866
convulsiones,1865
empujado,1865
pronuncia,1865
razonar,1865
rompes,1865
aseguraron,1864
cargador,1864
cotización,1864
deficiencia,1864
explicas,1864
restaurant,1864
significados,1864
denso,1863
dispersión,1863
incumbe,1863
lyle,1863
codos,1862
despiertas,1862
fiera,1862
golden,1862
problemático,1862
recepcionista,1862
telefónicos,1862
bocina,1861
encantos,1861
estético,1861
maura,1861
ocuparemos,1861
bajada,1860
engañas,1860
entrevistar,1860
incrementa,1860
aldo,1859
blaine,1859
cantera,1859
cubría,1859
entendieron,1859
informático,1859
mejore,1859
peniques,1859
señorito,1859
cambiarse,1858
diferenciar,1858
elite,1858
leves,1858
quirúrgica,1858
rangers,1858
pegué,1857
relajación,1857
logrando,1856
plásticos,1856
pregunten,1856
inquietudes,1855
nazca,1855
enfado,1854
flint,1854
míreme,1854
utilizaron,1854
gore,1853
impostor,1853
lagarto,1853
modas,1853
patronal,1853
sinclair,1853
aras,1852
cataratas,1852
crianza,1852
dog,1852
envejecer,1852
figueroa,1852
maradona,1852
barbaridad,1851
borra,1851
disparate,1851
espinosa,1851
fueses,1851
ganaría,1851
lamentamos,1851
sawyer,1851
arbusto,1850
gerencia,1850
sembrar,1850
sexos,1850
abandonaste,1849
atendido,1849
criticó,1849
cínico,1849
pararlo,1849
acaben,1848
amenazada,1848
estirar,1848
haria,1848
ligada,1848
forzados,1847
momia,1847
bajito,1846
emitió,1846
feos,1846
mudarnos,1846
paré,1846
riguroso,1846
arquero,1845
florentino,1845
marcados,1845
recordamos,1845
indicaron,1844
perteneciente,1844
rompimos,1844
singapur,1844
anticipo,1843
cobró,1843
cuadernos,1843
derrotó,1843
fantásticos,1843
plus,1843
tecnológicos,1843
cadillac,1842
mostré,1842
planeó,1842
aumentos,1841
besaste,1841
extravagante,1841
jubilados,1841
vance,1841
adorables,1840
funerales,1840
garden,1840
k.,1840
paramédicos,1840
ace,1839
cano,1839
estofado,1839
mudarte,1839
palco,1839
ptas,1839
celta,1838
futbolistas,1838
recordad,1838
salada,1838
trataría,1838
uf,1838
valentine,1838
aldeas,1837
anonimato,1837
coyuntura,1837
dialéctica,1837
inmoral,1837
izquierdas,1837
precoz,1837
distribuir,1836
divertimos,1836
encontre,1836
golpeo,1836
jacuzzi,1836
matarse,1836
pratt,1836
gustaron,1835
igor,1835
interrumpe,1835
mandaste,1835
matías,1835
men,1835
pobladores,1835
gretchen,1834
renal,1834
trabajaste,1834
civilizado,1833
compone,1833
limosna,1833
plátanos,1833
provinciales,1833
suspiros,1833
carroza,1832
chet,1832
citación,1832
investigadora,1832
pradera,1832
ametralladora,1831
ceguera,1831
conservan,1831
empapado,1831
pasarela,1831
pegue,1831
perezoso,1831
resuelva,1831
sueltes,1831
trataremos,1831
agresiones,1830
apropiadamente,1830
astucia,1830
concretar,1830
consigna,1830
minero,1830
nova,1830
vaciar,1830
yates,1830
ágil,1830
bong,1829
de-,1829
elogios,1829
inspectora,1829
plegarias,1829
renee,1829
torso,1829
union,1829
acercarnos,1828
ansias,1828
colgada,1828
conseguirle,1828
mamás,1828
millonarios,1828
decepcionante,1827
documentales,1827
franqueza,1827
interviene,1827
maestras,1827
mc,1827
morirme,1827
peludo,1827
querrían,1827
revoluciones,1827
superficiales,1827
asegurada,1826
cordura,1826
coreano,1826
razonables,1826
sentiré,1826
casaría,1825
decíamos,1825
factible,1825
jamas,1825
paulie,1825
peones,1825
tamaños,1825
convocó,1824
dañada,1824
envejecimiento,1824
ingresado,1824
solicitando,1824
vistes,1824
alabama,1823
encontradas,1823
espontáneo,1823
sherry,1823
amaré,1822
descubriendo,1822
despensa,1822
obtuviste,1822
sufra,1822
abortar,1821
bailarinas,1821
coordinadora,1821
cruzadas,1821
fallecimiento,1821
fugitivos,1821
guerrillero,1821
gótica,1821
meternos,1821
postres,1821
buster,1820
incondicional,1820
instantánea,1820
remo,1820
súbditos,1820
abusar,1819
camisón,1819
contracción,1819
creyentes,1819
desgracias,1819
echaste,1819
enfermero,1819
recomendado,1819
ganarte,1818
intervalos,1818
manuales,1818
molécula,1818
pagaremos,1818
recojo,1818
terminaremos,1818
alejandra,1817
beneficencia,1817
convirtiéndose,1817
cruzamos,1817
obtendrá,1817
retomar,1817
romperse,1817
significativamente,1817
suplemento,1817
talón,1817
urbanismo,1817
agarrado,1816
cumplirá,1816
escogí,1816
firmé,1816
florrick,1816
insinuando,1816
masters,1816
merecemos,1816
anécdotas,1815
basadas,1815
gitana,1815
intolerable,1815
nocturnas,1815
auxilios,1814
cátedra,1814
dejalo,1814
desviar,1814
eclipse,1814
enviarán,1814
gong,1814
pasarla,1814
renault,1814
richards,1814
sarajevo,1814
cassidy,1813
comprometió,1813
edie,1813
gobierna,1813
grabadora,1813
lars,1813
leopoldo,1813
presuntamente,1813
chiquita,1812
convencerla,1812
disfruté,1812
floja,1812
guionista,1812
preferentemente,1812
exactas,1811
juliet,1811
microsoft,1811
victimas,1811
casarás,1810
clubs,1810
desapareciendo,1810
josie,1810
lucho,1810
obreras,1810
silas,1810
sujetador,1810
wood,1810
elogio,1809
hubiésemos,1809
rotura,1809
suspendida,1809
anticipación,1808
castigados,1808
sandinista,1808
sunny,1808
unieron,1808
vélez,1808
bianca,1807
capturados,1807
concentra,1807
piojos,1807
pirámides,1807
tercios,1807
bajes,1806
daily,1806
dwayne,1806
exigía,1806
jude,1806
júbilo,1806
ocultado,1806
reportar,1806
tragó,1806
apagón,1805
jarrón,1805
optar,1805
arruines,1804
bloom,1804
cantado,1804
colocada,1804
empezara,1804
entregué,1804
recuérdame,1804
subtitulado,1804
tranquilas,1804
aprovechado,1803
comprensivo,1803
incluía,1803
insisten,1803
mareo,1803
benton,1802
chelines,1802
guisantes,1802
massachusetts,1802
pastores,1802
recuperarla,1802
refugiado,1802
congregación,1801
fracasó,1801
gin,1801
gérmenes,1801
knox,1801
pancho,1801
sencillez,1801
serial,1801
suroeste,1801
anteayer,1800
estambul,1800
variados,1800
yemas,1800
yeo,1800
franquismo,1799
moya,1799
míralos,1799
ofrecerá,1799
perdonas,1799
sucedería,1799
suprimir,1799
tasha,1799
almohadas,1798
cesid,1798
hipertensión,1798
menoyos,1798
quicio,1798
sentencias,1798
traducidos,1798
acuario,1797
celebridades,1797
constructor,1797
embarcación,1797
escalofriante,1797
hamburgo,1797
lavando,1797
maravillosamente,1797
párroco,1797
interminables,1796
pce,1796
prestando,1796
sugerido,1796
temible,1796
tragado,1796
estudian,1795
manifestar,1795
profesorado,1795
soberbia,1795
atacante,1794
atrapen,1794
bacteria,1794
danés,1794
frena,1794
hum,1794
tocará,1794
traeremos,1794
costaría,1793
entregarle,1793
retaguardia,1793
utilizaba,1793
aigoo,1792
delfín,1792
vibración,1792
coleccionista,1791
comerte,1791
considerarlo,1791
contemplando,1791
deliciosos,1791
heterosexual,1791
scout,1791
urgentemente,1791
camine,1790
extremas,1790
hidalgo,1790
pacheco,1790
pietro,1790
about,1789
apasionada,1789
buscaron,1789
caminan,1789
descendiente,1789
líbano,1789
pagados,1789
progresivo,1789
umm,1789
apreciación,1788
cedió,1788
ciclista,1788
cubrió,1788
discute,1788
imaginarse,1788
impunidad,1788
místico,1788
oasis,1788
táctico,1788
activamente,1787
bribón,1787
carmela,1787
conocerá,1787
despiertos,1787
haven,1787
hoffman,1787
primitivos,1787
apostado,1786
cleo,1786
defenderme,1786
demostrando,1786
incierto,1786
miraste,1786
nacho,1786
port,1786
prestación,1786
callados,1785
desafiar,1785
desierta,1785
fracasar,1785
vinieran,1785
alí,1784
caluroso,1784
embarque,1784
mayonesa,1784
pittsburgh,1784
presionado,1784
avisarle,1783
emocionados,1783
intentaban,1783
membrana,1783
predominio,1783
venderla,1783
yolanda,1783
campeona,1782
merecer,1782
muéstrale,1782
porte,1782
quitaste,1782
canguro,1781
cerda,1781
contestes,1781
cordial,1781
moderación,1781
notaba,1781
presten,1781
colocando,1780
determinó,1780
niza,1780
prematuro,1780
probaré,1780
valenciano,1780
autonómicas,1779
ayudame,1779
bender,1779
gestapo,1779
infantes,1779
jurídicos,1779
metálica,1779
muchedumbre,1779
plantean,1779
quesos,1779
rebeldía,1779
describen,1778
estrechamente,1778
ethel,1778
odiado,1778
tirarlo,1778
usarlos,1778
animada,1777
cavando,1777
clemencia,1777
contribuciones,1777
ensayando,1777
iniciando,1777
invitas,1777
aplicando,1776
bronceado,1776
depresivo,1776
diseñó,1776
diviértanse,1776
prescripción,1776
probamos,1776
regímenes,1776
sauna,1776
usadas,1776
variante,1776
flote,1775
prometieron,1775
pórtate,1775
resaltar,1775
revolver,1775
santana,1775
balística,1774
contrata,1774
estática,1774
gandhi,1774
gatita,1774
intensos,1774
inventor,1774
librar,1774
major,1774
memorial,1774
sencillos,1774
colecciones,1773
encargar,1773
hágase,1773
jaleo,1773
phyllis,1773
cinematográfico,1772
especialidades,1772
explicando,1772
inmersión,1772
mordida,1772
vocero,1772
zurdo,1772
anímate,1771
apellidos,1771
atraen,1771
compruebe,1771
dolido,1771
golpean,1771
ignoro,1771
matadero,1771
penes,1771
people,1771
abertura,1770
carcel,1770
permitas,1770
weber,1770
entregaré,1769
pésima,1769
robarme,1769
anarquía,1768
eludir,1768
enviarte,1768
ip,1768
lleváis,1768
resultante,1768
situar,1768
acercado,1767
bolsos,1767
despertarme,1767
despertarte,1767
exigió,1767
international,1767
mcdonald,1767
observatorio,1767
obtenida,1767
pecador,1767
carcajadas,1766
guevara,1766
guido,1766
tratada,1766
gaza,1765
manuela,1765
vudú,1765
aconseja,1764
borrachera,1764
contármelo,1764
hopkins,1764
morí,1764
pi,1764
representados,1764
someter,1764
súbitamente,1764
vagamente,1764
cacao,1763
embajadores,1763
impresiona,1763
laurent,1763
mei,1763
neuronas,1763
producirá,1763
reportó,1763
valora,1763
blanda,1762
ecológica,1762
karan,1762
ladera,1762
negaba,1762
utah,1762
well,1762
autonómico,1761
exhausto,1761
infante,1761
intrusos,1761
iron,1761
lagunas,1761
zen,1761
ahmed,1760
asiste,1760
brutalidad,1760
estacionar,1760
imagínese,1760
irreal,1760
marjorie,1760
alcanzando,1759
drive,1759
insistes,1759
acogedor,1758
caracol,1758
cardíaca,1758
confirmada,1758
dejare,1758
inclinado,1758
interesó,1758
jeannie,1758
permitirán,1758
priya,1758
acosador,1757
defienden,1757
desarrollarse,1757
ing,1757
parabrisas,1757
periodos,1757
súbita,1757
despejada,1756
indefenso,1756
juerga,1756
liberó,1756
mutante,1756
quisimos,1756
contrataron,1755
cuervos,1755
patrona,1755
quitamos,1755
romanticismo,1755
tapas,1755
brotes,1754
brutalmente,1754
ganarás,1754
jed,1754
muérete,1754
soleado,1754
accesible,1753
bisturí,1753
condenas,1753
dieras,1753
edmund,1753
facilidades,1753
formulación,1753
scotland,1753
cuidaba,1752
drácula,1752
escultor,1752
fértil,1752
pinche,1752
aparecían,1751
contaban,1751
correlación,1751
envuelve,1751
manejaba,1751
tocarte,1751
torcido,1751
cavidad,1750
cuántica,1750
finalistas,1750
hijita,1750
incomprensible,1750
meterlo,1750
operado,1750
pelearon,1750
segundas,1750
absorber,1749
eddy,1749
haberles,1749
jacqueline,1749
kant,1749
minorías,1749
saturación,1749
trincheras,1749
vestimenta,1749
viudas,1749
yanqui,1749
aburre,1748
farmacéutica,1748
genéticamente,1748
gestación,1748
intentara,1748
marrones,1748
ora,1748
portón,1748
pose,1748
veintidós,1748
arruinada,1747
hormigón,1747
intestinos,1747
pañal,1747
rubias,1747
webster,1747
acompañantes,1746
caminas,1746
institutos,1746
martirio,1746
demandante,1745
entrad,1745
grady,1745
incumplimiento,1745
llanura,1745
mckay,1745
monton,1745
power,1745
cuenten,1744
cuénteme,1744
dionisio,1744
ferrer,1744
lujoso,1744
peleó,1744
guiones,1743
cochabamba,1742
coordinar,1742
faith,1742
apaguen,1741
camara,1741
merezca,1741
alce,1740
cercanía,1740
eileen,1740
murciélagos,1740
obsequio,1740
penélope,1740
preciado,1740
rioja,1740
utilizamos,1740
vagando,1740
amenazan,1739
cariñosa,1739
heil,1739
jensen,1739
porro,1739
satisface,1739
vello,1739
zelanda,1739
acompañará,1738
acordes,1738
arresten,1738
lope,1738
quedaos,1738
acordé,1737
alarmante,1737
exagerada,1737
ferguson,1737
impredecible,1737
obteniendo,1737
teneis,1737
contribuyó,1736
dedicaba,1736
empeñado,1736
necesitó,1736
requerido,1736
camerino,1735
intervenido,1735
proveer,1735
acerco,1734
caricias,1734
convertía,1734
escribieron,1734
hechicero,1734
lindsey,1734
microscopio,1734
consigan,1733
especialización,1733
marítimo,1733
pactos,1733
quedemos,1733
altera,1732
avanzadas,1732
envenenamiento,1732
importo,1732
semental,1732
admiten,1731
convertida,1731
estresante,1731
richmond,1731
salado,1731
skinner,1731
ayala,1730
cambiara,1730
determinan,1730
emisor,1730
globales,1730
necesitarán,1730
sedante,1730
yankees,1730
acuestas,1729
dictado,1729
llamarlos,1729
sentaré,1729
vitoria,1729
avalancha,1728
best,1728
cuéntale,1728
giles,1728
marley,1728
pedos,1728
prestan,1728
seáis,1728
besamos,1727
compromete,1727
registran,1727
ucrania,1727
acabaremos,1726
británicas,1726
carolyn,1726
distribuidor,1726
machado,1726
mir,1726
arriesgando,1725
cuéntamelo,1725
desigual,1725
entregarse,1725
memphis,1725
viktor,1725
acabarás,1724
astronomía,1724
clasificados,1724
demuestre,1724
pesimista,1724
reuniendo,1724
teología,1724
anunciaron,1723
apretón,1723
clásicas,1723
densa,1723
desempeñar,1723
lidiando,1723
plateado,1723
recibidos,1723
salvaron,1723
tropicales,1723
hablarás,1722
rompan,1722
sanar,1722
tocaste,1722
continuado,1721
fraile,1721
jubilado,1721
revisamos,1721
cierras,1720
meyer,1720
paño,1720
perkins,1720
said,1720
youtube,1720
abandonan,1719
aguardiente,1719
apostando,1719
baleares,1719
contactó,1719
enseñará,1719
eslabón,1719
genuino,1719
pasivo,1719
perdición,1719
salio,1719
sálvame,1719
estragos,1718
gaby,1718
operandi,1718
reconocidos,1718
servimos,1718
advertirle,1717
atados,1717
comprenda,1717
desgaste,1717
llamaras,1717
quítese,1717
rtve,1717
sorprendidos,1717
aconsejable,1716
autorizó,1716
diplomáticas,1716
dominicano,1716
gorbachov,1716
reconozca,1716
tomarás,1716
continuas,1715
dietas,1715
enzimas,1715
estare,1715
infraestructuras,1715
melón,1715
robadas,1715
simulacro,1715
sufro,1715
acreedores,1714
bancarios,1714
casilla,1714
conocerás,1714
fundido,1714
gi,1714
tumbado,1714
zanja,1714
avenue,1713
cumplía,1713
diligencias,1713
fogata,1713
impresionó,1713
lorraine,1713
marchan,1713
economista,1712
entiendan,1712
locke,1712
papito,1712
pioneros,1712
alpha,1711
armarios,1711
arre,1711
aulas,1711
cazuela,1711
end,1711
fusiles,1711
lanzan,1711
logras,1711
moderada,1711
arqueología,1710
cerraduras,1710
cobardía,1710
cometieron,1710
comprometer,1710
despide,1710
estupendamente,1710
l.,1710
moretones,1710
osvaldo,1710
pegas,1710
sardinas,1710
simbólica,1710
cardiaco,1709
consumido,1709
csi,1709
indicando,1709
jamal,1709
oficios,1709
repetidamente,1709
apurado,1708
consumen,1708
impactante,1708
mentirle,1708
nsa,1708
quintana,1708
radiografía,1708
óscar,1708
alejamiento,1707
ascensión,1707
cangrejos,1707
company,1707
destrozó,1707
variadas,1707
alzó,1706
aterrizó,1706
comunicarme,1706
ejes,1706
molesten,1706
nop,1706
organizador,1706
planean,1706
proveniente,1706
renuncié,1706
semanales,1706
venís,1706
autonómica,1705
blanche,1705
enfermas,1705
escarabajo,1705
inquilino,1705
jugaron,1705
ordóñez,1705
rusas,1705
acostumbrarse,1704
alcanzaba,1704
ensueño,1704
grite,1704
nerd,1704
reliquia,1704
trabajes,1704
abstracción,1703
fitzgerald,1703
mercantil,1703
pascal,1703
típicos,1703
bibliotecas,1702
nombra,1702
suponga,1702
alcaldesa,1701
asoma,1701
diestro,1701
experimenta,1701
gabi,1701
hegemonía,1701
necesitara,1701
regula,1701
sing,1701
sterling,1701
tostado,1701
uruguayo,1701
violando,1701
acérquense,1700
adulterio,1700
apasionante,1700
canadienses,1700
generalizado,1700
oponerse,1700
restablecer,1700
ultra,1700
antojo,1699
apelar,1699
barrett,1699
dolerá,1699
llantas,1699
molestarlo,1699
preparamos,1699
resoluciones,1699
rindió,1699
arrastre,1698
chiquillo,1698
contreras,1698
tormento,1698
aclarado,1697
articulaciones,1697
comimos,1697
dakota,1697
llevábamos,1697
luigi,1697
manchado,1697
mantengas,1697
margot,1697
orson,1697
paladar,1697
chirac,1696
corpus,1696
giras,1696
hacker,1696
musculares,1696
palermo,1696
prisas,1696
emplean,1695
hayáis,1695
modestia,1695
tacaño,1695
valdés,1695
willow,1695
detallada,1694
golpeada,1694
guardaré,1694
him,1694
interlocutor,1694
origina,1694
sacude,1694
seung,1694
superviviente,1694
volantes,1694
agrupaciones,1693
alguién,1693
aterrorizado,1693
baek,1693
bundy,1693
clienta,1693
espectros,1693
ignoraba,1693
objeciones,1693
comprenderlo,1692
deficiente,1692
dorsal,1692
dotación,1692
falsedad,1692
gustav,1692
improvisación,1692
incompetente,1692
perdonará,1692
recolección,1692
recompensas,1692
adivinen,1691
heredera,1691
hostiles,1691
levemente,1691
reconfortante,1691
sácala,1691
íntimamente,1691
campamentos,1690
chiquilla,1690
festejar,1690
mataremos,1690
prohibir,1690
sabotaje,1690
contribuyen,1689
divertir,1689
inspiró,1689
magníficos,1689
profesionalmente,1689
blas,1688
contesto,1688
gordas,1688
influye,1688
secar,1688
anfitriona,1687
clandestino,1687
cortarle,1687
edén,1687
marcy,1687
pidan,1687
ruedo,1687
salvamos,1687
deberemos,1686
filosófica,1686
maníaco,1686
notaste,1686
orgía,1686
cobrado,1685
construí,1685
depredadores,1685
eliot,1685
gradual,1685
impresora,1685
marchaos,1685
otorgar,1685
vísperas,1685
alcantarilla,1684
derivado,1684
despiertes,1684
evolucionado,1684
ignorantes,1684
mussolini,1684
penique,1684
apuñaló,1683
biológicas,1683
dependientes,1683
disfrutan,1683
ezequiel,1683
murmullo,1683
ocultó,1683
round,1683
titulada,1683
derribado,1682
hangar,1682
montoya,1682
uld,1682
educativas,1681
habérmelo,1681
lawson,1680
trudy,1680
vigentes,1680
confirmaron,1679
convivir,1679
examinado,1679
insultar,1679
lyon,1679
missy,1679
pararse,1679
reja,1679
secretamente,1679
separó,1679
variado,1679
ancla,1678
calavera,1678
contracciones,1678
moss,1678
superación,1678
apoyos,1677
credenciales,1677
creerle,1677
enemigas,1677
frialdad,1677
lama,1677
malta,1677
atascada,1676
beatrice,1676
bledo,1676
brillan,1676
decidan,1676
dirija,1676
fregadero,1676
gallegos,1676
habértelo,1676
insistía,1676
iowa,1676
menéndez,1676
mezclan,1676
residencial,1676
yeon,1676
averiguaremos,1675
hussein,1675
karaoke,1675
llamarás,1675
multinacional,1675
retenido,1675
tráela,1675
térmica,1675
apostaría,1674
apretó,1674
electorado,1674
llévenselo,1674
municipalidad,1674
aceites,1673
buceo,1673
caigan,1673
escupir,1673
extrañado,1673
tennessee,1673
tornillo,1673
bloquea,1672
concentrada,1672
pepino,1672
racionalidad,1672
salomón,1672
dominios,1671
libby,1671
oi,1671
ordenanza,1671
ritchie,1671
románticos,1671
apareces,1670
consígueme,1670
ding,1670
harbor,1670
ibm,1670
léelo,1670
quimioterapia,1670
vestirte,1670
viajo,1670
alien,1669
anotado,1669
apestan,1669
combustión,1669
escóndete,1669
informan,1669
irreversible,1669
subvención,1669
bourbon,1668
cuidadosos,1668
establecerse,1668
infracción,1668
leah,1668
literarios,1668
musa,1668
paddy,1668
teal,1668
caprichos,1667
horace,1667
marian,1667
mejoró,1667
recorriendo,1667
sáquenlo,1667
astuta,1666
cines,1666
cox,1666
enfrentando,1666
jaguar,1666
aparcado,1665
cazadora,1665
marroquí,1665
never,1665
patines,1665
pintadas,1665
sudeste,1665
votó,1665
audiciones,1664
conductos,1664
dadme,1664
implicación,1664
madurar,1664
ozzy,1664
pulgada,1664
anunciada,1663
derrotas,1663
entregarme,1663
honrada,1663
lucro,1663
luxemburgo,1663
veranos,1663
búnker,1662
fausto,1662
fuller,1662
golpeaba,1662
indonesia,1662
lillian,1662
mamada,1662
proliferación,1662
rige,1662
sainz,1662
sinfónica,1662
trabajaremos,1662
bones,1661
farsante,1661
forzó,1661
ganaderos,1661
padecen,1661
reclaman,1661
romperá,1661
soprano,1661
werner,1661
aportes,1660
avanzó,1660
creaciones,1660
cucaracha,1660
dev,1660
editoriales,1660
gastó,1660
humberto,1660
imparable,1660
niegas,1660
partimos,1660
smart,1660
torpedos,1660
apunten,1659
demostrarle,1659
pégame,1659
alvin,1658
compórtate,1658
constituyó,1658
cuarteto,1658
entregada,1658
fleming,1658
impactos,1658
manzano,1658
perjudicial,1658
secuestrados,1658
alimentado,1657
alimentarse,1657
boyle,1657
cruzaron,1657
mantenían,1657
mendigos,1657
nativo,1657
oponen,1657
oui,1657
proporcionan,1657
pésame,1657
quebró,1657
terremotos,1657
asiáticos,1656
atlas,1656
colleen,1656
cometiste,1656
gustarme,1656
metrópolis,1656
precipicio,1656
reclusos,1656
say,1656
soltado,1656
steele,1656
trivial,1656
congo,1655
guitarrista,1655
heno,1655
instalada,1655
migración,1655
rogelio,1655
elaborada,1654
erosión,1654
jai,1654
velar,1654
vigilia,1654
axl,1653
baronesa,1653
estaca,1653
peruanos,1653
robe,1653
truenos,1653
calzada,1652
falls,1652
intestinal,1652
lambert,1652
madrileños,1652
moralmente,1652
notificación,1652
optó,1652
perseguía,1652
cansa,1651
composiciones,1651
descartado,1651
farmacéutico,1651
garra,1651
imperativo,1651
masculinos,1651
petrolero,1651
respondan,1651
demas,1650
guerrera,1650
pegaba,1650
sagradas,1650
tramos,1650
vení,1650
atropelló,1649
drogadictos,1649
estresado,1649
fry,1649
imaginó,1649
manténganse,1649
montero,1649
remodelación,1649
sandoval,1649
vivientes,1649
borg,1648
cogemos,1648
desviación,1648
procesados,1648
apreciado,1647
declararon,1647
detenidamente,1647
escapaste,1647
formados,1647
molestarla,1647
pasea,1647
rondando,1647
siberia,1647
aislar,1646
arruine,1646
averiguó,1646
basan,1646
curro,1646
durado,1646
fabricado,1646
mildred,1646
preguntárselo,1646
reconocía,1646
abono,1645
aspiradora,1645
biopsia,1645
bitácora,1645
cassandra,1645
convertiré,1645
fúnebre,1645
impulsado,1645
perdonad,1645
prender,1645
bombay,1644
certificados,1644
concentraciones,1644
consejería,1644
evitó,1644
inventa,1644
levantaron,1644
terminales,1644
desconcierto,1643
enganchado,1643
esmoquin,1643
programar,1643
rosita,1643
stewie,1643
tiger,1643
ascendido,1642
burguesa,1642
donantes,1642
dudoso,1642
imbecil,1642
mulas,1642
ríndete,1642
western,1642
bistec,1641
carly,1641
cuelgue,1641
digestión,1641
dote,1641
estimada,1641
habitacion,1641
millares,1641
oprah,1641
succión,1641
apareciera,1640
arrestarlo,1640
bird,1640
cyril,1640
escandaloso,1640
especulaciones,1640
gasté,1640
patriotismo,1640
protegeré,1640
seréis,1640
sistemáticamente,1640
tallo,1640
teta,1640
vinnie,1640
complica,1639
devolverte,1639
drogada,1639
gruñidos,1639
jugaban,1639
recorrió,1639
sanatorio,1639
colon,1638
defunción,1638
desembarco,1638
ingesta,1638
mandaba,1638
proporcionado,1638
ej,1637
entregan,1637
lápices,1637
ri,1637
alineación,1636
busto,1636
dáselo,1636
esquiar,1636
fumadores,1636
karin,1636
lucidez,1636
sofisticada,1636
discrepancias,1635
flotante,1635
malaria,1635
ofende,1635
pinchazo,1635
traspaso,1635
venezolanos,1635
burgués,1634
enserio,1634
enzo,1634
estratos,1634
festín,1634
incorporarse,1634
coca-cola,1633
dándome,1633
miniatura,1633
ruleta,1633
castor,1632
caudal,1632
devolverme,1632
diminuto,1632
ecuaciones,1632
enojados,1632
jengibre,1632
juzga,1632
rover,1632
cash,1631
confesiones,1631
limpió,1631
restringida,1631
sumas,1631
tardan,1631
acordaron,1630
hipocresía,1630
intensas,1630
marioneta,1630
plagas,1630
prohibió,1630
urna,1630
vendidos,1630
artísticos,1629
ea,1629
fénix,1629
incluyó,1629
pegando,1629
semifinales,1629
acercas,1628
aguantando,1628
avergonzarse,1628
ende,1628
filosófico,1628
luminosa,1628
reúna,1628
colmillos,1627
pertenecían,1627
play,1627
producidas,1627
túnica,1627
chips,1626
chiquito,1626
latinos,1626
legislador,1626
marcan,1626
rigidez,1626
aiden,1625
audacia,1625
extrañaba,1625
casadas,1624
encargarte,1624
hammer,1624
nell,1624
angelina,1623
cricket,1623
delicia,1623
inserción,1623
echarse,1622
entregando,1622
extendida,1622
her,1622
indefinidamente,1622
infinitamente,1622
matarían,1622
satisfactoria,1622
admirado,1621
cáceres,1621
diferenciación,1621
erótica,1621
graba,1621
intolerancia,1621
iraní,1621
irregulares,1621
lavarme,1621
minnesota,1621
reposar,1621
visitarte,1621
avise,1620
belgrado,1620
county,1620
dignos,1620
encontraran,1620
incursión,1620
replicó,1620
respetuoso,1620
territoriales,1620
v.,1620
vecinas,1620
coincidieron,1619
concentrar,1619
conviertes,1619
langley,1619
locamente,1619
saquemos,1619
sookie,1619
talbot,1619
tenerle,1619
aprendimos,1618
christie,1618
clint,1618
excavación,1618
gordito,1618
noticiero,1618
olvidados,1618
peseta,1618
virgil,1618
virtualmente,1618
capitolio,1617
gemidos,1617
merienda,1617
originalidad,1617
protegerá,1617
reflejar,1617
buitres,1616
jarod,1616
íntimas,1616
caracterizado,1615
chinas,1615
desarrollaron,1615
sí.,1615
andrómeda,1614
atlántica,1614
colt,1614
fine,1614
nilo,1614
repiten,1614
trazar,1614
vinci,1614
asociadas,1613
bambú,1613
ciclismo,1613
comprendía,1613
desagüe,1613
invadido,1613
acabarán,1612
albóndigas,1612
ametralladoras,1612
cordillera,1612
liverpool,1612
mister,1612
promotores,1612
puebla,1612
rallado,1612
tripulantes,1612
bigotes,1611
cuchilla,1611
fallando,1611
hueca,1611
liu,1611
villanueva,1611
chaplin,1610
tomad,1610
votaron,1610
abrazó,1609
comportas,1609
enseñaba,1609
navío,1609
olímpica,1609
aumentaron,1608
bebas,1608
escaparate,1608
fumaba,1608
latente,1608
lupe,1608
lynch,1608
mayas,1608
nba,1608
servirán,1608
bombardeos,1607
caían,1607
contagio,1607
giros,1607
influyente,1607
yo-yo,1607
contaría,1606
corridas,1606
déjamelo,1606
exquisita,1606
grove,1606
hawaii,1606
histeria,1606
padecer,1606
saludables,1606
cafeína,1605
camareros,1605
cause,1605
cerillas,1605
colorido,1605
gaseosa,1605
jeong,1605
narcotraficantes,1605
tintorería,1605
cordones,1604
definiciones,1604
extrañaré,1604
boba,1603
mentón,1603
pimiento,1603
pingüino,1603
rogar,1603
terapéutico,1603
becker,1602
britney,1602
cambiaba,1602
corred,1602
dais,1602
delicados,1602
desigualdad,1602
ino,1602
intercambios,1602
tributaria,1602
aburridas,1601
brillando,1601
cabaret,1601
cabellera,1601
crepúsculo,1601
pedían,1601
reduciendo,1601
sentará,1601
visitarla,1601
conquistado,1600
emociona,1600
hilton,1600
hortalizas,1600
invitamos,1600
jugaremos,1600
láminas,1600
maternal,1600
nadine,1600
navegando,1600
perritos,1600
roberta,1600
articular,1599
coloque,1599
comerá,1599
comparable,1599
corremos,1599
discapacidad,1599
estableciendo,1599
harlem,1599
acabaste,1598
engañan,1598
hijito,1598
iniciará,1598
josefina,1598
legislativas,1598
macgyver,1598
reparte,1598
sable,1598
sitúan,1598
tartas,1598
tiembla,1598
ubica,1598
capellán,1597
devuelvan,1597
echará,1597
empeora,1597
escorpión,1597
ibérica,1597
manden,1597
màs,1597
reuniré,1597
autenticidad,1596
bautismo,1596
cagada,1596
coleman,1596
controlados,1596
hechizos,1596
llamativo,1596
oleada,1596
sandalias,1596
shiva,1596
tejas,1596
anders,1595
cauce,1595
edwin,1595
gruesos,1595
hobby,1595
maryland,1595
metemos,1595
misteriosas,1595
seok,1595
artesanos,1594
comediante,1594
escepticismo,1594
esquizofrenia,1594
seymour,1594
cocer,1593
conejito,1593
dejéis,1593
della,1593
dillon,1593
enteramos,1593
experimentales,1593
sobres,1593
usarse,1593
compraba,1592
coronación,1592
escribimos,1592
f.,1592
funcionales,1592
marxismo,1592
amateur,1591
edison,1591
paréntesis,1591
rechazan,1591
srita,1591
vasta,1591
adopta,1590
agarro,1590
bombilla,1590
investigué,1590
perteneció,1590
privilegiado,1590
copenhague,1589
cresta,1589
eua,1589
pera,1589
productivas,1589
rugby,1589
aceptaba,1588
amador,1588
injustamente,1588
respondas,1588
transformarse,1588
burlarse,1587
cohesión,1587
distantes,1587
incorporó,1587
miraron,1587
pip,1587
proporcional,1587
provocaron,1587
sonríes,1587
village,1587
visitarnos,1587
bloqueando,1586
brindo,1586
enloqueció,1586
enviaba,1586
leas,1586
pestañas,1586
prepararnos,1586
whiskey,1586
acabes,1585
calmate,1585
chapa,1585
coeficiente,1585
cortamos,1585
detendré,1585
dudes,1585
imperdonable,1585
jerga,1585
lu,1585
pelé,1585
permitiera,1585
spray,1585
toreo,1585
afirmando,1584
angus,1584
bollos,1584
deslumbrante,1584
escupe,1584
homosexualidad,1584
knight,1584
london,1584
machete,1584
navideño,1584
pertinente,1584
proseguir,1584
queman,1584
destruyen,1583
expuestas,1583
formalidad,1583
manning,1583
acosando,1582
complacido,1582
deshecho,1582
ebria,1582
enamora,1582
ministerial,1582
aterrorizada,1581
encarnación,1581
idénticas,1581
mandamos,1581
mezclas,1581
olvidada,1581
peregrino,1581
refrescante,1581
serle,1581
conocieras,1580
dones,1580
fa,1580
imaginarte,1580
largamente,1580
naufragio,1580
nerviosismo,1580
quejó,1580
acompañarte,1579
caimán,1579
cerraba,1579
deban,1579
dejarían,1579
gradas,1579
hayden,1579
incrementado,1579
juanito,1579
mascar,1579
medición,1579
odie,1579
prefecto,1579
quejan,1579
resistentes,1579
saludó,1579
sentirías,1579
cobrando,1578
consideraban,1578
continuaremos,1578
continuaron,1578
esperara,1578
inercia,1578
lavarse,1578
penoso,1578
pipí,1578
saneamiento,1578
sangra,1578
soles,1578
ahorita,1577
comprenderá,1577
cuantía,1577
dodge,1577
enamorarme,1577
medallón,1577
prolongar,1577
reir,1577
tenes,1577
venado,1577
águilas,1577
adivinado,1576
advertencias,1576
chapman,1576
coach,1576
orar,1576
resistirse,1576
steiner,1576
formen,1575
hilda,1575
horizontes,1575
lozano,1575
meteorito,1575
patinar,1575
poniéndose,1575
reclutas,1575
revuelto,1575
sustancialmente,1575
ahorra,1574
aníbal,1574
atraparemos,1574
cabía,1574
cuestionario,1574
enfrentará,1574
ignorado,1574
muévase,1574
repartidor,1574
traed,1574
via,1574
asquerosos,1573
casaremos,1573
complicación,1573
diesel,1573
elise,1573
hicisteis,1573
margaritas,1573
mesita,1573
ojeada,1573
próstata,1573
reemplazado,1573
sucedieron,1573
supondría,1573
sustituye,1573
ahogar,1572
castellón,1572
cede,1572
dedicadas,1572
dominantes,1572
enloquecer,1572
escuchadme,1572
reclutamiento,1572
sake,1572
zorras,1572
aplicarse,1571
asentamiento,1571
condescendiente,1571
enfrentarte,1571
holandesa,1571
hormiga,1571
insistiendo,1571
molestarle,1571
nicola,1571
provocada,1571
cenicero,1570
creeme,1570
mafioso,1570
patriotas,1570
telefonía,1570
advertirte,1569
auxiliares,1569
complutense,1569
disculpes,1569
polvos,1569
solteras,1569
subsidio,1569
tomografía,1569
vallas,1569
caben,1568
cadete,1568
intentaría,1568
preocupó,1568
revisaré,1568
trabajará,1568
adquieren,1567
ambulante,1567
audiovisual,1567
indulto,1567
narra,1567
plásticas,1567
echarlo,1566
equivocaste,1566
milan,1566
mostrarse,1566
ocuparte,1566
supiese,1566
valdrá,1566
diagnósticos,1565
farc,1565
pégale,1565
regularidad,1565
salvatore,1565
vial,1565
apunte,1564
comúnmente,1564
jasmine,1564
kirby,1564
llámala,1564
oyente,1564
reptiles,1564
tiramos,1564
vagones,1564
anduvo,1563
cavallo,1563
charlando,1563
descarado,1563
inesperadamente,1563
paulina,1563
porquerías,1563
recados,1563
relajante,1563
comercios,1562
duela,1562
fervor,1562
originó,1562
pensarías,1562
citó,1561
editora,1561
impuesta,1561
pimientos,1561
resolverá,1561
rocco,1561
señuelo,1561
disputas,1560
escuadra,1560
hedor,1560
mariscos,1560
pastas,1560
regresarás,1560
sobretodo,1560
tracción,1560
abordo,1559
analogía,1559
asiente,1559
atrapaste,1559
colocados,1559
exótico,1559
meterle,1559
mobiliario,1559
pelvis,1559
quebrar,1559
resucitar,1559
verles,1559
wisconsin,1559
averiguaré,1558
descripciones,1558
despedidos,1558
diamond,1558
mu,1558
recrear,1558
vente,1558
aparezcan,1557
aperitivos,1557
atlantis,1557
benítez,1557
brock,1557
ferrocarriles,1557
ibáñez,1557
magnate,1557
minera,1557
acababan,1556
atrasados,1556
carmelo,1556
cívico,1556
dentadura,1556
disminuyendo,1556
interrogación,1556
referentes,1556
rodajas,1556
veníamos,1556
anal,1555
antelación,1555
babor,1555
conquistas,1555
habria,1555
laden,1555
uní,1555
viruela,1555
agitada,1554
cortaste,1554
glándulas,1554
bailemos,1553
chun,1553
complicados,1553
liebre,1553
pleito,1553
poker,1553
susurro,1553
visitarlo,1553
computación,1552
hábleme,1552
listado,1552
nasal,1552
ping,1552
apreciamos,1551
deeks,1551
encienda,1551
fío,1551
liquidar,1551
sentenciado,1551
elijah,1550
encabeza,1550
escote,1550
estimula,1550
híbrido,1550
húmedos,1550
identificada,1550
constructores,1549
inaugural,1549
islandia,1549
merodeando,1549
servida,1549
sobreviven,1549
chambers,1548
consultor,1548
dalí,1548
descubiertos,1548
gramática,1548
mordisco,1548
pesan,1548
procurar,1548
sintieron,1548
afeitado,1547
corey,1547
cuídese,1547
dependía,1547
descendencia,1547
escribirlo,1547
experimentación,1547
inspirada,1547
moverlo,1547
tomaban,1547
veracruz,1547
compren,1546
constituida,1546
dardos,1546
encerraron,1546
frigorífico,1546
guiso,1546
mosquito,1546
murio,1546
querias,1546
sueca,1546
anuncian,1545
delicias,1545
doradas,1545
ml,1545
polémico,1545
pregúntame,1545
protegidas,1545
quehacer,1545
televisivo,1545
óptimo,1545
callejera,1544
champú,1544
definió,1544
derrumbe,1544
hippie,1544
invitan,1544
perforación,1544
ría,1544
zombie,1544
adaptado,1543
cocineros,1543
envergadura,1543
estrictas,1543
garage,1543
hermosura,1543
lejanas,1543
timidez,1543
tutela,1543
vidente,1543
bien.,1542
coop,1542
creé,1542
festivo,1542
limpiarlo,1542
llevárselo,1542
pintas,1542
silvio,1542
sonoro,1542
alegrará,1541
dimitir,1541
inventaron,1541
muchísimos,1541
rivalidad,1541
abundan,1540
comandantes,1540
cómete,1540
deshizo,1540
giorgio,1540
jacobo,1540
murallas,1540
reclamos,1540
sabelotodo,1540
bailaba,1539
destruya,1539
inauguró,1539
pequeñito,1539
retiene,1539
rodó,1539
winter,1539
ansia,1538
berkeley,1538
buscara,1538
compitiendo,1538
enloquecido,1538
stripper,1538
vegetariano,1538
vinculada,1538
alvarado,1537
aportan,1537
aseo,1537
despierten,1537
filtración,1537
matador,1537
pol,1537
regresión,1537
respondieron,1537
contados,1536
contagioso,1536
engañé,1536
galletitas,1536
holocausto,1536
intersección,1536
libia,1536
observe,1536
observen,1536
presidido,1536
superhéroe,1536
talentosa,1536
transmisiones,1536
volvieras,1536
bañarse,1535
chaves,1535
foso,1535
ordenaron,1535
saga,1535
ciao,1534
coronado,1534
elisabeth,1534
espanto,1534
ix,1534
llévenlo,1534
posponer,1534
acuesto,1533
admira,1533
bernal,1533
caería,1533
caracterizan,1533
casanova,1533
confidente,1533
desconectado,1533
ecología,1533
fármaco,1533
irlandesa,1533
sully,1533
adelanta,1532
anemia,1532
apagada,1532
enmiendas,1532
llegaras,1532
pertinentes,1532
tai,1532
teniamos,1532
cancillería,1531
conmovido,1531
estalla,1531
generó,1531
imponente,1531
impulsa,1531
pike,1531
potentes,1531
acostumbrarme,1530
ahorcado,1530
barajas,1530
descubro,1530
despertarse,1530
elevó,1530
líquida,1530
skip,1530
viabilidad,1530
vigile,1530
aguafiestas,1529
alejes,1529
berlusconi,1529
descubran,1529
diseñadores,1529
estã,1529
giró,1529
griffith,1529
stargate,1529
tentador,1529
acudido,1528
asombrado,1528
brothers,1528
congelar,1528
golosinas,1528
incentivos,1528
leopardo,1528
minería,1528
nicaragüenses,1528
persiste,1528
preocupéis,1528
sã,1528
boone,1527
bro,1527
candado,1527
cocodrilos,1527
consecutivos,1527
decentes,1527
destello,1527
estampa,1527
francesco,1527
parió,1527
recomendar,1527
sky,1527
alegrías,1526
ardillas,1526
compostela,1526
conservado,1526
dell,1526
desapareciera,1526
hazañas,1526
nupcial,1526
polos,1526
proclama,1526
proposiciones,1526
restringido,1526
ryder,1526
tarro,1526
tibio,1526
cócteles,1525
derramar,1525
informando,1525
jody,1525
lastimes,1525
luc,1525
pesaba,1525
sumó,1525
corporativo,1524
giran,1524
lourdes,1524
paulatinamente,1524
sirvan,1524
tratemos,1524
unirnos,1524
visten,1524
apartó,1523
asegúrense,1523
crecerá,1523
daria,1523
musulmana,1523
peluquero,1523
pertenencia,1523
és,1523
ahoga,1522
arriesgarnos,1522
despertando,1522
esten,1522
hincapié,1522
imparcial,1522
irving,1522
lean,1522
mentirme,1522
necesitados,1522
rosales,1522
tenue,1522
titanic,1522
torbellino,1522
decia,1521
demostraré,1521
despertaste,1521
ingenuidad,1521
interrogantes,1521
leerla,1521
mazo,1521
protestante,1521
yeltsin,1521
alarcón,1520
cambiemos,1520
creces,1520
danzas,1520
decididamente,1520
hornear,1520
intendente,1520
racing,1520
sofia,1520
tiradores,1520
adolf,1519
alucinación,1519
deseada,1519
hebreo,1519
impedía,1519
monólogo,1519
multimedia,1519
ocupantes,1519
perdones,1519
suscrito,1519
apareciste,1518
blindado,1518
bol,1518
envueltos,1518
llorado,1518
meditar,1518
multitudes,1518
tocaron,1518
apoderado,1517
asiática,1517
camellos,1517
descaro,1517
graciosos,1517
jj,1517
lanzada,1517
pegados,1517
playboy,1517
profetas,1517
sutiles,1517
cazas,1516
compatriota,1516
davey,1516
disfrutas,1516
perturbado,1516
valido,1516
capitalistas,1515
debatir,1515
ganga,1515
jaulas,1515
kelso,1515
antro,1514
cortados,1514
coyote,1514
destacamento,1514
ovación,1514
pepper,1514
virrey,1514
yvonne,1514
castiga,1513
compraría,1513
conyugal,1513
divisa,1513
impresa,1513
obligaba,1513
ocultarlo,1513
traviesa,1513
violaron,1513
abandones,1512
compatibles,1512
espesor,1512
siervo,1512
activación,1511
bangkok,1511
gabriela,1511
lóbulo,1511
parra,1511
prue,1511
reducen,1511
segmentos,1511
worf,1511
aparcar,1510
aros,1510
clero,1510
cuiden,1510
cupones,1510
cómics,1510
depredador,1510
dióxido,1510
estomago,1510
holandeses,1510
lápida,1510
motivaciones,1510
paleta,1510
bautizo,1509
dei,1509
desmond,1509
dibuja,1509
divorciada,1509
podáis,1509
randolph,1509
requería,1509
gruesas,1508
peine,1508
agresivos,1507
espeso,1507
inmediaciones,1507
nerviosas,1507
apoderarse,1506
consideras,1506
empire,1506
quã,1506
referimos,1506
tirarme,1506
universales,1506
acordaba,1505
captación,1505
checa,1505
colmena,1505
congresos,1505
daos,1505
genocidio,1505
hetero,1505
katy,1505
maricones,1505
productivos,1505
rechazaron,1505
soria,1505
turk,1505
boe,1504
cubro,1504
doe,1504
doquier,1504
déjela,1504
librarme,1504
princeton,1504
acertijo,1503
auditoría,1503
barrionuevo,1503
billón,1503
cid,1503
incontables,1503
propones,1503
rebote,1503
ataduras,1502
caminé,1502
chisme,1502
fé,1502
miligramos,1502
revertir,1502
torna,1502
unirá,1502
budapest,1501
eliminatoria,1501
lámina,1501
masterchef,1501
venia,1501
admiraba,1500
asegurando,1500
ch,1500
contaminado,1500
decidas,1500
estadía,1500
evite,1500
fallaste,1500
herpes,1500
hirieron,1500
jovenes,1500
licitación,1500
llore,1500
lockhart,1500
tempestad,1500
barman,1499
botiquín,1499
celebraciones,1499
cuatrocientos,1499
divinidad,1499
heladas,1499
lucharon,1499
opositores,1499
retiraron,1499
sinónimo,1499
susceptibles,1499
unificación,1499
agarren,1498
citadas,1498
drag,1498
gallos,1498
imaginaria,1498
inmuebles,1498
mugre,1498
paradójicamente,1498
platillo,1498
anchas,1497
cherry,1497
claustro,1497
cojan,1497
contrarrestar,1497
elaborados,1497
esgrima,1497
glóbulos,1497
interesadas,1497
izzy,1497
mayoritario,1497
seguirle,1497
toreros,1497
antorchas,1496
barton,1496
brasileños,1496
comino,1496
contrarios,1496
freír,1496
lastimé,1496
quítale,1496
valiosas,1496
apártese,1495
cobb,1495
gringo,1495
apariciones,1494
dad,1494
impida,1494
nicki,1494
polen,1494
subirse,1494
anticipado,1493
barrer,1493
carita,1493
confirmarlo,1493
cuidas,1493
díganle,1493
posguerra,1493
atrape,1492
confort,1492
hipo,1492
pionero,1492
trek,1492
conquistador,1491
literal,1491
lorelai,1491
láctea,1491
sediento,1491
tamara,1491
afilado,1490
añadiendo,1490
bendecido,1490
concepciones,1490
crichton,1490
espinal,1490
journal,1490
over,1490
quebrada,1490
ramona,1490
servidumbre,1490
sufrimientos,1490
ardor,1489
atropello,1489
beirut,1489
clasificar,1489
enciclopedia,1489
encontraras,1489
esmalte,1489
fascinado,1489
inexistente,1489
mareada,1489
mariquita,1489
pisadas,1489
predicción,1489
reproduce,1489
tokyo,1489
vertedero,1489
condenó,1488
derechas,1488
estaria,1488
fotográfico,1488
marginal,1488
mostraban,1488
operativa,1488
pará,1488
subraya,1488
ticket,1488
utilizarlo,1488
ambigüedad,1487
atractivas,1487
civilizada,1487
mccarthy,1487
nelly,1487
norton,1487
orador,1487
superando,1487
cito,1486
efectuó,1486
giuseppe,1486
infinidad,1486
marchen,1486
ocasional,1486
sloane,1486
bienvenidas,1485
enlaces,1485
entretener,1485
estimaciones,1485
gino,1485
infectada,1485
kirsten,1485
almacenar,1484
corrían,1484
errónea,1484
mamita,1484
renovado,1484
shanghai,1484
zapata,1484
zarzuela,1484
aéreos,1483
casinos,1483
engreído,1483
justas,1483
kohl,1483
peleen,1483
viviría,1483
comportan,1482
dutch,1482
hernando,1482
dance,1481
dead,1481
directrices,1481
episcopal,1481
equivoque,1481
sacudió,1481
alimenticia,1480
cafetera,1480
controlador,1480
cumbres,1480
huyen,1480
interesaría,1480
jennings,1480
liderar,1480
periferia,1480
salvarlos,1480
snow,1480
trabajabas,1480
absorbe,1479
apacible,1479
barrido,1479
convencimiento,1479
cósmico,1479
energia,1479
infinitas,1479
malley,1479
pasad,1479
asaltar,1478
conquistadores,1478
estadios,1478
olimpiadas,1478
optimistas,1478
recuérdalo,1478
rin,1478
anotación,1477
decidme,1477
ecos,1477
exagerar,1477
islámico,1477
nuboso,1477
protestantes,1477
rufus,1477
tell,1477
adele,1476
autorizados,1476
azteca,1476
buses,1476
fotografiar,1476
herb,1476
mirame,1476
méjico,1476
pantanos,1476
progresión,1476
reivindicación,1476
sírvete,1476
vicioso,1476
antecedente,1475
contemplación,1475
frascos,1475
inc,1475
pasiva,1475
campeonatos,1474
habitan,1474
justificado,1474
portuguesa,1474
prueban,1474
vivamos,1474
apretada,1473
aventurero,1473
cnn,1473
cubra,1473
gruñón,1473
investigue,1473
naciera,1473
traicionaste,1473
vendida,1473
aldeanos,1472
ambiciosa,1472
anunciaba,1472
carcajada,1472
difunta,1472
festivales,1472
land,1472
mai,1472
mejía,1472
ceño,1471
engaños,1471
genéticos,1471
revelaciones,1471
sáenz,1471
asesinadas,1470
asteroide,1470
carencias,1470
especializadas,1470
fetal,1470
integrante,1470
recobrar,1470
rembrandt,1470
siniestra,1470
competitiva,1469
creadora,1469
libere,1469
pegan,1469
persianas,1469
relacionan,1469
spanish,1469
surrealista,1469
transportador,1469
traves,1469
asumí,1468
atracciones,1468
granito,1468
practican,1468
reportado,1468
sobrevivieron,1468
aleje,1467
cargó,1467
crucé,1467
falte,1467
mataba,1467
mauro,1467
ne,1467
párrafos,1467
torpeza,1467
viña,1467
zero,1467
melvin,1466
morty,1466
ranger,1466
bajará,1465
competidor,1465
delirios,1465
designar,1465
desmayo,1465
discutiremos,1465
diseñados,1465
dudosa,1465
instantáneamente,1465
leucemia,1465
partícula,1465
plegaria,1465
relaja,1465
andrei,1464
economistas,1464
estruendo,1464
jugaste,1464
pantera,1464
perfumes,1464
prótesis,1464
reliquias,1464
rosemary,1464
torneos,1464
carisma,1463
desordenado,1463
fortalecimiento,1463
melodías,1463
respiratorio,1463
sheridan,1463
subrayar,1463
superstición,1463
traidora,1463
comedias,1462
contrólate,1462
despertaba,1462
refinado,1462
respiratoria,1462
serbio,1462
solista,1462
vegetariana,1462
congresistas,1461
hit,1461
obtengo,1461
pereira,1461
aptitud,1460
caminado,1460
capone,1460
conchas,1460
contártelo,1460
pubertad,1460
pétalos,1460
records,1460
town,1460
yucatán,1460
zane,1460
zoom,1460
apoye,1459
exageración,1459
explicaron,1459
hormona,1459
invite,1459
liceo,1459
manipulado,1459
paralelas,1459
patinaje,1459
prohibidos,1459
recogerme,1459
ball,1458
inmediatos,1458
potenciar,1458
progresando,1458
subsidios,1458
épica,1458
anuario,1457
aprecian,1457
comería,1457
convencerte,1457
detenciones,1457
psiquiátrica,1457
reciban,1457
severas,1457
acecho,1456
otero,1456
psicoanálisis,1456
vayáis,1456
acres,1455
caricatura,1455
castillos,1455
conservatorio,1455
darlo,1455
domésticas,1455
enoja,1455
escribirle,1455
firmo,1455
literarias,1455
opuso,1455
palace,1455
plantó,1455
situarse,1455
spence,1455
viajamos,1455
ártico,1455
aprovecharse,1454
editado,1454
ozono,1454
remotamente,1454
slater,1454
mustang,1453
paterna,1453
sacudir,1453
soplar,1453
úlcera,1453
dictar,1452
diriges,1452
efectúa,1452
eliminando,1452
explicártelo,1452
hocico,1452
llamarán,1452
marcharnos,1452
explicarse,1451
gritado,1451
heces,1451
pescando,1451
prosigue,1451
supervisar,1451
actas,1450
alfabeto,1450
conservas,1450
convenientemente,1450
copiloto,1450
crowley,1450
embarcaciones,1450
existo,1450
inmigrante,1450
llene,1450
millar,1450
mártires,1450
periodística,1450
propuse,1450
radiografías,1450
utilizarse,1450
agradecerles,1449
cuidarla,1449
dejarles,1449
kendall,1449
lavarte,1449
manejas,1449
ofrecimiento,1449
reconocería,1449
rolling,1449
explosiva,1448
kristen,1448
mexicanas,1448
variada,1448
viudo,1448
beneficiarios,1447
cece,1447
collares,1447
desconcertado,1447
echaremos,1447
empezaban,1447
entraban,1447
gel,1447
inspeccionar,1447
manantial,1447
mítico,1447
relacionarse,1447
abadía,1446
avaricia,1446
avergüenzo,1446
baraja,1446
consecución,1446
definidos,1446
digestivo,1446
girls,1446
importarle,1446
licores,1446
presidida,1446
res,1446
bowl,1445
cogeremos,1445
impensable,1445
lennox,1445
tecla,1445
ziva,1445
incipiente,1444
inician,1444
marsh,1444
presté,1444
rae,1444
reformar,1444
resultando,1444
triunfal,1444
yacimientos,1444
castigos,1443
exiliados,1443
marshal,1443
mixto,1443
oigas,1443
race,1443
tardía,1443
temido,1443
volamos,1443
apruebe,1442
chow,1442
céntimo,1442
envenenada,1442
pocilga,1442
quejarme,1442
rand,1442
transcripción,1442
trepar,1442
alude,1441
bombarderos,1441
garza,1441
gustarte,1441
prendió,1441
analgésicos,1440
búho,1440
centrada,1440
cerezas,1440
colocaron,1440
cuadrilla,1440
desafiante,1440
frágiles,1440
lárguense,1440
moran,1440
sintonía,1440
coqueteando,1439
denegada,1439
diabólico,1439
gambas,1439
inmueble,1439
jueguen,1439
multinacionales,1439
observo,1439
principiante,1439
suicidado,1439
abbott,1438
arriesga,1438
moderados,1438
pudor,1438
saddam,1438
shhh,1438
tenaz,1438
accede,1437
buscándolo,1437
discuten,1437
maddy,1437
pagada,1437
piscinas,1437
platino,1437
románticas,1437
saberse,1437
activistas,1436
convocada,1436
cuidarlo,1436
ejecuta,1436
estudiosos,1436
influido,1436
infusión,1436
innovaciones,1436
quítense,1436
tocara,1436
atraso,1435
crónico,1435
drones,1435
hablarnos,1435
interrumpiendo,1435
niñito,1435
paisano,1435
shore,1435
sudes,1435
sólidas,1435
apio,1434
bloqueada,1434
monitores,1434
resistió,1434
subas,1434
accesos,1433
apollo,1433
arreglaste,1433
convertimos,1433
devuelves,1433
equivalentes,1433
ligeros,1433
mentía,1433
ofrezca,1433
parezcan,1433
reg,1433
relucir,1433
tajo,1433
toxinas,1433
valdría,1433
calentando,1432
congelación,1432
cósmica,1432
epa,1432
equivocamos,1432
infelices,1432
levántense,1432
liberen,1432
limitados,1432
matemáticos,1432
pelado,1432
weston,1432
accedido,1431
preguntarles,1431
ramsey,1431
acompañas,1430
aminoácidos,1430
cantabria,1430
convoca,1430
impermeable,1430
implante,1430
inclinó,1430
molestará,1430
muchísima,1430
míranos,1430
tranquilícese,1430
bautizado,1429
cabalgar,1429
champiñones,1429
declarada,1429
explote,1429
perseguidos,1429
sostenible,1429
traumatismo,1429
clandestina,1428
fez,1428
incienso,1428
involucrar,1428
irina,1428
irritación,1428
len,1428
palmeras,1428
quirúrgico,1428
realizador,1428
refugios,1428
stern,1428
vaina,1428
avanzan,1427
belloch,1427
bromista,1427
exhibe,1427
raven,1427
rompas,1427
semanario,1427
winchester,1427
bertie,1426
desconcertante,1426
langostas,1426
mencionadas,1426
mezquino,1426
saúl,1426
traerlos,1426
acepten,1425
caerán,1425
desviado,1425
escondernos,1425
invade,1425
andaluza,1424
anotaciones,1424
contratados,1424
céntimos,1424
despertador,1424
escribas,1424
hacés,1424
integra,1424
mural,1424
osa,1424
pedirlo,1424
pegajoso,1424
plácido,1424
preferimos,1424
relajada,1424
terminarás,1424
usara,1424
aventón,1423
azulgrana,1423
delirante,1423
golpeas,1423
jabalí,1423
maldonado,1423
reformatorio,1423
sao,1423
taladro,1423
fantásticas,1422
felicia,1422
flaca,1422
largó,1422
murmuró,1422
olvidarás,1422
pagues,1422
premisa,1422
primarios,1422
resolveremos,1422
resumir,1422
salté,1422
simular,1422
tiraba,1422
autonomías,1421
ecosistema,1421
flamante,1421
fundar,1421
melilla,1421
metáforas,1421
poseo,1421
rebeca,1421
súbito,1421
zombies,1421
arjun,1420
brigadier,1420
decorar,1420
derivadas,1420
enteran,1420
fósil,1420
individualmente,1420
retrasados,1420
vinculadas,1420
aceptaste,1419
cargadas,1419
cedido,1419
charlatán,1419
dubois,1419
egoístas,1419
javi,1419
lírica,1419
marcia,1419
adjudicación,1418
agárralo,1418
facturación,1418
patrocinador,1418
sumisión,1418
tocador,1418
cartman,1417
decker,1417
depresiones,1417
distraer,1417
doblado,1417
entrepierna,1417
erais,1417
finalizó,1417
incesante,1417
jordania,1417
kiki,1417
neto,1417
ong,1417
adaptar,1416
andaban,1416
desactivar,1416
diversa,1416
dominique,1416
ee.uu,1416
guiado,1416
investigan,1416
kyung,1416
mienta,1416
mutaciones,1416
page,1416
participarán,1416
repaso,1416
traernos,1416
artritis,1415
camelot,1415
huérfana,1415
iluminada,1415
llamabas,1415
severamente,1415
andén,1414
apretados,1414
circula,1414
doc.,1414
hanson,1414
his,1414
relata,1414
rígida,1414
acordarme,1413
científicamente,1413
comenzaste,1413
football,1413
insistido,1413
interesar,1413
oms,1413
respete,1413
suicidios,1413
talante,1413
aproveche,1412
calcuta,1412
constatar,1412
despachos,1412
haras,1412
protegerlos,1412
rigurosa,1412
savage,1412
besas,1411
caseta,1411
delegaciones,1411
hoover,1411
informaré,1411
levi,1411
mírale,1411
sobrecarga,1411
telenovela,1411
gianni,1410
goce,1410
hinchado,1410
indefensa,1410
inglesas,1410
inmortales,1410
investigamos,1410
podréis,1410
cojas,1409
cuidan,1409
entusiasmada,1409
envíame,1409
incisión,1409
intermediarios,1409
psicológicas,1409
regente,1409
timo,1409
transmitiendo,1409
devolverá,1408
divulgación,1408
enloqueciendo,1408
montesinos,1408
peligrosamente,1408
peters,1408
aproximado,1407
bilateral,1407
cuestas,1407
enfoques,1407
extracto,1407
francotiradores,1407
orgánicas,1407
psicólogos,1407
sondeos,1407
transmitido,1407
arrestó,1406
colosal,1406
conciliar,1406
ebro,1406
ibarra,1406
ny,1406
participante,1406
xander,1406
capitulo,1405
cooperativas,1405
detecta,1405
gorilas,1405
liado,1405
margo,1405
pillas,1405
prejuicio,1405
vereda,1405
concurrencia,1404
cosme,1404
dijese,1404
fango,1404
helms,1404
interpretó,1404
menopausia,1404
negando,1404
robbins,1404
centeno,1403
firmados,1403
hachís,1403
persistencia,1403
plataformas,1403
puñal,1403
atiendo,1402
avanzaba,1402
descubrirá,1402
fish,1402
jerónimo,1402
pj,1402
roxy,1402
televisiva,1402
trascendental,1402
yen,1402
baseball,1401
chalet,1401
colgante,1401
duhalde,1401
genoma,1401
maduros,1401
reality,1401
vertiente,1401
azafata,1400
brighton,1400
bulgaria,1400
causaron,1400
envejecido,1400
preguntará,1400
prohibidas,1400
autoriza,1399
bromees,1399
escucharé,1399
evolutivo,1399
gijón,1399
plantada,1399
sócrates,1399
verguenza,1399
cagando,1398
comenzarán,1398
culparme,1398
etarras,1398
hortensia,1398
malinterpretes,1398
misteriosos,1398
pas,1398
patrocinadores,1398
serte,1398
wan,1398
winnie,1398
alcanzará,1397
asombra,1397
escéptico,1397
insultado,1397
kitt,1397
marionetas,1397
plató,1397
recortar,1397
regeneración,1397
uci,1397
valgo,1397
ambulancias,1396
asimilar,1396
bazo,1396
cris,1396
disfrutarlo,1396
distraída,1396
explotado,1396
húngaro,1396
intelecto,1396
lastime,1396
leona,1396
muevete,1396
necio,1396
parecerse,1396
roce,1396
rotundo,1396
sabina,1396
universitarias,1396
aprovechan,1395
diviertas,1395
intensivos,1395
luché,1395
procuraduría,1395
robas,1395
secretarios,1395
bombón,1394
carnal,1394
cliché,1394
noé,1394
nula,1394
recogerla,1394
tao,1394
venenosa,1394
vomitando,1394
agita,1393
comenzaré,1393
compraremos,1393
coreografía,1393
encarna,1393
enfermar,1393
krishna,1393
lili,1393
mediterránea,1393
saltan,1393
seductor,1393
tapia,1393
volaron,1393
antenas,1392
aproximada,1392
aviraneta,1392
bonn,1392
cabida,1392
calmarse,1392
mountain,1392
perdedora,1392
publicadas,1392
realizaba,1392
registradas,1392
tardé,1392
tortas,1392
carteras,1391
enterró,1391
irrumpir,1391
mejorará,1391
picard,1391
plazca,1391
quererte,1391
recogerte,1391
textil,1391
trasladaron,1391
traían,1391
ahogo,1390
aisladas,1390
arden,1390
besito,1390
cráter,1390
ejercen,1390
expensas,1390
lidera,1390
raso,1390
responderá,1390
retardado,1390
testarudo,1390
webb,1390
acompañamiento,1389
animadora,1389
bellezas,1389
bosch,1389
desarrolladas,1389
desliza,1389
extienden,1389
oporto,1389
pearson,1389
pesquero,1389
quemadura,1389
rice,1389
slim,1389
teatrales,1389
valentina,1389
zeke,1389
contraer,1388
empleadas,1388
interrumpo,1388
nulo,1388
tecnológicas,1388
agota,1387
ausentes,1387
autopistas,1387
bentley,1387
desarme,1387
descartes,1387
ejecuciones,1387
explicárselo,1387
gótico,1387
monstruoso,1387
obligarme,1387
pararme,1387
pilló,1387
polaca,1387
prestigioso,1387
proponía,1387
reproductor,1387
valija,1387
buscaste,1386
concentrarte,1386
hicks,1386
pasábamos,1386
prolongación,1386
reilly,1386
vuele,1386
ídolos,1386
asno,1385
canoa,1385
carver,1385
dígaselo,1385
encantadores,1385
enojó,1385
explicará,1385
generando,1385
hop,1385
ideologías,1385
influyen,1385
rendimientos,1385
ancianas,1384
contaminantes,1384
cápsulas,1384
encajan,1384
erudito,1384
establecieron,1384
helio,1384
jovencitas,1384
reglamentos,1384
sweet,1384
atrevía,1383
balazo,1383
clon,1383
conseguirla,1383
dijeran,1383
disgustada,1383
